{"type":"FeatureCollection","features":[{"id":"0","type":"Feature","properties":{},"geometry":{"type":"MultiPolygon","coordinates":[[[[-4.8,5.1],[-4.1,5.3],[-4.0,5.2],[-4.8,5.1]]],[[[-4.8,5.2],[-7.7,4.4],[-12.5,7.4],[-12.2,7.6],[-13.7,10.0],[-15.1,10.8],[-13.7,12.7],[-16.8,12.4],[-13.8,13.5],[-17.5,14.8],[-16.0,17.7],[-16.2,20.2],[-17.1,20.8],[-16.0,23.7],[-5.5,35.9],[-2.0,35.1],[9.9,37.3],[11.1,36.9],[10.3,33.7],[19.0,30.3],[21.7,32.9],[29.0,30.8],[30.4,31.5],[30.6,31.4],[31.0,31.6],[31.9,31.5],[32.6,29.0],[35.1,24.5],[35.8,23.9],[35.7,23.0],[36.9,22.0],[37.4,18.8],[39.7,15.1],[43.1,12.8],[41.8,11.0],[51.3,11.8],[48.0,4.5],[40.2,-2.7],[39.2,-4.7],[38.8,-6.0],[40.8,-14.7],[34.6,-19.6],[35.5,-24.2],[32.8,-25.6],[32.4,-28.5],[27.9,-33.0],[20.0,-34.8],[18.4,-34.3],[11.8,-18.0],[13.8,-11.8],[13.1,-4.6],[12.0,-5.0],[8.7,-0.6],[9.0,-0.8],[9.3,-0.3],[9.3,0.4],[9.5,0.2],[9.7,0.1],[9.9,0.2],[9.6,1.0],[11.4,1.0],[11.3,2.2],[8.6,4.8],[6.1,4.3],[3.8,6.6],[1.6,6.2],[0.9,11.0],[-0.1,11.1],[1.0,5.8],[-2.1,4.7],[-3.1,5.4],[-3.3,5.1],[-3.8,5.4],[-4.8,5.2]],[[32.0,-27.3],[30.8,-26.4],[31.2,-27.2],[32.0,-27.3]],[[29.6,-1.4],[28.9,-2.5],[29.4,-4.4],[30.9,-3.2],[29.6,-1.4]],[[27.6,-30.4],[29.2,-29.9],[29.3,-29.1],[27.8,-28.9],[27.6,-30.4]],[[29.3,-25.3],[27.2,-26.4],[28.3,-26.9],[29.3,-25.3]],[[21.0,-18.3],[23.6,-18.5],[25.3,-17.8],[24.2,-17.5],[21.0,-18.3]]],[[[48.0,-14.8],[48.8,-13.4],[49.3,-11.9],[50.5,-15.4],[49.6,-15.6],[47.1,-24.9],[45.2,-25.6],[43.2,-22.3],[43.9,-17.5],[44.5,-16.2],[46.5,-16.0],[46.3,-15.6],[47.2,-15.4],[47.5,-14.7],[48.0,-14.8]]],[[[49.9,-16.9],[49.9,-16.9],[49.8,-17.1],[49.9,-16.9]]],[[[49.6,-12.6],[49.6,-12.6],[49.6,-12.6],[49.6,-12.6]]],[[[48.4,-13.4],[48.2,-13.3],[48.3,-13.2],[48.4,-13.4]]],[[[47.2,-15.4],[47.2,-15.4],[47.2,-15.4],[47.2,-15.4]]],[[[41.0,-2.2],[41.1,-2.0],[41.2,-2.1],[41.0,-2.2]]],[[[40.0,15.6],[40.2,15.6],[40.4,15.6],[40.0,15.6]]],[[[40.0,16.0],[40.0,16.1],[40.1,16.0],[40.0,16.0]]],[[[39.8,-16.4],[39.9,-16.3],[39.9,-16.4],[39.8,-16.4]]],[[[39.8,-7.9],[39.8,-7.8],[39.9,-7.6],[39.8,-7.9]]],[[[39.9,-5.3],[39.7,-4.9],[39.9,-4.9],[39.9,-5.3]]],[[[39.2,-6.2],[39.3,-5.7],[39.5,-6.5],[39.2,-6.2]]],[[[37.3,20.8],[37.2,20.8],[37.3,20.8],[37.3,20.8]]],[[[35.5,-21.8],[35.5,-21.5],[35.5,-21.5],[35.5,-21.8]]],[[[34.0,27.5],[34.0,27.5],[34.0,27.4],[34.0,27.5]]],[[[34.0,26.8],[34.0,26.7],[34.0,26.7],[34.0,26.8]]],[[[32.9,-26.1],[33.0,-26.0],[33.0,-26.0],[32.9,-26.1]]],[[[32.0,31.2],[32.1,31.1],[32.0,31.1],[32.0,31.2]]],[[[12.8,-5.9],[12.8,-5.9],[13.0,-5.9],[12.8,-5.9]]],[[[11.7,-16.8],[11.7,-16.5],[11.8,-16.8],[11.7,-16.8]]],[[[11.3,34.7],[11.2,34.8],[11.3,34.8],[11.3,34.7]]],[[[11.0,34.6],[11.0,34.7],[11.1,34.6],[11.0,34.6]]],[[[10.9,33.6],[10.7,33.9],[11.1,33.8],[10.9,33.6]]],[[[10.8,37.1],[10.8,37.1],[10.8,37.1],[10.8,37.1]]],[[[9.6,3.6],[9.7,3.6],[9.6,3.6],[9.6,3.6]]],[[[9.5,0.3],[9.6,0.3],[9.5,0.3],[9.5,0.3]]],[[[9.0,-0.8],[9.0,-0.6],[9.0,-0.7],[9.0,-0.8]]],[[[8.9,37.5],[8.9,37.5],[8.9,37.5],[8.9,37.5]]],[[[7.3,4.4],[7.4,4.5],[7.5,4.5],[7.3,4.4]]],[[[7.3,4.4],[7.2,4.5],[7.3,4.5],[7.3,4.4]]],[[[-12.6,7.6],[-12.6,7.4],[-13.0,7.6],[-12.6,7.6]]],[[[-16.5,19.7],[-16.3,19.9],[-16.4,19.6],[-16.5,19.7]]]]}},{"id":"1","type":"Feature","properties":{},"geometry":{"type":"MultiPolygon","coordinates":[[[[69.6,-67.7],[67.4,-72.1],[68.7,-72.4],[69.4,-72.4],[71.4,-71.5],[72.9,-70.0],[87.5,-66.9],[88.2,-66.0],[89.0,-66.8],[108.8,-66.8],[113.3,-65.7],[128.8,-67.1],[134.2,-66.2],[134.4,-64.9],[134.9,-66.1],[151.2,-69.0],[153.8,-68.3],[154.9,-69.1],[161.0,-70.3],[167.7,-70.8],[171.0,-71.9],[162.3,-76.2],[164.2,-78.1],[165.5,-78.0],[165.7,-78.4],[167.1,-78.5],[167.3,-78.7],[160.5,-79.0],[158.1,-80.3],[168.7,-83.1],[167.5,-83.4],[180.0,-84.3],[180.0,-90.0],[-180.0,-90.0],[-180.0,-84.3],[-138.6,-85.0],[-153.1,-84.0],[-151.8,-82.6],[-157.0,-81.3],[-145.5,-80.5],[-155.9,-78.7],[-153.8,-78.3],[-157.8,-77.1],[-149.7,-77.8],[-146.3,-77.5],[-145.5,-76.8],[-146.9,-76.5],[-149.5,-76.4],[-145.5,-76.4],[-134.3,-74.5],[-99.5,-75.1],[-103.0,-73.6],[-99.2,-73.6],[-103.0,-73.3],[-103.2,-72.7],[-82.1,-73.9],[-80.7,-73.1],[-77.0,-73.9],[-69.4,-73.2],[-66.8,-72.4],[-68.8,-69.4],[-66.7,-69.0],[-66.4,-67.5],[-67.6,-67.2],[-57.3,-63.2],[-62.5,-65.9],[-60.6,-65.9],[-60.9,-66.3],[-65.6,-67.6],[-65.3,-68.7],[-63.9,-68.8],[-64.4,-68.5],[-63.6,-68.4],[-62.7,-68.4],[-64.0,-68.5],[-60.9,-71.7],[-62.6,-72.0],[-60.9,-72.0],[-61.5,-72.4],[-60.6,-73.0],[-59.8,-72.9],[-60.6,-73.4],[-61.9,-73.1],[-60.6,-73.7],[-61.9,-74.8],[-70.5,-76.7],[-77.8,-75.9],[-72.8,-77.6],[-84.1,-78.4],[-58.2,-83.0],[-28.3,-80.3],[-30.2,-79.7],[-27.1,-79.0],[-36.3,-78.8],[-17.8,-75.7],[-13.7,-73.9],[-16.9,-73.8],[-9.9,-70.9],[-8.4,-71.8],[-6.0,-70.7],[-0.3,-71.7],[8.7,-70.1],[23.2,-70.5],[34.1,-68.5],[38.7,-70.0],[41.1,-68.5],[48.2,-67.6],[49.2,-66.9],[49.2,-67.1],[50.7,-67.2],[53.8,-65.8],[59.1,-67.4],[69.6,-67.7]]],[[[169.9,-73.6],[169.7,-73.3],[169.9,-73.3],[169.9,-73.6]]],[[[169.5,-77.5],[166.7,-77.9],[166.2,-77.5],[169.5,-77.5]]],[[[168.4,-76.2],[168.5,-76.2],[168.6,-76.2],[168.4,-76.2]]],[[[167.5,-78.2],[167.4,-78.0],[167.7,-78.1],[167.5,-78.2]]],[[[166.1,-78.3],[166.1,-78.1],[166.8,-78.2],[166.1,-78.3]]],[[[164.9,-67.6],[164.6,-67.3],[164.7,-67.3],[164.9,-67.6]]],[[[163.3,-70.4],[163.4,-70.3],[163.5,-70.4],[163.3,-70.4]]],[[[163.0,-66.7],[163.1,-66.6],[163.1,-66.7],[163.0,-66.7]]],[[[162.4,-66.4],[162.4,-66.2],[162.6,-66.4],[162.4,-66.4]]],[[[161.9,-79.0],[162.1,-79.0],[162.2,-79.1],[161.9,-79.0]]],[[[155.9,-69.1],[155.5,-69.1],[155.5,-69.0],[155.9,-69.1]]],[[[155.2,-69.0],[155.1,-68.9],[155.3,-69.0],[155.2,-69.0]]],[[[103.5,-65.5],[102.9,-65.3],[102.8,-65.1],[103.5,-65.5]]],[[[101.0,-65.4],[100.5,-65.7],[100.2,-65.6],[101.0,-65.4]]],[[[100.7,-65.9],[100.9,-65.8],[101.0,-65.8],[100.7,-65.9]]],[[[100.9,-66.0],[100.9,-66.0],[101.0,-66.0],[100.9,-66.0]]],[[[100.8,-66.0],[100.8,-66.0],[100.8,-66.0],[100.8,-66.0]]],[[[100.6,-66.1],[100.8,-66.1],[100.5,-66.2],[100.6,-66.1]]],[[[100.2,-66.2],[100.3,-66.1],[100.4,-66.2],[100.2,-66.2]]],[[[99.2,-66.7],[99.5,-66.6],[99.2,-66.7],[99.2,-66.7]]],[[[98.7,-66.5],[98.7,-66.4],[98.9,-66.5],[98.7,-66.5]]],[[[97.2,-66.5],[97.2,-66.4],[97.4,-66.4],[97.2,-66.5]]],[[[96.7,-66.3],[96.5,-66.1],[96.9,-66.2],[96.7,-66.3]]],[[[92.5,-65.8],[92.5,-65.7],[92.8,-65.8],[92.5,-65.8]]],[[[86.5,-66.8],[86.5,-66.7],[86.7,-66.7],[86.5,-66.8]]],[[[86.0,-67.0],[85.4,-66.7],[86.2,-66.9],[86.0,-67.0]]],[[[85.2,-66.6],[85.3,-66.5],[85.4,-66.6],[85.2,-66.6]]],[[[72.1,-70.6],[71.8,-70.3],[72.3,-70.6],[72.1,-70.6]]],[[[69.8,-72.0],[69.9,-71.9],[70.0,-71.9],[69.8,-72.0]]],[[[68.4,-72.2],[68.8,-72.2],[68.4,-72.3],[68.4,-72.2]]],[[[59.3,-67.3],[59.3,-67.3],[59.3,-67.3],[59.3,-67.3]]],[[[58.8,-67.1],[58.9,-67.1],[58.8,-67.1],[58.8,-67.1]]],[[[58.6,-67.1],[58.7,-67.1],[58.5,-67.1],[58.6,-67.1]]],[[[50.1,-67.1],[50.3,-67.1],[50.3,-67.1],[50.1,-67.1]]],[[[48.4,-66.9],[48.4,-66.8],[48.8,-66.8],[48.4,-66.9]]],[[[47.9,-67.6],[47.5,-67.7],[47.4,-67.6],[47.9,-67.6]]],[[[38.1,-69.6],[38.2,-69.6],[38.3,-69.7],[38.1,-69.6]]],[[[16.1,-70.2],[15.6,-69.9],[16.4,-70.0],[16.1,-70.2]]],[[[13.0,-70.0],[12.8,-70.2],[12.5,-70.1],[13.0,-70.0]]],[[[3.0,-70.6],[2.8,-70.4],[3.3,-70.5],[3.0,-70.6]]],[[[2.0,-70.7],[2.1,-70.6],[2.2,-70.7],[2.0,-70.7]]],[[[0.4,-71.1],[0.4,-71.0],[0.6,-71.1],[0.4,-71.1]]],[[[-1.9,-70.2],[-1.9,-70.2],[-1.8,-70.2],[-1.9,-70.2]]],[[[-2.7,-71.0],[-3.4,-70.7],[-2.0,-70.8],[-2.7,-71.0]]],[[[-3.0,-70.3],[-3.1,-70.5],[-3.3,-70.5],[-3.0,-70.3]]],[[[-6.0,-70.4],[-6.2,-70.6],[-6.4,-70.5],[-6.0,-70.4]]],[[[-7.9,-70.7],[-7.9,-70.7],[-7.7,-70.7],[-7.9,-70.7]]],[[[-20.5,-74.1],[-20.1,-74.9],[-21.6,-74.5],[-20.5,-74.1]]],[[[-37.5,-78.6],[-39.0,-78.7],[-41.9,-78.6],[-37.5,-78.6]]],[[[-54.9,-80.7],[-47.0,-77.9],[-43.3,-79.6],[-54.9,-80.7]]],[[[-44.8,-60.7],[-44.4,-60.7],[-44.7,-60.8],[-44.8,-60.7]]],[[[-45.1,-60.7],[-45.0,-60.7],[-45.0,-60.7],[-45.1,-60.7]]],[[[-45.1,-60.8],[-45.8,-60.6],[-46.0,-60.6],[-45.1,-60.8]]],[[[-54.2,-61.2],[-54.0,-61.3],[-54.2,-61.3],[-54.2,-61.2]]],[[[-55.2,-61.3],[-55.4,-61.1],[-54.6,-61.1],[-55.2,-61.3]]],[[[-55.2,-63.4],[-56.0,-63.1],[-55.0,-63.3],[-55.2,-63.4]]],[[[-56.0,-63.6],[-56.0,-63.4],[-55.7,-63.5],[-56.0,-63.6]]],[[[-56.3,-63.2],[-56.1,-63.0],[-56.0,-63.1],[-56.3,-63.2]]],[[[-56.8,-64.2],[-56.6,-64.3],[-56.9,-64.3],[-56.8,-64.2]]],[[[-57.1,-64.5],[-57.4,-64.4],[-56.9,-64.3],[-57.1,-64.5]]],[[[-58.0,-64.4],[-57.8,-63.8],[-57.0,-64.2],[-58.0,-64.4]]],[[[-57.2,-63.9],[-57.7,-63.8],[-57.0,-63.8],[-57.2,-63.9]]],[[[-58.6,-62.3],[-58.4,-61.9],[-57.6,-62.0],[-58.6,-62.3]]],[[[-59.0,-62.3],[-59.0,-62.2],[-58.8,-62.3],[-59.0,-62.3]]],[[[-59.5,-62.5],[-59.3,-62.4],[-59.3,-62.4],[-59.5,-62.5]]],[[[-59.5,-65.1],[-59.5,-65.3],[-59.8,-65.1],[-59.5,-65.1]]],[[[-59.7,-62.6],[-59.7,-62.4],[-59.5,-62.5],[-59.7,-62.6]]],[[[-59.8,-62.6],[-60.3,-62.6],[-61.1,-62.7],[-61.2,-62.6],[-59.8,-62.6]]],[[[-60.6,-79.6],[-62.0,-80.8],[-67.0,-80.2],[-60.6,-79.6]]],[[[-60.4,-72.3],[-60.4,-72.2],[-60.3,-72.2],[-60.4,-72.3]]],[[[-60.6,-63.0],[-60.5,-62.9],[-60.5,-62.9],[-60.6,-63.0]]],[[[-60.5,-71.1],[-60.7,-70.9],[-60.5,-71.0],[-60.5,-71.1]]],[[[-60.8,-63.9],[-60.7,-63.6],[-60.5,-63.7],[-60.8,-63.9]]],[[[-60.8,-70.7],[-61.0,-70.5],[-60.6,-70.6],[-60.8,-70.7]]],[[[-60.9,-68.7],[-60.9,-68.7],[-61.1,-68.7],[-60.9,-68.7]]],[[[-61.1,-72.5],[-61.0,-72.5],[-61.0,-72.5],[-61.1,-72.5]]],[[[-61.4,-62.8],[-61.3,-62.7],[-61.2,-62.7],[-61.4,-62.8]]],[[[-61.3,-70.0],[-61.5,-69.9],[-61.3,-69.9],[-61.3,-70.0]]],[[[-61.7,-69.5],[-62.4,-69.2],[-62.3,-69.1],[-61.7,-69.5]]],[[[-62.2,-63.3],[-62.0,-63.2],[-61.9,-63.3],[-62.2,-63.3]]],[[[-62.7,-64.5],[-62.4,-64.0],[-62.0,-64.2],[-62.7,-64.5]]],[[[-62.6,-63.0],[-62.3,-62.9],[-62.7,-63.1],[-62.6,-63.0]]],[[[-63.6,-64.8],[-63.4,-64.3],[-62.8,-64.6],[-63.6,-64.8]]],[[[-63.3,-64.9],[-63.2,-64.7],[-63.1,-64.7],[-63.3,-64.9]]],[[[-63.5,-68.8],[-63.6,-68.8],[-63.4,-68.8],[-63.5,-68.8]]],[[[-65.8,-65.8],[-65.9,-65.5],[-65.6,-65.5],[-65.8,-65.8]]],[[[-66.8,-66.3],[-66.6,-66.2],[-66.8,-66.3],[-66.8,-66.3]]],[[[-67.5,-67.8],[-67.5,-67.6],[-67.1,-67.6],[-67.5,-67.8]]],[[[-67.3,-66.9],[-67.4,-66.7],[-67.2,-66.8],[-67.3,-66.9]]],[[[-70.5,-79.6],[-71.1,-79.0],[-67.3,-78.5],[-70.5,-79.6]]],[[[-67.6,-66.6],[-68.6,-67.7],[-69.2,-67.5],[-67.6,-66.6]]],[[[-68.3,-71.0],[-70.5,-72.7],[-75.5,-71.7],[-70.6,-71.2],[-72.5,-70.6],[-70.5,-68.8],[-68.3,-71.0]]],[[[-68.8,-72.5],[-68.7,-72.4],[-68.6,-72.4],[-68.8,-72.5]]],[[[-72.4,-69.5],[-72.7,-69.7],[-72.9,-69.6],[-72.4,-69.5]]],[[[-73.5,-73.1],[-73.9,-73.4],[-74.1,-73.3],[-73.5,-73.1]]],[[[-73.6,-70.7],[-76.4,-71.2],[-76.6,-71.1],[-73.6,-70.7]]],[[[-74.8,-72.8],[-74.6,-73.7],[-76.1,-73.2],[-74.8,-72.8]]],[[[-74.5,-70.0],[-75.6,-70.1],[-75.9,-70.0],[-74.5,-70.0]]],[[[-79.2,-72.4],[-77.6,-72.9],[-79.4,-73.0],[-79.2,-72.4]]],[[[-78.4,-73.4],[-77.8,-73.2],[-77.6,-73.3],[-78.4,-73.4]]],[[[-89.8,-73.1],[-89.9,-72.8],[-89.5,-72.9],[-89.8,-73.1]]],[[[-90.6,-68.9],[-90.6,-68.8],[-90.5,-68.9],[-90.6,-68.9]]],[[[-90.9,-72.5],[-91.4,-73.2],[-91.6,-72.6],[-90.9,-72.5]]],[[[-93.2,-72.6],[-93.5,-72.6],[-93.2,-72.6],[-93.2,-72.6]]],[[[-94.1,-72.9],[-93.8,-72.8],[-93.7,-72.9],[-94.1,-72.9]]],[[[-94.9,-72.6],[-95.5,-72.6],[-94.7,-72.6],[-94.9,-72.6]]],[[[-95.7,-72.4],[-99.3,-72.3],[-102.6,-72.1],[-95.7,-72.4]]],[[[-98.1,-72.7],[-98.0,-72.6],[-97.8,-72.7],[-98.1,-72.7]]],[[[-99.4,-72.8],[-100.9,-72.7],[-98.9,-72.7],[-99.4,-72.8]]],[[[-105.0,-73.2],[-105.0,-72.9],[-104.6,-73.2],[-105.0,-73.2]]],[[[-115.9,-73.9],[-116.3,-74.2],[-117.2,-74.2],[-115.9,-73.9]]],[[[-117.2,-74.3],[-116.8,-74.2],[-117.2,-74.3],[-117.2,-74.3]]],[[[-119.2,-73.8],[-122.3,-74.4],[-123.2,-73.7],[-119.2,-73.8]]],[[[-126.3,-73.2],[-123.7,-74.1],[-127.4,-73.4],[-126.3,-73.2]]],[[[-127.0,-74.4],[-127.9,-74.4],[-128.2,-74.3],[-127.0,-74.4]]],[[[-131.5,-74.3],[-131.1,-74.5],[-132.0,-74.4],[-131.5,-74.3]]],[[[-132.2,-74.4],[-132.5,-74.5],[-132.7,-74.4],[-132.2,-74.4]]],[[[-143.1,-75.5],[-143.1,-75.5],[-143.0,-75.5],[-143.1,-75.5]]],[[[-145.6,-75.5],[-145.5,-75.7],[-145.9,-75.6],[-145.6,-75.5]]],[[[-146.9,-77.0],[-146.6,-76.8],[-146.2,-76.9],[-146.9,-77.0]]],[[[-146.7,-76.3],[-147.3,-76.1],[-146.6,-76.3],[-146.7,-76.3]]],[[[-147.1,-76.5],[-146.8,-76.7],[-147.3,-76.6],[-147.1,-76.5]]],[[[-146.9,-75.9],[-146.9,-75.8],[-146.8,-75.8],[-146.9,-75.9]]],[[[-147.3,-77.2],[-147.1,-77.2],[-147.1,-77.2],[-147.3,-77.2]]],[[[-147.6,-76.6],[-147.5,-76.6],[-147.3,-76.6],[-147.6,-76.6]]],[[[-147.8,-76.7],[-147.7,-76.6],[-147.4,-76.7],[-147.8,-76.7]]],[[[-147.6,-77.3],[-148.8,-77.3],[-148.9,-77.3],[-147.6,-77.3]]],[[[-147.7,-77.1],[-147.7,-77.0],[-147.6,-77.1],[-147.7,-77.1]]],[[[-148.9,-76.8],[-148.9,-76.7],[-148.2,-76.8],[-148.9,-76.8]]],[[[-148.8,-77.0],[-148.6,-76.9],[-148.2,-77.0],[-148.8,-77.0]]],[[[-148.5,-76.7],[-148.7,-76.6],[-148.4,-76.7],[-148.5,-76.7]]],[[[-149.0,-77.4],[-148.8,-77.4],[-148.7,-77.4],[-149.0,-77.4]]],[[[-149.2,-77.4],[-149.2,-77.3],[-148.8,-77.3],[-149.2,-77.4]]],[[[-150.6,-76.9],[-149.1,-77.1],[-150.7,-77.0],[-150.6,-76.9]]],[[[-150.5,-76.7],[-149.8,-76.7],[-150.7,-76.7],[-150.5,-76.7]]],[[[-151.2,-77.3],[-150.7,-77.2],[-150.1,-77.3],[-151.2,-77.3]]],[[[-158.5,-79.7],[-162.6,-79.6],[-163.8,-79.2],[-158.5,-79.7]]]]}},{"id":"2","type":"Feature","properties":{},"geometry":{"type":"MultiPolygon","coordinates":[[[[180.0,71.5],[178.8,70.8],[178.6,71.0],[180.0,71.5]]],[[[43.2,13.9],[42.7,16.7],[38.7,23.4],[35.2,28.1],[34.6,28.1],[36.6,34.2],[36.2,36.8],[27.5,36.6],[26.2,40.0],[33.3,42.0],[40.1,40.9],[42.6,41.5],[42.2,43.2],[46.5,42.9],[46.4,44.0],[40.0,43.4],[36.6,45.2],[40.1,46.8],[46.9,44.8],[50.4,40.4],[49.1,37.7],[54.0,36.8],[52.7,40.3],[54.7,41.1],[53.7,42.1],[52.9,41.0],[50.2,44.4],[53.2,45.3],[53.2,46.7],[48.6,46.6],[46.5,48.4],[46.9,49.9],[50.8,51.8],[61.4,50.8],[58.8,52.5],[59.9,54.9],[57.2,54.8],[59.6,55.6],[57.2,56.8],[59.5,58.5],[58.3,59.5],[59.5,64.5],[66.1,67.5],[64.9,69.3],[68.5,68.3],[66.6,71.0],[69.3,72.9],[72.8,72.7],[71.8,71.5],[73.6,68.4],[71.6,66.6],[70.7,66.5],[70.7,66.8],[70.3,66.7],[69.9,66.8],[69.0,66.8],[69.4,66.5],[72.0,66.2],[74.6,68.8],[76.6,69.0],[77.1,67.8],[77.8,67.6],[79.0,67.6],[77.6,68.9],[73.7,69.2],[74.3,70.7],[73.0,71.4],[74.8,72.8],[75.2,71.4],[76.9,71.1],[78.4,70.9],[79.0,70.9],[79.1,71.0],[76.1,71.9],[83.3,71.7],[82.1,70.6],[83.1,70.9],[82.6,70.2],[83.1,70.1],[83.7,70.5],[83.6,71.6],[80.5,73.6],[86.8,73.0],[85.8,73.5],[87.2,73.6],[87.7,73.9],[86.0,74.8],[86.9,74.6],[94.2,75.9],[92.9,75.9],[93.2,76.1],[100.2,75.2],[98.8,76.5],[104.1,77.7],[106.3,77.4],[104.1,77.1],[107.5,76.9],[106.4,76.5],[113.9,75.8],[112.3,75.8],[113.7,75.4],[107.1,73.6],[105.2,72.8],[118.6,73.6],[119.8,72.9],[121.9,73.0],[122.1,72.9],[123.3,72.7],[124.7,72.6],[125.6,72.3],[126.1,72.3],[126.4,72.4],[127.2,71.4],[127.7,72.3],[131.1,70.7],[132.7,71.9],[137.9,71.1],[139.9,71.5],[139.1,72.2],[140.7,72.9],[159.1,70.9],[160.8,68.5],[164.0,69.8],[170.6,68.8],[170.5,70.1],[180.0,69.0],[180.0,65.1],[179.5,64.8],[178.5,64.6],[176.9,65.1],[174.4,64.7],[177.5,64.8],[179.6,62.6],[170.2,59.9],[163.6,60.0],[161.9,58.1],[163.4,56.2],[156.7,50.9],[155.5,55.3],[156.7,57.7],[165.6,62.5],[160.1,60.6],[160.4,61.9],[157.5,61.8],[154.7,59.1],[149.6,59.8],[142.6,59.2],[135.2,54.9],[141.4,53.3],[140.2,48.4],[135.1,43.5],[131.8,43.3],[127.5,39.7],[129.6,36.0],[129.1,35.1],[127.6,34.9],[127.3,34.4],[126.7,37.8],[124.7,38.1],[125.4,39.6],[124.4,40.1],[121.2,38.7],[122.0,40.7],[118.3,39.0],[117.5,40.7],[115.7,40.6],[119.2,37.2],[122.6,37.4],[119.2,34.9],[121.9,31.7],[120.6,32.1],[120.1,31.9],[119.8,32.3],[119.8,32.3],[119.6,32.3],[119.9,32.0],[120.1,31.9],[120.7,32.0],[121.3,31.5],[120.1,30.2],[122.1,29.9],[121.4,29.5],[121.9,29.6],[122.0,29.3],[120.6,28.1],[120.1,26.6],[119.6,26.8],[119.9,26.4],[119.1,26.1],[118.6,24.5],[118.2,24.7],[115.5,22.7],[113.5,23.1],[110.4,21.4],[110.1,20.9],[110.3,20.3],[109.6,21.7],[105.4,23.3],[100.2,21.4],[98.9,24.2],[97.5,23.9],[98.7,27.5],[96.1,29.5],[88.9,27.3],[81.1,30.0],[78.8,31.3],[78.1,35.5],[74.7,37.1],[71.6,36.5],[71.1,34.1],[66.3,29.9],[60.9,29.9],[63.3,27.1],[61.4,25.1],[57.3,25.8],[56.8,27.1],[56.1,27.2],[54.8,26.5],[53.7,26.7],[50.0,30.2],[47.2,30.0],[46.5,29.1],[51.3,24.3],[52.1,24.0],[54.1,24.1],[54.4,24.3],[56.0,25.9],[56.2,26.3],[56.5,26.4],[56.6,24.5],[59.8,22.3],[55.0,17.0],[45.1,12.8],[43.2,13.9]],[[47.3,39.8],[46.6,39.6],[47.0,39.4],[47.3,39.8]],[[45.0,41.3],[43.7,40.1],[46.5,38.9],[45.6,40.0],[46.0,40.2],[45.4,40.6],[45.6,40.9],[45.0,41.3]],[[45.5,40.7],[45.5,40.6],[45.6,40.6],[45.5,40.7]]],[[[170.0,69.8],[170.2,69.8],[170.0,69.7],[170.0,69.8]]],[[[168.3,70.0],[168.8,69.6],[167.8,69.8],[168.3,70.0]]],[[[167.4,54.9],[167.7,54.8],[168.1,54.5],[167.4,54.9]]],[[[165.8,55.3],[166.6,54.8],[166.7,54.7],[165.8,55.3]]],[[[163.4,58.5],[164.5,59.2],[164.7,59.0],[163.4,58.5]]],[[[162.5,70.7],[162.3,70.6],[162.2,70.7],[162.5,70.7]]],[[[161.5,70.8],[161.7,70.8],[161.7,70.7],[161.5,70.8]]],[[[161.4,69.5],[161.6,69.6],[161.6,69.5],[161.4,69.4],[161.4,69.5]]],[[[161.4,68.9],[161.1,69.1],[161.1,69.5],[161.4,69.5],[161.3,69.2],[161.5,68.9],[161.4,68.9]]],[[[160.5,70.8],[160.5,70.9],[160.7,70.8],[160.5,70.8]]],[[[156.6,77.1],[156.6,77.1],[156.4,77.1],[156.6,77.1]]],[[[155.5,59.4],[155.6,59.3],[155.5,59.3],[155.5,59.4]]],[[[152.5,76.2],[152.8,76.1],[152.5,76.2],[152.5,76.2]]],[[[146.1,75.2],[147.0,75.3],[151.0,75.1],[146.1,75.2]]],[[[150.5,59.1],[150.7,59.1],[150.5,59.0],[150.5,59.1]]],[[[148.7,76.7],[149.3,76.8],[148.4,76.6],[148.7,76.7]]],[[[149.0,59.2],[149.0,59.1],[148.9,59.1],[149.0,59.2]]],[[[143.7,44.1],[145.8,43.4],[140.0,41.5],[141.7,45.4],[143.7,44.1]]],[[[145.4,75.5],[139.1,74.6],[136.9,75.4],[138.8,76.2],[140.5,75.6],[141.1,75.6],[141.0,76.0],[141.6,76.0],[141.4,76.2],[145.4,75.5]]],[[[141.8,53.4],[143.0,54.1],[144.8,48.6],[143.0,49.1],[142.5,47.8],[143.5,46.8],[143.4,46.0],[141.8,46.4],[141.8,53.4]]],[[[143.9,44.1],[143.8,44.2],[144.0,44.1],[143.9,44.1]]],[[[139.7,73.4],[143.1,73.6],[143.5,73.2],[139.7,73.4]]],[[[132.4,34.4],[130.9,34.3],[136.1,35.6],[139.4,38.2],[140.3,41.2],[141.5,41.3],[140.4,35.2],[136.8,35.1],[135.8,33.5],[135.3,34.7],[132.4,34.4]]],[[[141.2,45.3],[141.2,45.1],[141.1,45.2],[141.2,45.3]]],[[[140.4,73.9],[140.5,74.3],[141.1,74.2],[140.4,73.9]]],[[[140.9,76.1],[141.1,76.1],[140.8,76.1],[140.9,76.1]]],[[[141.1,45.4],[141.0,45.3],[141.0,45.5],[141.1,45.4]]],[[[140.6,75.7],[140.8,75.7],[140.8,75.7],[140.6,75.7]]],[[[140.3,30.5],[140.3,30.5],[140.3,30.5],[140.3,30.5]]],[[[140.0,31.9],[140.0,31.9],[140.0,31.9],[140.0,31.9]]],[[[139.8,33.1],[139.8,33.0],[139.7,33.1],[139.8,33.1]]],[[[139.6,33.8],[139.6,33.9],[139.6,33.9],[139.6,33.8]]],[[[139.6,34.1],[139.5,34.1],[139.6,34.1],[139.6,34.1]]],[[[139.4,42.2],[139.5,42.1],[139.4,42.1],[139.4,42.2]]],[[[139.4,34.8],[139.4,34.7],[139.4,34.8],[139.4,34.8]]],[[[139.3,34.3],[139.3,34.4],[139.3,34.4],[139.3,34.3]]],[[[138.5,38.3],[138.5,37.9],[138.2,37.8],[138.5,38.3]]],[[[138.4,71.8],[138.4,71.9],[138.5,71.9],[138.4,71.8]]],[[[137.7,54.6],[137.6,55.2],[138.2,55.0],[137.7,54.6]]],[[[138.0,71.5],[137.3,71.4],[137.0,71.5],[138.0,71.5]]],[[[137.8,54.4],[137.9,54.5],[137.7,54.4],[137.8,54.4]]],[[[137.5,54.5],[137.6,54.5],[137.6,54.4],[137.5,54.5]]],[[[136.8,55.0],[137.0,54.9],[136.7,54.9],[136.8,55.0]]],[[[137.0,37.2],[137.0,37.1],[136.9,37.1],[137.0,37.2]]],[[[135.9,74.1],[136.1,73.9],[135.4,74.3],[135.9,74.1]]],[[[135.4,75.4],[135.7,75.8],[136.2,75.6],[135.4,75.4]]],[[[134.9,34.3],[134.9,34.5],[135.0,34.6],[134.9,34.3]]],[[[133.3,36.3],[133.3,36.2],[133.2,36.3],[133.3,36.3]]],[[[133.1,36.0],[133.1,36.1],[133.1,36.1],[133.1,36.0]]],[[[133.1,36.1],[133.0,36.1],[133.1,36.1],[133.1,36.1]]],[[[133.0,36.0],[133.0,36.0],[133.1,36.0],[133.0,36.0]]],[[[132.5,34.2],[132.6,34.1],[132.5,34.1],[132.5,34.2]]],[[[132.4,34.1],[132.5,34.3],[132.5,34.1],[132.4,34.1]]],[[[132.2,33.9],[132.3,33.9],[132.5,33.9],[132.2,33.9]]],[[[132.3,33.8],[132.2,33.8],[132.3,33.8],[132.3,33.8]]],[[[131.8,43.0],[131.9,43.1],[131.9,43.0],[131.8,43.0]]],[[[130.9,37.5],[130.8,37.5],[130.9,37.5],[130.9,37.5]]],[[[126.7,72.4],[127.8,72.6],[129.6,72.2],[128.8,72.1],[127.5,72.4],[126.7,72.4]]],[[[127.3,72.7],[127.7,72.7],[128.3,72.8],[129.4,72.7],[127.3,72.7]]],[[[128.3,72.8],[128.8,72.9],[129.3,72.8],[128.3,72.8]]],[[[126.8,73.1],[128.0,73.5],[129.1,73.1],[126.6,72.5],[126.5,72.4],[126.3,72.5],[126.4,72.8],[126.3,72.9],[126.7,73.0],[126.8,73.1]]],[[[128.6,72.7],[129.0,72.6],[128.1,72.6],[128.6,72.7]]],[[[128.8,34.9],[128.5,34.9],[128.7,35.0],[128.8,34.9]]],[[[128.0,34.8],[128.0,34.9],[128.1,34.8],[128.0,34.8]]],[[[127.9,34.9],[128.1,34.7],[127.8,34.8],[127.9,34.9]]],[[[127.6,73.5],[128.1,73.5],[127.4,73.5],[127.6,73.5]]],[[[127.8,34.6],[127.7,34.6],[127.8,34.7],[127.8,34.6]]],[[[127.8,34.5],[127.7,34.5],[127.7,34.5],[127.8,34.5]]],[[[127.2,34.5],[127.1,34.4],[127.1,34.5],[127.2,34.5]]],[[[126.8,33.6],[126.3,33.2],[126.2,33.3],[126.8,33.6]]],[[[126.7,34.4],[126.6,34.3],[126.7,34.4],[126.7,34.4]]],[[[122.4,73.0],[126.3,73.6],[126.7,73.1],[126.3,72.9],[126.1,72.3],[124.8,72.7],[122.4,73.0]]],[[[126.5,37.8],[126.4,37.6],[126.4,37.8],[126.5,37.8]]],[[[126.3,36.4],[126.4,36.6],[126.4,36.4],[126.3,36.4]]],[[[126.3,34.4],[126.1,34.4],[126.3,34.5],[126.3,34.4]]],[[[126.2,36.8],[126.2,36.8],[126.2,36.8],[126.2,36.8]]],[[[126.1,35.0],[126.1,35.1],[126.2,35.1],[126.1,35.0]]],[[[126.1,34.9],[126.0,34.9],[126.1,34.9],[126.1,34.9]]],[[[126.0,34.8],[125.9,34.7],[125.9,34.7],[126.0,34.8]]],[[[126.0,34.7],[125.9,34.7],[126.0,34.7],[126.0,34.7]]],[[[124.8,39.5],[124.9,39.6],[124.8,39.5],[124.8,39.5]]],[[[124.7,37.9],[124.6,38.0],[124.7,38.0],[124.7,37.9]]],[[[124.5,73.8],[124.5,73.9],[124.7,73.9],[124.5,73.8]]],[[[122.3,72.9],[123.2,72.9],[123.6,72.8],[122.8,72.8],[122.3,72.9]]],[[[122.4,30.4],[122.3,30.4],[122.3,30.5],[122.4,30.4]]],[[[122.3,29.9],[122.4,29.9],[122.4,29.8],[122.3,29.9]]],[[[122.0,30.1],[122.3,30.0],[122.3,29.9],[122.0,30.1]]],[[[122.1,30.3],[122.2,30.2],[122.1,30.3],[122.1,30.3]]],[[[122.2,29.7],[122.1,29.8],[122.2,29.7],[122.2,29.7]]],[[[121.9,29.1],[122.0,29.1],[121.9,29.1],[121.9,29.1]]],[[[121.8,30.1],[121.9,30.0],[121.8,30.0],[121.8,30.1]]],[[[121.3,39.4],[121.4,39.5],[121.4,39.4],[121.3,39.4]]],[[[121.1,28.1],[121.2,28.1],[121.1,28.1],[121.1,28.1]]],[[[119.6,73.1],[120.1,73.2],[120.3,73.1],[119.6,73.1]]],[[[119.7,32.3],[119.8,32.3],[119.9,32.1],[119.7,32.3]]],[[[119.7,25.5],[119.8,25.5],[119.8,25.4],[119.7,25.5]]],[[[119.3,26.0],[119.3,26.0],[119.2,26.1],[119.3,26.0]]],[[[119.3,25.5],[119.3,25.4],[119.3,25.4],[119.3,25.5]]],[[[118.1,24.6],[118.1,24.4],[118.1,24.5],[118.1,24.6]]],[[[117.4,23.8],[117.4,23.6],[117.3,23.6],[117.4,23.8]]],[[[117.2,40.1],[117.1,39.6],[116.7,40.0],[117.2,40.1]]],[[[117.1,23.4],[116.9,23.4],[117.1,23.5],[117.1,23.4]]],[[[116.7,20.7],[116.7,20.7],[116.7,20.7],[116.7,20.7]]],[[[115.9,74.4],[116.1,74.3],[115.9,74.3],[115.9,74.4]]],[[[113.6,22.8],[113.4,22.9],[113.6,22.8],[113.6,22.8]]],[[[113.6,22.7],[113.5,22.7],[113.5,22.7],[113.6,22.7]]],[[[113.2,76.4],[113.4,76.4],[113.1,76.4],[113.2,76.4]]],[[[112.8,74.1],[111.5,74.3],[113.4,74.4],[112.8,74.1]]],[[[113.3,22.1],[113.4,22.0],[113.3,22.0],[113.3,22.1]]],[[[113.3,22.1],[113.3,22.1],[113.4,22.2],[113.3,22.1]]],[[[112.8,21.6],[112.8,21.8],[112.9,21.8],[112.8,21.6]]],[[[112.6,76.4],[112.0,76.6],[112.7,76.5],[112.6,76.4]]],[[[112.6,21.6],[112.6,21.7],[112.6,21.7],[112.6,21.6]]],[[[111.8,21.6],[112.0,21.6],[111.8,21.6],[111.8,21.6]]],[[[110.6,20.9],[110.5,20.9],[110.6,20.9],[110.6,20.9]]],[[[110.6,21.2],[110.4,21.2],[110.5,21.2],[110.6,21.2]]],[[[110.3,21.1],[110.5,21.0],[110.2,21.0],[110.3,21.1]]],[[[109.1,21.1],[109.1,21.0],[109.1,21.1],[109.1,21.1]]],[[[108.3,21.7],[108.3,21.7],[108.3,21.7],[108.3,21.7]]],[[[106.5,78.1],[107.4,78.2],[107.7,78.1],[106.5,78.1]]],[[[107.2,77.2],[107.7,77.3],[107.7,77.3],[107.2,77.2]]],[[[106.7,77.5],[106.6,77.4],[106.5,77.4],[106.7,77.5]]],[[[106.0,78.2],[106.5,78.3],[106.8,78.3],[106.0,78.2]]],[[[106.4,77.3],[106.4,77.3],[106.5,77.3],[106.4,77.3]]],[[[105.9,77.3],[105.9,77.3],[105.8,77.3],[105.9,77.3]]],[[[104.8,78.3],[99.9,78.0],[99.3,78.0],[102.4,79.4],[104.8,78.3]]],[[[100.0,79.7],[99.9,79.6],[99.9,79.6],[100.0,79.7]]],[[[93.2,79.5],[95.0,80.1],[100.1,79.8],[98.6,78.8],[93.2,79.5]]],[[[99.9,79.4],[99.9,79.5],[100.0,79.4],[99.9,79.4]]],[[[92.1,80.2],[91.4,80.3],[98.0,80.7],[97.2,80.2],[94.8,80.1],[93.7,80.0],[92.1,80.2]]],[[[97.8,76.8],[97.9,76.8],[97.7,76.8],[97.8,76.8]]],[[[97.4,76.7],[97.5,76.6],[97.3,76.6],[97.4,76.7]]],[[[97.1,76.0],[96.7,76.0],[97.3,76.1],[97.1,76.0]]],[[[96.7,76.2],[97.0,76.3],[97.1,76.3],[96.7,76.2]]],[[[96.7,76.3],[96.7,76.3],[96.8,76.3],[96.7,76.3]]],[[[96.6,76.2],[95.3,76.2],[95.8,76.3],[96.3,76.3],[96.6,76.2]]],[[[96.6,77.1],[95.9,77.0],[95.2,77.0],[96.6,77.1]]],[[[96.2,76.6],[95.9,76.6],[96.5,76.7],[96.2,76.6]]],[[[95.8,76.7],[95.5,76.7],[95.4,76.7],[95.8,76.7]]],[[[95.1,76.7],[94.9,76.6],[94.8,76.6],[95.1,76.7]]],[[[95.1,76.2],[95.1,76.2],[95.2,76.2],[95.1,76.2]]],[[[94.8,76.2],[94.8,76.2],[94.4,76.2],[94.8,76.2]]],[[[94.1,76.6],[94.0,76.6],[94.4,76.6],[94.1,76.6]]],[[[94.0,80.0],[94.1,80.0],[93.9,80.0],[94.0,80.0]]],[[[91.9,79.7],[92.9,80.0],[93.8,79.9],[93.0,79.7],[91.9,79.7]]],[[[93.6,78.2],[93.6,78.2],[93.8,78.2],[93.6,78.2]]],[[[92.8,79.4],[92.7,79.4],[92.6,79.4],[92.8,79.4]]],[[[92.7,79.1],[92.2,79.1],[92.2,79.1],[92.7,79.1]]],[[[91.8,79.4],[92.3,79.4],[92.5,79.4],[92.2,79.4],[91.8,79.4]]],[[[91.9,77.6],[91.8,77.7],[92.0,77.6],[91.9,77.6]]],[[[91.6,79.7],[91.8,79.7],[91.9,79.7],[91.6,79.7]]],[[[91.0,81.1],[90.5,81.2],[91.6,81.1],[91.0,81.1]]],[[[91.2,79.5],[91.2,79.5],[90.8,79.5],[91.2,79.5]]],[[[89.8,77.1],[90.1,77.1],[90.2,77.1],[89.8,77.1]]],[[[89.1,77.2],[89.5,77.3],[89.7,77.3],[89.1,77.2]]],[[[88.9,77.1],[88.8,77.0],[89.0,77.1],[88.9,77.1]]],[[[87.1,74.9],[86.8,74.8],[86.2,74.9],[87.1,74.9]]],[[[86.4,73.6],[86.8,73.7],[86.9,73.7],[86.4,73.6]]],[[[86.2,74.0],[86.3,74.0],[86.5,73.9],[86.2,74.0]]],[[[85.7,74.5],[86.0,74.6],[86.2,74.5],[85.7,74.5]]],[[[85.7,74.1],[85.4,74.2],[85.7,74.2],[85.7,74.1]]],[[[85.5,74.8],[85.6,74.7],[85.1,74.7],[85.5,74.8]]],[[[85.5,74.5],[85.1,74.5],[85.7,74.5],[85.5,74.5]]],[[[84.7,74.5],[84.7,74.4],[84.4,74.4],[84.7,74.5]]],[[[84.2,74.0],[84.4,74.0],[83.9,74.0],[84.2,74.0]]],[[[83.6,70.4],[83.4,70.4],[83.6,70.5],[83.6,70.4]]],[[[83.1,74.1],[83.6,74.1],[82.8,74.1],[83.1,74.1]]],[[[83.1,70.7],[83.5,70.7],[83.1,70.4],[83.1,70.7]]],[[[82.9,75.9],[82.6,76.0],[83.3,75.9],[82.9,75.9]]],[[[82.9,70.3],[83.1,70.1],[82.8,70.2],[82.9,70.3]]],[[[82.7,74.1],[82.4,74.1],[82.3,74.1],[82.7,74.1]]],[[[82.3,77.5],[82.5,77.5],[82.1,77.5],[82.3,77.5]]],[[[82.2,75.5],[82.0,75.2],[81.5,75.4],[82.2,75.5]]],[[[82.3,75.9],[81.9,75.9],[81.6,75.9],[82.3,75.9]]],[[[82.1,75.1],[82.1,75.2],[82.2,75.1],[82.1,75.1]]],[[[79.0,80.8],[80.4,80.9],[80.4,80.9],[79.0,80.8]]],[[[80.1,73.6],[80.3,73.6],[80.4,73.5],[80.1,73.6]]],[[[79.1,74.6],[79.2,74.6],[79.6,74.6],[79.5,74.5],[79.1,74.6]]],[[[78.7,72.9],[79.6,72.7],[78.6,72.8],[78.7,72.9]]],[[[76.9,72.3],[77.6,72.6],[78.4,72.5],[76.9,72.3]]],[[[76.8,79.5],[76.0,79.6],[77.6,79.5],[76.8,79.5]]],[[[76.1,73.5],[76.7,73.5],[76.8,73.4],[76.1,73.5]]],[[[76.2,73.2],[76.7,73.2],[76.1,73.2],[76.2,73.2]]],[[[75.3,73.4],[76.0,73.6],[76.1,73.6],[75.3,73.4]]],[[[74.1,73.0],[74.9,73.1],[75.0,73.1],[74.1,73.0]]],[[[73.0,72.7],[73.0,72.6],[72.8,72.7],[73.0,72.7]]],[[[70.1,73.2],[70.9,73.5],[71.0,73.3],[71.7,73.2],[70.1,73.2]]],[[[71.2,73.4],[71.3,73.3],[71.1,73.3],[71.2,73.4]]],[[[70.1,66.5],[69.1,66.8],[70.1,66.7],[70.1,66.5]]],[[[70.0,66.8],[69.9,66.7],[69.8,66.8],[70.0,66.8]]],[[[69.3,66.7],[69.3,66.7],[69.2,66.7],[69.3,66.7]]],[[[67.2,68.8],[67.4,68.8],[67.1,68.8],[67.2,68.8]]],[[[67.1,69.6],[67.3,69.5],[67.0,69.5],[67.1,69.6]]],[[[67.1,69.4],[67.2,69.4],[67.2,69.4],[67.1,69.4]]],[[[66.0,69.1],[66.5,69.0],[66.5,68.9],[66.0,69.1]]],[[[58.7,20.2],[58.8,20.4],[58.9,20.7],[58.7,20.2]]],[[[56.5,27.0],[56.5,27.1],[56.5,27.1],[56.5,27.0]]],[[[56.3,26.8],[56.4,26.9],[56.4,26.9],[56.3,26.8]]],[[[56.3,27.0],[55.7,26.7],[55.3,26.6],[56.3,27.0]]],[[[56.1,17.6],[56.0,17.5],[56.0,17.5],[56.1,17.6]]],[[[55.9,17.5],[55.9,17.5],[55.8,17.5],[55.9,17.5]]],[[[55.6,26.8],[55.7,26.9],[55.7,26.8],[55.6,26.8]]],[[[55.6,25.6],[55.6,25.6],[55.6,25.6],[55.6,25.6]]],[[[54.5,24.5],[54.5,24.5],[54.5,24.5],[54.5,24.5]]],[[[54.4,24.5],[54.5,24.4],[54.3,24.5],[54.4,24.5]]],[[[54.5,24.6],[54.5,24.5],[54.4,24.5],[54.5,24.6]]],[[[54.2,24.3],[54.3,24.3],[54.2,24.3],[54.2,24.3]]],[[[53.9,26.5],[54.0,26.6],[54.1,26.5],[53.9,26.5]]],[[[53.8,24.1],[53.9,24.3],[54.0,24.2],[53.8,24.1]]],[[[53.4,24.4],[53.4,24.3],[53.4,24.3],[53.4,24.4]]],[[[53.3,24.3],[53.3,24.3],[53.2,24.3],[53.3,24.3]]],[[[53.2,26.8],[53.3,26.8],[53.3,26.8],[53.2,26.8]]],[[[53.1,24.3],[53.1,24.3],[53.1,24.4],[53.1,24.3]]],[[[53.1,38.8],[53.1,39.1],[53.1,39.1],[53.1,38.8]]],[[[53.0,46.3],[53.1,46.3],[53.0,46.2],[53.0,46.3]]],[[[52.6,24.3],[52.7,24.4],[52.6,24.3],[52.6,24.3]]],[[[50.3,44.9],[50.3,45.1],[50.3,45.1],[50.3,44.9]]],[[[50.3,29.3],[50.3,29.2],[50.3,29.2],[50.3,29.3]]],[[[50.2,44.8],[50.0,45.1],[50.1,45.1],[50.2,44.8]]],[[[49.5,27.3],[49.6,27.3],[49.6,27.3],[49.5,27.3]]],[[[47.7,44.0],[47.7,43.9],[47.6,43.9],[47.7,44.0]]],[[[45.2,41.0],[45.2,41.0],[45.2,41.0],[45.2,41.0]]],[[[45.0,41.1],[45.0,41.0],[45.0,41.1],[45.0,41.1]]],[[[43.4,12.7],[43.5,12.7],[43.4,12.6],[43.4,12.7]]],[[[42.7,14.0],[42.8,14.0],[42.8,13.9],[42.7,14.0]]],[[[42.7,13.7],[42.8,13.7],[42.7,13.7],[42.7,13.7]]],[[[42.6,15.3],[42.7,15.4],[42.6,15.3],[42.6,15.3]]],[[[42.1,16.6],[41.8,16.7],[41.8,16.9],[41.9,16.7],[42.1,16.8],[42.1,16.6]]],[[[41.9,17.0],[41.8,16.9],[41.8,17.0],[41.9,17.0]]],[[[37.0,25.0],[37.1,25.0],[37.1,25.0],[37.0,25.0]]],[[[35.7,27.1],[35.8,27.1],[35.7,27.1],[35.7,27.1]]],[[[33.8,28.0],[32.6,31.1],[33.7,31.1],[34.2,31.3],[33.8,28.0]]],[[[34.5,28.0],[34.5,27.9],[34.5,28.0],[34.5,28.0]]],[[[33.5,31.1],[33.3,31.2],[33.4,31.2],[33.5,31.2],[33.5,31.1]]],[[[33.3,31.2],[33.1,31.2],[33.2,31.2],[33.3,31.2]]],[[[27.6,40.6],[27.7,40.7],[27.7,40.6],[27.6,40.6]]],[[[26.0,39.8],[26.1,39.8],[26.1,39.8],[26.0,39.8]]],[[[25.7,40.1],[25.9,40.2],[26.0,40.2],[25.7,40.1]]],[[[-169.1,65.8],[-169.0,65.8],[-169.1,65.8],[-169.1,65.8]]],[[[-172.7,65.2],[-173.2,64.3],[-179.2,66.4],[-180.0,65.1],[-180.0,69.0],[-174.5,66.3],[-169.7,66.1],[-172.7,65.2]]],[[[-172.7,64.7],[-172.3,64.9],[-172.2,64.8],[-172.7,64.7]]],[[[-172.5,64.6],[-172.7,64.6],[-172.8,64.7],[-172.5,64.6]]],[[[-175.8,71.4],[-175.6,71.4],[-175.9,71.4],[-175.8,71.4]]],[[[-180.0,71.0],[-178.4,71.5],[-177.4,71.2],[-180.0,71.0]]]]}},{"id":"3","type":"Feature","properties":{},"geometry":{"type":"MultiPolygon","coordinates":[[[[154.1,-11.3],[154.3,-11.4],[154.0,-11.4],[154.1,-11.3]]],[[[153.6,-11.6],[153.2,-11.3],[153.8,-11.6],[153.6,-11.6]]],[[[153.2,-11.3],[153.1,-11.2],[153.2,-11.3],[153.2,-11.3]]],[[[152.8,-9.2],[152.8,-9.0],[153.0,-9.1],[152.8,-9.2]]],[[[152.7,-10.7],[152.8,-10.6],[152.9,-10.7],[152.7,-10.7]]],[[[151.3,-10.0],[150.8,-9.8],[150.8,-9.7],[151.3,-10.0]]],[[[151.1,-8.6],[151.1,-8.4],[151.1,-8.8],[151.1,-8.6]]],[[[150.9,-10.7],[151.1,-10.6],[151.1,-10.6],[150.9,-10.7]]],[[[150.8,-9.7],[150.5,-9.3],[150.9,-9.6],[150.8,-9.7]]],[[[150.8,-10.6],[150.9,-10.6],[150.9,-10.7],[150.8,-10.6]]],[[[147.0,-5.9],[150.7,-10.6],[147.6,-10.0],[146.1,-8.1],[144.5,-7.5],[142.1,-8.2],[142.6,-9.3],[138.9,-8.3],[139.2,-7.0],[138.1,-5.4],[133.8,-3.0],[132.9,-4.1],[132.8,-3.3],[132.0,-2.8],[133.7,-2.7],[133.9,-2.1],[131.0,-1.4],[134.0,-0.7],[134.2,-2.3],[135.3,-3.4],[137.9,-1.5],[147.0,-5.9]]],[[[150.2,-9.4],[150.3,-9.3],[150.3,-9.5],[150.2,-9.4]]],[[[146.2,-4.8],[146.3,-4.8],[146.2,-4.9],[146.2,-4.8]]],[[[146.0,-4.8],[146.0,-4.5],[146.1,-4.6],[146.0,-4.8]]],[[[145.2,-7.8],[145.2,-7.9],[145.2,-7.8],[145.2,-7.8]]],[[[145.0,-4.1],[145.1,-4.1],[145.1,-4.1],[145.0,-4.1]]],[[[143.9,-7.8],[144.0,-7.7],[144.0,-7.8],[143.9,-7.8]]],[[[143.7,-8.2],[143.7,-8.2],[143.7,-8.2],[143.7,-8.2]]],[[[143.6,-8.1],[143.7,-8.0],[143.7,-8.1],[143.6,-8.1]]],[[[143.7,-8.2],[143.7,-8.1],[143.7,-8.2],[143.7,-8.2]]],[[[143.6,-8.4],[143.7,-8.4],[143.7,-8.4],[143.6,-8.4]]],[[[143.3,-8.5],[143.5,-8.5],[143.6,-8.7],[143.3,-8.5]]],[[[143.5,-8.5],[143.6,-8.4],[143.6,-8.5],[143.5,-8.5]]],[[[138.0,-7.6],[138.8,-8.1],[137.6,-8.4],[138.0,-7.6]]],[[[138.8,-8.2],[138.6,-8.4],[138.5,-8.3],[138.8,-8.2]]],[[[138.7,-6.8],[138.7,-6.9],[138.6,-6.7],[138.7,-6.8]]],[[[136.2,-1.7],[136.9,-1.8],[135.4,-1.6],[136.2,-1.7]]],[[[135.9,-1.2],[135.9,-0.7],[136.4,-1.1],[135.9,-1.2]]],[[[135.3,-1.5],[135.1,-1.5],[135.1,-1.5],[135.3,-1.5]]],[[[135.0,-1.0],[134.8,-1.0],[134.8,-0.9],[135.0,-1.0]]],[[[134.9,-6.3],[134.8,-6.4],[134.9,-6.3],[134.9,-6.3]]],[[[134.6,-6.0],[134.6,-6.4],[134.3,-6.1],[134.6,-6.0]]],[[[134.6,-5.4],[134.3,-6.0],[134.2,-5.7],[134.6,-5.4]]],[[[134.7,-6.5],[134.6,-6.5],[134.7,-6.5],[134.7,-6.5]]],[[[134.7,-6.6],[134.6,-6.7],[134.7,-6.6],[134.7,-6.6]]],[[[134.6,-6.4],[134.5,-6.5],[134.5,-6.4],[134.3,-6.4],[134.6,-6.4]]],[[[134.6,-2.4],[134.5,-2.4],[134.6,-2.3],[134.6,-2.4]]],[[[134.1,-6.2],[134.5,-6.6],[134.2,-6.9],[134.1,-6.2]]],[[[134.4,-2.0],[134.3,-2.1],[134.4,-2.0],[134.4,-2.0]]],[[[134.1,-6.0],[134.3,-6.2],[134.4,-6.3],[134.1,-6.1],[134.1,-6.0]]],[[[134.2,-1.8],[134.2,-1.8],[134.2,-1.7],[134.2,-1.8]]],[[[134.1,-4.0],[134.1,-3.9],[134.2,-4.0],[134.1,-4.0]]],[[[133.6,-3.4],[133.6,-3.4],[133.6,-3.5],[133.6,-3.4]]],[[[133.6,-2.5],[133.5,-2.5],[133.5,-2.4],[133.6,-2.5]]],[[[133.4,-4.2],[133.6,-4.3],[133.3,-4.1],[133.4,-4.2]]],[[[133.2,-5.3],[133.0,-5.8],[132.8,-6.0],[133.2,-5.3]]],[[[132.8,-5.6],[132.7,-5.6],[132.8,-5.5],[132.8,-5.6]]],[[[132.8,-5.8],[132.7,-5.9],[132.6,-5.6],[132.8,-5.8]]],[[[132.7,-3.4],[132.7,-3.5],[132.6,-3.4],[132.7,-3.4]]],[[[132.3,-5.6],[132.3,-5.5],[132.4,-5.5],[132.3,-5.6]]],[[[131.9,-7.1],[131.9,-7.2],[131.7,-7.1],[131.9,-7.1]]],[[[131.2,-7.5],[131.6,-7.6],[131.1,-8.0],[131.2,-7.5]]],[[[131.6,-2.6],[131.6,-2.6],[131.7,-2.6],[131.6,-2.6]]],[[[131.6,-6.8],[131.5,-6.8],[131.6,-6.7],[131.6,-6.8]]],[[[131.3,-0.3],[130.2,-0.2],[130.8,-0.0],[131.3,-0.3]]],[[[131.3,-7.4],[131.3,-7.3],[131.3,-7.3],[131.3,-7.4]]],[[[130.9,-8.2],[131.2,-8.1],[130.8,-8.4],[130.9,-8.2]]],[[[131.1,-7.5],[131.0,-7.4],[131.2,-7.4],[131.1,-7.5]]],[[[131.1,-7.7],[131.0,-7.7],[131.1,-7.6],[131.1,-7.7]]],[[[130.6,-1.0],[131.0,-1.2],[130.9,-1.3],[130.6,-1.0]]],[[[131.0,-7.5],[130.8,-7.5],[130.9,-7.5],[131.0,-7.5]]],[[[130.9,-0.8],[130.7,-0.9],[130.4,-0.9],[130.9,-0.8]]],[[[130.6,-0.4],[130.5,-0.5],[130.5,-0.5],[130.6,-0.4]]],[[[130.7,-0.3],[130.7,-0.3],[130.7,-0.3],[130.7,-0.3]]],[[[130.3,-1.7],[130.2,-2.1],[129.7,-1.9],[130.3,-1.7]]],[[[129.8,-1.2],[129.9,-1.1],[130.0,-1.2],[129.8,-1.2]]],[[[129.7,-7.8],[129.8,-8.1],[129.6,-7.9],[129.7,-7.8]]],[[[129.0,-8.2],[128.9,-8.3],[128.8,-8.2],[129.0,-8.2]]],[[[128.7,-7.1],[128.5,-7.1],[128.6,-7.1],[128.7,-7.1]]],[[[128.1,-8.2],[128.2,-8.3],[128.1,-8.3],[128.1,-8.2]]],[[[127.8,-8.1],[128.1,-8.2],[127.8,-8.1],[127.8,-8.1]]],[[[127.7,-8.2],[127.7,-8.2],[127.6,-8.2],[127.7,-8.2]]],[[[127.5,-7.6],[127.4,-7.5],[127.5,-7.5],[127.5,-7.6]]],[[[127.2,-8.0],[127.2,-8.1],[127.2,-8.0],[127.2,-8.0]]],[[[126.7,4.0],[126.7,4.3],[126.7,4.5],[126.9,4.3],[126.7,4.0]]],[[[126.7,3.8],[126.8,3.8],[126.8,3.7],[126.7,3.8]]],[[[126.0,-7.7],[126.8,-7.7],[125.8,-8.0],[126.0,-7.7]]],[[[126.6,4.0],[126.7,3.9],[126.7,3.8],[126.6,4.0]]],[[[123.8,8.0],[125.6,9.8],[126.5,8.2],[126.2,6.3],[125.8,7.4],[125.4,6.7],[125.4,5.6],[124.3,6.1],[123.6,7.8],[121.9,7.0],[123.8,8.0]]],[[[126.3,9.0],[126.3,9.0],[126.3,9.0],[126.3,9.0]]],[[[126.2,9.0],[126.2,9.0],[126.2,9.0],[126.2,9.0]]],[[[125.9,9.8],[126.2,9.8],[126.0,9.7],[125.9,9.8]]],[[[125.9,9.6],[126.0,9.7],[125.9,9.6],[125.9,9.6]]],[[[125.8,3.4],[125.8,3.7],[125.9,3.4],[125.8,3.4]]],[[[125.7,10.8],[125.8,10.7],[125.8,10.7],[125.7,10.8]]],[[[125.7,7.1],[125.8,7.1],[125.8,6.9],[125.7,7.1]]],[[[125.4,12.0],[125.8,11.0],[125.7,11.1],[125.3,11.1],[125.0,11.4],[124.8,11.5],[125.0,11.7],[124.3,12.6],[125.4,12.0]]],[[[125.7,9.8],[125.5,10.3],[125.6,10.5],[125.7,9.8]]],[[[125.7,11.1],[125.7,11.1],[125.7,11.1],[125.7,11.1]]],[[[125.5,4.7],[125.5,4.7],[125.5,4.7],[125.5,4.7]]],[[[125.5,5.5],[125.5,5.4],[125.5,5.4],[125.5,5.5]]],[[[125.4,2.3],[125.4,2.4],[125.5,2.4],[125.4,2.3]]],[[[125.4,2.8],[125.4,2.6],[125.4,2.7],[125.4,2.8]]],[[[125.4,5.4],[125.4,5.4],[125.3,5.4],[125.4,5.4]]],[[[125.1,10.1],[125.2,10.1],[125.3,9.9],[125.1,10.1]]],[[[125.3,1.4],[125.2,1.4],[125.3,1.5],[125.3,1.4]]],[[[124.9,11.4],[124.8,10.2],[124.3,11.6],[124.6,11.3],[124.9,11.4]]],[[[120.9,-3.4],[119.7,-5.7],[118.8,-2.8],[120.0,0.7],[125.2,1.6],[120.2,0.3],[120.7,-1.4],[123.5,-0.8],[121.3,-1.8],[122.5,-3.2],[122.2,-3.6],[122.9,-4.4],[120.9,-3.4]]],[[[124.5,-8.1],[125.1,-8.4],[124.3,-8.4],[124.5,-8.1]]],[[[124.8,11.6],[124.8,11.6],[124.8,11.5],[124.8,11.6]]],[[[124.7,9.1],[124.7,9.3],[124.8,9.1],[124.7,9.1]]],[[[124.4,11.5],[124.5,11.7],[124.6,11.5],[124.4,11.5]]],[[[124.2,10.2],[124.3,9.6],[123.8,9.8],[124.2,10.2]]],[[[124.6,9.9],[124.6,9.9],[124.6,9.9],[124.6,9.9]]],[[[124.4,10.6],[124.5,10.7],[124.5,10.7],[124.4,10.6]]],[[[124.4,13.8],[124.1,14.1],[124.2,14.1],[124.3,13.9],[124.4,13.9],[124.4,13.8]]],[[[124.3,10.7],[124.4,10.6],[124.3,10.6],[124.3,10.7]]],[[[124.3,14.0],[124.4,14.0],[124.3,13.9],[124.3,14.0]]],[[[124.3,14.0],[124.3,14.0],[124.3,14.0],[124.3,14.0]]],[[[123.9,-8.5],[124.3,-8.2],[124.2,-8.5],[123.9,-8.5]]],[[[124.1,13.2],[124.2,13.2],[124.1,13.2],[124.1,13.2]]],[[[123.9,13.2],[124.2,13.1],[124.1,12.5],[124.0,13.0],[122.6,13.9],[122.6,13.2],[121.8,14.0],[120.6,13.8],[120.6,18.5],[122.3,18.4],[121.4,15.3],[121.8,14.1],[122.2,13.9],[122.8,14.3],[123.1,13.7],[123.4,14.1],[123.9,13.2]]],[[[124.0,13.2],[124.0,13.3],[124.1,13.3],[124.0,13.2]]],[[[123.2,11.9],[123.9,12.2],[124.1,11.7],[123.2,11.9]]],[[[124.0,-5.9],[124.0,-6.0],[124.0,-5.9],[124.0,-5.9]]],[[[123.3,9.4],[123.4,9.9],[123.4,9.9],[123.4,10.0],[123.9,10.8],[123.9,11.2],[124.1,11.3],[123.3,9.4]]],[[[123.5,-8.6],[123.4,-8.3],[123.9,-8.2],[123.5,-8.6]]],[[[123.9,13.3],[123.9,13.3],[123.9,13.2],[123.9,13.3]]],[[[123.8,-2.1],[123.9,-2.0],[123.9,-2.1],[123.8,-2.1]]],[[[123.7,9.6],[123.9,9.6],[123.7,9.5],[123.7,9.6]]],[[[123.8,-2.0],[123.9,-2.0],[123.8,-2.0],[123.8,-2.0]]],[[[123.7,-5.5],[123.8,-5.5],[123.8,-5.6],[123.7,-5.5]]],[[[123.6,12.6],[123.7,12.6],[123.8,12.3],[123.6,12.6]]],[[[123.7,11.2],[123.8,11.2],[123.7,11.1],[123.7,11.2]]],[[[123.8,-2.0],[123.8,-2.0],[123.8,-2.0],[123.8,-2.0]]],[[[123.8,-1.9],[123.8,-1.9],[123.8,-1.9],[123.8,-1.9]]],[[[123.7,-1.9],[123.7,-1.9],[123.7,-1.9],[123.7,-1.9]]],[[[123.6,9.1],[123.6,9.3],[123.7,9.1],[123.6,9.1]]],[[[123.7,-1.9],[123.7,-1.9],[123.7,-1.9],[123.7,-1.9]]],[[[123.6,-1.9],[123.7,-2.0],[123.7,-2.0],[123.6,-1.9]]],[[[123.6,-5.3],[123.6,-5.4],[123.5,-5.3],[123.6,-5.3]]],[[[123.1,9.0],[123.0,10.9],[123.5,10.9],[123.1,9.0]]],[[[123.2,-1.1],[122.9,-1.6],[122.8,-1.4],[123.2,-1.1]]],[[[123.5,-1.9],[123.5,-1.9],[123.5,-1.9],[123.5,-1.9]]],[[[123.5,-1.9],[123.5,-1.9],[123.5,-1.9],[123.5,-1.9]]],[[[123.5,-2.1],[123.4,-2.1],[123.4,-2.1],[123.5,-2.1]]],[[[123.4,-1.9],[123.4,-1.9],[123.4,-1.9],[123.4,-1.9]]],[[[123.0,13.0],[123.0,13.1],[123.4,12.7],[123.0,13.0]]],[[[123.4,9.9],[123.4,9.9],[123.4,9.9],[123.4,9.9]]],[[[123.4,-1.7],[123.3,-1.7],[123.4,-1.7],[123.4,-1.7]]],[[[123.1,-8.2],[123.3,-8.4],[123.0,-8.4],[123.1,-8.2]]],[[[123.0,-4.0],[123.3,-4.1],[123.1,-4.2],[123.0,-4.0]]],[[[122.9,-4.6],[123.2,-5.3],[122.7,-5.7],[122.9,-4.6]]],[[[123.1,-3.5],[123.1,-3.6],[123.1,-3.6],[123.1,-3.5]]],[[[122.9,-8.6],[123.1,-8.4],[123.2,-8.5],[122.9,-8.6]]],[[[123.2,-2.2],[123.2,-2.2],[123.2,-2.2],[123.2,-2.2]]],[[[121.9,10.8],[123.2,11.6],[122.0,10.4],[121.9,10.8]]],[[[123.1,-1.9],[123.2,-1.8],[123.1,-1.9],[123.1,-1.9]]],[[[122.9,-8.1],[121.0,-8.9],[119.8,-8.6],[122.9,-8.1]]],[[[122.8,7.3],[122.9,7.4],[123.0,7.4],[122.8,7.3]]],[[[122.4,-4.7],[122.6,-5.4],[122.3,-5.4],[122.4,-4.7]]],[[[122.7,13.8],[122.7,13.8],[122.7,13.8],[122.7,13.8]]],[[[122.5,10.5],[122.7,10.6],[122.5,10.4],[122.5,10.5]]],[[[122.6,12.3],[122.6,12.5],[122.7,12.4],[122.6,12.3]]],[[[122.5,-3.5],[122.4,-3.4],[122.4,-3.4],[122.5,-3.5]]],[[[122.3,-0.2],[122.3,-0.2],[122.4,-0.3],[122.3,-0.2]]],[[[122.4,-3.6],[122.3,-3.5],[122.3,-3.5],[122.4,-3.6]]],[[[122.2,12.6],[122.3,12.5],[122.3,12.5],[122.2,12.6]]],[[[122.1,14.8],[122.3,14.8],[122.2,14.7],[122.1,14.8]]],[[[122.0,6.4],[122.1,6.8],[122.2,6.6],[122.0,6.4]]],[[[122.2,-0.3],[122.2,-0.2],[122.2,-0.3],[122.2,-0.3]]],[[[121.9,14.2],[122.2,14.0],[121.9,14.2],[121.9,14.2]]],[[[122.1,13.4],[122.1,13.4],[122.1,13.4],[122.1,13.4]]],[[[122.0,13.2],[122.0,13.5],[122.2,13.4],[122.0,13.2]]],[[[122.0,12.1],[122.0,12.6],[122.1,12.7],[122.0,12.1]]],[[[122.1,-0.4],[122.1,-0.3],[122.1,-0.3],[122.1,-0.4]]],[[[122.1,-5.2],[121.8,-5.3],[121.9,-5.1],[122.1,-5.2]]],[[[122.0,14.7],[121.8,14.9],[122.0,15.1],[122.0,14.7]]],[[[122.0,-0.4],[121.9,-0.3],[122.0,-0.3],[122.0,-0.4]]],[[[121.9,20.4],[122.0,20.5],[121.9,20.4],[121.9,20.4]]],[[[121.9,-10.4],[122.0,-10.5],[121.7,-10.6],[121.9,-10.4]]],[[[121.9,19.5],[122.0,19.5],[122.0,19.5],[121.9,19.5]]],[[[121.8,18.9],[122.0,19.0],[121.8,18.8],[121.8,18.9]]],[[[122.0,21.1],[121.9,21.1],[121.9,21.1],[122.0,21.1]]],[[[121.9,6.0],[121.9,6.0],[122.0,6.0],[121.9,6.0]]],[[[121.7,-0.4],[121.7,-0.5],[121.6,-0.5],[121.7,-0.4]]],[[[121.8,20.4],[121.9,20.3],[121.9,20.3],[121.8,20.4]]],[[[121.8,20.7],[121.9,20.8],[121.8,20.7],[121.8,20.7]]],[[[121.8,-7.3],[121.8,-7.4],[121.7,-7.4],[121.8,-7.3]]],[[[121.6,-0.2],[121.6,-0.2],[121.6,-0.1],[121.6,-0.2]]],[[[121.5,13.1],[120.3,13.4],[120.4,13.5],[121.5,13.1]]],[[[121.4,19.4],[121.5,19.2],[121.4,19.4],[121.4,19.4]]],[[[121.3,18.8],[121.4,18.9],[121.5,18.9],[121.3,18.8]]],[[[121.3,5.9],[121.0,6.1],[121.4,6.0],[121.3,5.9]]],[[[121.2,19.1],[121.3,19.1],[121.2,19.0],[121.2,19.1]]],[[[121.1,5.8],[121.2,5.8],[121.1,5.8],[121.1,5.8]]],[[[121.1,-7.3],[121.1,-7.4],[121.1,-7.3],[121.1,-7.3]]],[[[121.1,12.2],[121.1,12.3],[121.1,12.2],[121.1,12.2]]],[[[121.0,10.8],[121.1,10.8],[121.0,10.8],[121.0,10.8]]],[[[120.8,-7.3],[121.0,-7.3],[120.8,-7.3],[120.8,-7.3]]],[[[120.8,5.5],[120.9,5.5],[120.9,5.5],[120.8,5.5]]],[[[118.9,-9.6],[119.9,-9.3],[120.8,-10.1],[120.2,-10.2],[118.9,-9.6]]],[[[120.7,-7.1],[120.7,-7.1],[120.6,-7.0],[120.7,-7.1]]],[[[120.6,1.1],[120.7,1.1],[120.7,1.0],[120.6,1.1]]],[[[120.5,6.3],[120.6,6.3],[120.5,6.3],[120.5,6.3]]],[[[120.6,-6.0],[120.5,-6.5],[120.5,-5.8],[120.6,-6.0]]],[[[120.4,1.0],[120.4,1.1],[120.4,1.1],[120.4,1.0]]],[[[120.3,12.1],[119.9,12.1],[119.9,12.3],[120.3,12.1]]],[[[120.2,13.7],[120.2,13.8],[120.3,13.7],[120.2,13.7]]],[[[120.2,11.9],[120.3,11.9],[120.3,11.8],[120.2,11.9]]],[[[120.2,5.1],[120.2,5.3],[120.3,5.3],[120.2,5.1]]],[[[120.2,5.3],[120.2,5.3],[120.2,5.3],[120.2,5.3]]],[[[120.1,12.0],[120.1,12.0],[120.1,12.0],[120.1,12.0]]],[[[119.9,12.0],[120.1,11.9],[120.0,11.8],[120.0,11.7],[120.0,11.7],[119.9,12.0]]],[[[120.0,11.8],[120.0,11.8],[120.0,11.8],[120.0,11.8]]],[[[119.9,16.3],[120.0,16.2],[120.0,16.2],[119.9,16.3]]],[[[120.0,5.0],[120.0,5.0],[120.0,5.0],[120.0,5.0]]],[[[119.8,10.6],[119.9,10.5],[119.8,10.4],[119.8,10.6]]],[[[120.0,12.0],[120.0,12.0],[119.9,12.0],[120.0,12.0]]],[[[119.9,5.1],[119.9,5.1],[119.9,5.1],[119.9,5.1]]],[[[119.8,11.4],[119.8,11.5],[119.9,11.5],[119.8,11.4]]],[[[119.7,-8.7],[119.6,-8.8],[119.6,-8.6],[119.7,-8.7]]],[[[119.7,10.5],[117.2,8.3],[119.5,11.4],[119.7,10.5]]],[[[119.4,-8.4],[119.5,-8.8],[119.4,-8.7],[119.4,-8.4]]],[[[119.5,11.4],[119.5,11.4],[119.5,11.4],[119.5,11.4]]],[[[119.5,4.8],[119.5,4.8],[119.5,4.6],[119.5,4.8]]],[[[110.8,-3.0],[109.3,1.9],[109.6,2.1],[109.9,1.7],[111.4,1.3],[111.4,2.7],[115.3,4.3],[116.8,7.0],[117.5,5.9],[119.2,5.4],[117.4,4.1],[117.8,3.6],[117.1,3.6],[117.0,3.6],[119.0,1.0],[117.9,1.1],[116.0,-3.6],[110.8,-3.0]]],[[[119.2,-8.7],[118.4,-8.6],[118.2,-8.9],[116.7,-9.0],[118.3,-8.7],[117.9,-8.1],[119.2,-8.7]]],[[[119.1,-8.1],[119.0,-8.3],[119.0,-8.2],[119.1,-8.1]]],[[[118.7,4.5],[118.7,4.4],[118.6,4.5],[118.7,4.5]]],[[[118.6,2.2],[118.6,2.3],[118.6,2.3],[118.6,2.2]]],[[[118.5,4.6],[118.5,4.7],[118.6,4.6],[118.5,4.6]]],[[[118.4,7.0],[118.5,7.0],[118.5,7.0],[118.4,7.0]]],[[[118.5,4.5],[118.5,4.5],[118.5,4.6],[118.5,4.5]]],[[[118.2,5.9],[118.2,5.8],[118.2,5.8],[118.2,5.9]]],[[[117.9,4.2],[117.7,4.2],[117.6,4.2],[117.9,4.2]]],[[[117.8,3.6],[117.9,3.5],[117.8,3.5],[117.8,3.6]]],[[[117.8,3.9],[117.8,3.8],[117.7,3.9],[117.8,3.9]]],[[[117.8,3.7],[117.8,3.8],[117.8,3.7],[117.8,3.7]]],[[[117.7,4.1],[117.7,4.0],[117.6,4.1],[117.7,4.1]]],[[[117.5,-8.2],[117.7,-8.2],[117.5,-8.4],[117.5,-8.2]]],[[[117.6,3.4],[117.6,3.3],[117.5,3.4],[117.6,3.4]]],[[[117.6,3.5],[117.5,3.5],[117.4,3.6],[117.6,3.5]]],[[[117.5,3.3],[117.4,3.3],[117.4,3.3],[117.5,3.3]]],[[[117.3,3.6],[117.3,3.5],[117.2,3.6],[117.3,3.6]]],[[[117.4,6.7],[117.5,6.7],[117.3,6.7],[117.4,6.7]]],[[[117.3,8.2],[117.4,8.3],[117.3,8.2],[117.3,8.2]]],[[[117.3,-0.9],[117.3,-0.8],[117.3,-0.9],[117.3,-0.9]]],[[[117.1,7.3],[117.3,7.2],[117.1,7.1],[117.1,7.3]]],[[[117.0,7.9],[117.1,8.1],[117.0,7.8],[117.0,7.9]]],[[[116.9,7.3],[117.0,7.3],[116.9,7.2],[116.9,7.3]]],[[[116.3,-8.2],[116.6,-8.9],[115.9,-8.8],[116.3,-8.2]]],[[[116.4,-3.5],[116.3,-3.5],[116.4,-3.4],[116.4,-3.5]]],[[[116.3,-3.8],[116.1,-4.0],[116.3,-3.2],[116.3,-3.8]]],[[[116.1,6.0],[116.0,6.0],[116.0,6.0],[116.1,6.0]]],[[[115.9,-4.8],[115.8,-4.8],[115.9,-4.7],[115.9,-4.8]]],[[[115.7,5.7],[115.7,5.7],[115.6,5.7],[115.7,5.7]]],[[[115.6,6.2],[115.6,6.2],[115.6,6.2],[115.6,6.2]]],[[[115.3,-6.8],[115.3,-7.0],[115.2,-6.9],[115.3,-6.8]]],[[[115.2,5.4],[115.2,5.3],[115.2,5.3],[115.2,5.4]]],[[[111.0,-8.3],[105.2,-6.8],[110.9,-6.4],[114.6,-8.7],[113.2,-8.3],[111.0,-8.3]]],[[[114.4,-7.1],[114.3,-7.2],[114.3,-7.1],[114.4,-7.1]]],[[[112.8,-6.9],[113.5,-7.2],[112.7,-7.1],[112.8,-6.9]]],[[[113.3,-8.4],[113.4,-8.5],[113.3,-8.5],[113.3,-8.4]]],[[[112.7,-5.7],[112.6,-5.9],[112.6,-5.8],[112.7,-5.7]]],[[[111.3,2.4],[111.4,2.7],[111.4,2.4],[111.3,2.4]]],[[[109.5,-1.0],[109.5,-1.3],[109.4,-1.3],[109.5,-1.0]]],[[[80.3,15.7],[79.5,9.1],[77.3,8.1],[73.4,16.1],[72.7,19.9],[72.9,22.3],[70.8,20.7],[68.9,22.3],[70.2,22.5],[70.5,23.1],[66.4,25.6],[61.7,25.0],[63.3,27.1],[60.9,29.9],[66.3,29.9],[71.1,34.1],[71.6,36.5],[75.4,36.9],[79.5,32.8],[77.6,30.4],[75.9,32.5],[74.5,31.7],[73.8,30.0],[76.0,27.8],[77.5,28.0],[77.6,30.4],[80.0,28.7],[82.1,30.3],[88.2,26.8],[92.1,26.9],[96.1,29.5],[98.7,27.5],[97.5,23.9],[98.9,24.2],[100.2,21.4],[105.4,23.3],[108.1,21.5],[106.6,21.0],[105.6,19.0],[109.5,12.9],[109.2,12.6],[109.0,11.4],[106.7,10.7],[104.9,8.6],[105.0,10.1],[101.0,13.5],[100.0,13.3],[99.2,9.3],[100.4,7.2],[103.2,5.2],[103.5,1.3],[101.3,2.8],[100.1,6.5],[98.7,8.4],[98.3,8.3],[98.9,11.7],[97.7,16.6],[96.9,17.4],[95.4,15.7],[94.6,16.3],[94.2,16.0],[94.0,19.5],[90.7,23.5],[90.6,23.5],[90.6,23.6],[90.5,23.6],[90.6,23.4],[90.3,23.4],[90.3,21.8],[87.9,22.4],[86.4,20.0],[86.3,20.1],[86.2,20.1],[85.5,19.7],[85.4,19.9],[82.3,16.6],[80.3,15.7]],[[95.1,27.0],[91.3,24.0],[92.6,22.0],[94.6,24.8],[95.1,27.0]],[[89.9,25.3],[92.4,25.0],[92.8,25.2],[91.8,26.1],[89.9,25.3]],[[82.2,16.8],[82.3,16.7],[82.3,16.7],[82.2,16.8]],[[79.7,12.0],[79.7,12.0],[79.7,12.0],[79.7,12.0]],[[79.7,11.8],[79.7,11.8],[79.7,11.8],[79.7,11.8]],[[79.6,11.8],[79.7,11.9],[79.6,11.9],[79.6,11.8]],[[79.6,12.0],[79.6,12.0],[79.6,12.0],[79.6,12.0]],[[73.0,20.2],[73.2,20.1],[73.1,20.3],[73.0,20.2]],[[73.0,20.3],[73.0,20.3],[73.0,20.3],[73.0,20.3]]],[[[109.4,12.4],[109.4,12.4],[109.4,12.3],[109.4,12.4]]],[[[109.3,12.2],[109.3,12.2],[109.3,12.2],[109.3,12.2]]],[[[109.3,-1.2],[109.2,-1.2],[109.3,-1.2],[109.3,-1.2]]],[[[109.1,-1.3],[109.2,-1.3],[109.2,-1.3],[109.1,-1.3]]],[[[109.0,2.6],[109.0,2.5],[109.0,2.5],[109.0,2.6]]],[[[109.0,10.5],[108.9,10.5],[108.9,10.6],[109.0,10.5]]],[[[108.9,-1.5],[108.8,-1.7],[108.8,-1.6],[108.9,-1.5]]],[[[108.8,2.9],[108.9,3.0],[108.8,2.8],[108.8,2.9]]],[[[108.7,-1.7],[108.7,-1.7],[108.8,-1.7],[108.7,-1.7]]],[[[108.1,3.7],[108.4,4.0],[108.3,3.7],[108.1,3.7]]],[[[107.6,-3.2],[108.3,-2.8],[108.1,-3.2],[107.6,-3.2]]],[[[108.0,4.8],[107.9,4.7],[108.0,4.8],[108.0,4.8]]],[[[107.9,21.4],[108.0,21.4],[108.0,21.4],[107.9,21.4]]],[[[107.8,16.5],[107.9,16.4],[107.7,16.6],[107.8,16.5]]],[[[107.9,21.0],[107.8,21.0],[107.9,21.0],[107.9,21.0]]],[[[107.8,21.4],[107.7,21.3],[107.7,21.3],[107.8,21.4]]],[[[107.7,3.0],[107.8,3.0],[107.8,3.0],[107.7,3.0]]],[[[107.8,21.0],[107.7,20.9],[107.7,21.0],[107.8,21.0]]],[[[107.7,20.1],[107.7,20.1],[107.7,20.1],[107.7,20.1]]],[[[107.6,21.0],[107.6,21.1],[107.6,21.0],[107.6,21.0]]],[[[107.5,21.3],[107.5,21.1],[107.4,21.1],[107.5,21.3]]],[[[107.5,1.0],[107.6,1.0],[107.5,1.0],[107.5,1.0]]],[[[107.5,20.9],[107.5,20.9],[107.5,21.0],[107.6,21.0],[107.5,20.9]]],[[[107.6,21.0],[107.5,20.9],[107.5,20.8],[107.6,21.0]]],[[[107.5,21.1],[107.5,21.1],[107.5,21.1],[107.5,21.1]]],[[[107.4,-2.9],[107.5,-2.8],[107.5,-2.9],[107.4,-2.9]]],[[[107.5,21.0],[107.5,21.0],[107.5,21.0],[107.5,21.0]]],[[[107.3,20.8],[107.4,20.8],[107.4,20.8],[107.3,20.8]]],[[[107.1,10.4],[107.1,10.3],[107.1,10.3],[107.1,10.4]]],[[[107.0,-2.9],[107.1,-2.9],[107.1,-2.9],[107.0,-2.9]]],[[[107.0,20.9],[107.0,20.7],[106.9,20.8],[107.0,20.9]]],[[[106.9,10.5],[106.9,10.4],[106.9,10.5],[106.9,10.5]]],[[[106.9,20.9],[106.9,20.9],[106.9,20.9],[106.9,20.9]]],[[[106.9,10.5],[106.9,10.6],[106.9,10.6],[106.9,10.5]]],[[[106.9,21.0],[106.9,21.0],[106.9,21.0],[106.9,21.0]]],[[[106.9,-2.9],[106.7,-3.0],[106.7,-2.9],[106.9,-2.9]]],[[[106.8,20.8],[106.8,20.9],[106.9,20.8],[106.8,20.8]]],[[[106.9,10.6],[106.8,10.4],[106.8,10.7],[106.9,10.6]]],[[[106.5,-3.1],[105.8,-2.2],[105.1,-2.1],[105.4,-1.6],[106.5,-3.1]]],[[[106.7,21.0],[106.7,21.0],[106.8,21.0],[106.7,21.0]]],[[[106.5,10.3],[106.8,10.2],[106.7,10.2],[106.6,10.3],[106.5,10.3],[106.5,10.3]]],[[[106.7,20.9],[106.7,20.9],[106.7,20.9],[106.7,20.9]]],[[[106.6,8.6],[106.6,8.7],[106.7,8.8],[106.6,8.6]]],[[[106.7,10.2],[106.6,10.3],[106.6,10.3],[106.7,10.2]]],[[[106.5,9.9],[106.5,9.8],[106.4,9.9],[106.5,9.9]]],[[[106.2,3.3],[106.3,3.3],[106.3,3.2],[106.2,3.3]]],[[[106.2,9.6],[106.2,9.6],[106.1,9.8],[106.2,9.6]]],[[[106.2,3.2],[106.2,3.1],[106.2,3.2],[106.2,3.2]]],[[[106.2,2.8],[106.2,2.7],[106.2,2.8],[106.2,2.8]]],[[[98.8,1.7],[95.2,5.6],[97.5,5.3],[102.4,0.2],[103.7,0.3],[103.3,-0.3],[103.4,-0.7],[104.5,-2.8],[106.1,-3.0],[105.7,-5.9],[102.3,-4.0],[98.8,1.7]]],[[[105.7,3.1],[105.8,2.9],[105.7,2.8],[105.7,3.1]]],[[[105.3,-6.6],[105.1,-6.6],[105.3,-6.5],[105.3,-6.6]]],[[[104.7,-0.2],[104.5,0.0],[104.9,-0.3],[104.7,-0.2]]],[[[104.9,-0.0],[104.8,-0.1],[104.8,-0.0],[104.9,-0.0]]],[[[104.8,1.0],[104.9,1.0],[104.8,1.0],[104.8,1.0]]],[[[104.8,-5.8],[104.8,-5.8],[104.8,-5.7],[104.8,-5.8]]],[[[104.6,0.1],[104.5,0.2],[104.7,0.0],[104.6,0.1]]],[[[104.6,1.1],[104.2,1.0],[104.2,1.1],[104.6,1.1]]],[[[104.5,0.8],[104.6,0.8],[104.6,0.8],[104.5,0.8]]],[[[104.5,-0.4],[104.3,-0.6],[104.3,-0.4],[104.5,-0.4]]],[[[104.5,-0.3],[104.4,-0.3],[104.5,-0.3],[104.5,-0.3]]],[[[104.5,0.1],[104.4,0.1],[104.4,0.2],[104.5,0.1]]],[[[104.4,0.3],[104.4,0.3],[104.4,0.3],[104.4,0.3]]],[[[104.2,0.7],[104.3,0.8],[104.3,0.7],[104.2,0.7]]],[[[104.2,0.7],[104.3,0.7],[104.3,0.6],[104.2,0.7]]],[[[104.2,0.8],[104.3,0.9],[104.3,0.8],[104.2,0.8]]],[[[104.2,-1.0],[104.2,-1.0],[104.2,-1.0],[104.2,-1.0]]],[[[104.2,-0.4],[104.2,-0.4],[104.2,-0.4],[104.2,-0.4]]],[[[104.2,2.8],[104.1,2.8],[104.2,2.9],[104.2,2.8]]],[[[104.1,2.3],[104.1,2.3],[104.1,2.3],[104.1,2.3]]],[[[104.1,1.0],[103.9,1.1],[104.1,1.2],[104.1,1.0]]],[[[104.1,10.4],[103.8,10.4],[104.0,10.4],[104.1,10.4]]],[[[103.9,0.9],[103.9,1.0],[104.0,0.9],[103.9,0.9]]],[[[103.9,0.8],[103.9,0.9],[103.9,0.8],[103.9,0.8]]],[[[103.8,0.8],[103.8,0.8],[103.8,0.8],[103.8,0.8]]],[[[103.8,10.5],[103.7,10.5],[103.8,10.5],[103.8,10.5]]],[[[103.6,-0.2],[103.6,-0.4],[103.5,-0.4],[103.6,-0.2]]],[[[103.7,0.8],[103.7,0.8],[103.7,0.8],[103.7,0.8]]],[[[103.5,-0.2],[103.5,-0.2],[103.6,-0.2],[103.5,-0.2]]],[[[103.4,0.9],[103.5,0.8],[103.4,0.9],[103.4,0.9]]],[[[103.5,0.6],[103.5,0.7],[103.5,0.7],[103.5,0.6]]],[[[103.5,0.7],[103.3,0.8],[103.4,0.9],[103.5,0.7]]],[[[103.5,9.3],[103.5,9.3],[103.5,9.3],[103.5,9.3]]],[[[103.5,0.9],[103.5,0.9],[103.5,0.9],[103.5,0.9]]],[[[103.4,1.0],[103.4,1.1],[103.4,1.0],[103.4,1.0]]],[[[103.3,10.7],[103.2,10.8],[103.3,10.7],[103.3,10.7]]],[[[103.3,0.6],[103.1,0.6],[103.2,0.7],[103.3,0.6]]],[[[102.8,1.2],[103.1,0.8],[102.8,1.0],[102.7,1.1],[102.8,1.2]]],[[[103.1,0.7],[103.1,0.8],[103.1,0.8],[103.1,0.7]]],[[[103.0,0.7],[103.1,0.6],[103.1,0.6],[103.0,0.7]]],[[[103.0,0.7],[102.5,1.1],[103.1,0.8],[103.0,0.7]]],[[[103.0,11.3],[103.0,11.4],[103.0,11.2],[103.0,11.3]]],[[[103.0,11.5],[103.0,11.5],[103.0,11.4],[103.0,11.5]]],[[[102.9,0.3],[102.9,0.3],[102.9,0.3],[102.9,0.3]]],[[[102.6,11.7],[102.5,11.6],[102.6,11.8],[102.6,11.7]]],[[[102.5,1.5],[102.3,1.4],[102.1,1.5],[102.0,1.6],[102.5,1.5]]],[[[102.5,1.2],[102.3,1.0],[102.2,1.4],[102.5,1.2]]],[[[102.3,12.0],[102.4,12.1],[102.4,12.0],[102.3,12.0]]],[[[102.1,-5.3],[102.4,-5.4],[102.4,-5.5],[102.1,-5.3]]],[[[102.2,12.3],[102.2,12.3],[102.2,12.3],[102.2,12.3]]],[[[101.7,2.1],[101.5,1.7],[101.4,2.0],[101.7,2.1]]],[[[101.0,-4.0],[101.1,-4.0],[101.0,-4.0],[101.0,-4.0]]],[[[100.8,13.1],[100.8,13.2],[100.8,13.1],[100.8,13.1]]],[[[100.7,12.9],[100.7,13.0],[100.7,12.9],[100.7,12.9]]],[[[100.5,7.2],[100.5,7.2],[100.5,7.2],[100.5,7.2]]],[[[100.5,-3.2],[100.5,-3.2],[100.5,-3.2],[100.5,-3.2]]],[[[100.5,-3.3],[100.2,-3.0],[100.2,-2.8],[100.5,-3.3]]],[[[100.2,5.3],[100.3,5.5],[100.3,5.3],[100.2,5.3]]],[[[100.2,-2.7],[100.0,-2.8],[100.0,-2.5],[100.2,-2.7]]],[[[100.1,9.5],[99.9,9.5],[100.1,9.6],[100.1,9.5]]],[[[100.0,9.7],[100.0,9.8],[100.1,9.7],[100.0,9.7]]],[[[99.9,6.5],[99.7,6.2],[99.6,6.4],[99.9,6.5]]],[[[99.6,-2.3],[99.6,-2.0],[99.9,-2.4],[99.6,-2.3]]],[[[99.8,6.2],[99.8,6.2],[99.8,6.3],[99.8,6.2]]],[[[99.7,-2.4],[99.7,-2.4],[99.7,-2.4],[99.7,-2.4]]],[[[99.7,9.5],[99.7,9.5],[99.7,9.5],[99.7,9.5]]],[[[99.7,6.5],[99.6,6.6],[99.7,6.7],[99.7,6.5]]],[[[99.7,9.6],[99.7,9.6],[99.7,9.6],[99.7,9.6]]],[[[99.4,7.2],[99.4,7.3],[99.4,7.3],[99.4,7.2]]],[[[98.9,-1.0],[98.8,-1.6],[98.7,-1.0],[98.9,-1.0]]],[[[99.3,-1.8],[99.3,-1.8],[99.3,-1.8],[99.3,-1.8]]],[[[99.3,6.6],[99.2,6.5],[99.3,6.6],[99.3,6.6]]],[[[99.0,7.6],[99.1,7.7],[99.1,7.6],[99.0,7.6]]],[[[99.1,7.5],[99.0,7.6],[99.1,7.5],[99.1,7.5]]],[[[98.6,0.1],[98.8,0.2],[98.8,0.1],[98.6,0.1]]],[[[98.5,12.4],[98.7,12.3],[98.6,12.3],[98.5,12.4]]],[[[98.7,11.9],[98.4,12.0],[98.4,12.1],[98.7,11.9]]],[[[98.6,12.4],[98.6,12.4],[98.6,12.4],[98.6,12.4]]],[[[98.6,8.1],[98.6,8.2],[98.6,8.1],[98.6,8.1]]],[[[98.6,8.0],[98.6,7.9],[98.5,8.1],[98.6,8.0]]],[[[98.5,1.6],[98.6,1.7],[98.6,1.6],[98.5,1.6]]],[[[98.3,-0.0],[98.5,-0.1],[98.5,-0.4],[98.3,-0.0]]],[[[98.4,11.8],[98.5,11.6],[98.4,11.6],[98.4,11.8]]],[[[98.5,10.9],[98.5,10.8],[98.5,10.9],[98.5,10.9]]],[[[98.5,11.0],[98.5,11.0],[98.5,10.9],[98.5,11.0]]],[[[98.5,-0.6],[98.5,-0.6],[98.5,-0.6],[98.5,-0.6]]],[[[98.5,12.5],[98.5,12.4],[98.5,12.5],[98.5,12.5]]],[[[98.3,-0.5],[98.5,-0.5],[98.4,-0.6],[98.3,-0.5]]],[[[98.5,9.6],[98.5,9.6],[98.5,9.6],[98.5,9.6]]],[[[98.3,12.3],[98.5,12.6],[98.3,12.3],[98.3,12.3]]],[[[98.5,11.0],[98.4,11.0],[98.5,11.0],[98.5,11.0]]],[[[98.4,8.1],[98.3,7.8],[98.3,8.2],[98.4,8.1]]],[[[98.4,7.9],[98.4,7.9],[98.4,7.9],[98.4,7.9]]],[[[98.4,9.7],[98.4,9.8],[98.4,9.8],[98.4,9.7]]],[[[98.2,9.0],[98.3,9.1],[98.3,9.0],[98.2,9.0]]],[[[98.3,11.8],[98.3,11.5],[98.2,11.4],[98.3,11.8]]],[[[98.2,13.1],[98.3,13.1],[98.3,12.9],[98.2,13.1]]],[[[98.3,11.3],[98.3,11.2],[98.2,11.3],[98.3,11.3]]],[[[98.1,9.8],[98.2,10.0],[98.3,10.1],[98.1,9.8]]],[[[98.3,12.6],[98.2,12.5],[98.2,12.5],[98.3,12.6]]],[[[98.3,11.9],[98.3,11.9],[98.3,11.9],[98.3,11.9]]],[[[98.3,10.8],[98.1,10.9],[98.1,11.0],[98.3,10.8]]],[[[98.3,12.0],[98.2,11.9],[98.2,12.0],[98.3,12.0]]],[[[98.2,10.5],[98.2,10.5],[98.2,10.5],[98.2,10.5]]],[[[98.2,10.2],[98.2,10.1],[98.2,10.2],[98.2,10.2]]],[[[98.0,12.2],[98.1,12.3],[98.1,12.1],[98.0,12.2]]],[[[98.0,12.4],[98.0,12.3],[97.9,12.3],[98.0,12.4]]],[[[98.0,11.7],[98.1,11.6],[98.1,11.6],[98.0,11.7]]],[[[98.0,9.8],[98.0,9.8],[98.1,9.8],[98.0,9.8]]],[[[97.9,10.9],[97.9,10.9],[97.9,10.8],[97.9,10.9]]],[[[97.9,10.4],[97.9,10.4],[97.9,10.4],[97.9,10.4]]],[[[97.9,1.0],[97.6,0.8],[97.1,1.4],[97.9,1.0]]],[[[97.9,13.8],[97.9,13.9],[97.9,13.8],[97.9,13.8]]],[[[97.9,13.9],[97.9,13.9],[97.9,13.9],[97.9,13.9]]],[[[97.8,9.5],[97.9,9.5],[97.9,9.4],[97.8,9.5]]],[[[97.8,9.4],[97.9,9.4],[97.9,9.4],[97.8,9.4]]],[[[97.9,-0.1],[97.9,-0.1],[97.8,-0.1],[97.9,-0.1]]],[[[97.9,12.8],[97.8,12.8],[97.8,12.8],[97.9,12.8]]],[[[97.8,12.6],[97.8,12.5],[97.8,12.6],[97.8,12.6]]],[[[97.8,14.1],[97.8,14.2],[97.8,14.2],[97.8,14.1]]],[[[97.7,11.9],[97.6,11.9],[97.7,11.9],[97.7,11.9]]],[[[97.7,15.6],[97.7,15.5],[97.7,15.5],[97.7,15.6]]],[[[97.6,16.5],[97.5,16.3],[97.5,16.5],[97.6,16.5]]],[[[97.5,11.8],[97.5,11.8],[97.4,11.8],[97.5,11.8]]],[[[97.3,2.0],[97.2,2.2],[97.1,2.2],[97.3,2.2],[97.3,2.0]]],[[[97.1,2.0],[97.1,2.1],[97.1,2.0],[97.1,2.0]]],[[[96.6,2.1],[96.7,2.1],[96.7,2.1],[96.6,2.1]]],[[[96.6,2.2],[96.6,2.2],[96.7,2.2],[96.6,2.2]]],[[[96.4,2.5],[95.7,2.8],[95.8,2.9],[96.4,2.5]]],[[[95.3,5.8],[95.3,5.9],[95.4,5.8],[95.3,5.8]]],[[[95.2,5.6],[95.1,5.7],[95.2,5.6],[95.2,5.6]]],[[[95.1,5.7],[95.1,5.8],[95.1,5.7],[95.1,5.7]]],[[[94.8,15.9],[94.7,15.8],[94.8,15.9],[94.8,15.9]]],[[[94.7,16.1],[94.4,15.9],[94.6,16.2],[94.7,16.1]]],[[[93.9,18.9],[93.5,19.3],[93.5,19.4],[93.7,19.2],[93.9,19.3],[93.9,18.9]]],[[[93.8,19.3],[93.7,19.6],[94.0,19.4],[93.8,19.3]]],[[[93.6,18.9],[93.7,18.7],[93.5,18.9],[93.6,18.9]]],[[[93.5,19.9],[93.4,19.8],[93.4,20.0],[93.5,19.9]]],[[[93.0,20.1],[92.9,20.1],[92.9,20.1],[93.0,20.1]]],[[[91.9,21.5],[92.0,21.6],[91.9,21.5],[91.9,21.5]]],[[[91.9,21.8],[91.8,21.9],[91.9,21.9],[91.9,21.8]]],[[[91.5,22.4],[91.4,22.6],[91.6,22.4],[91.5,22.4]]],[[[91.3,22.6],[91.3,22.6],[91.3,22.6],[91.3,22.6]]],[[[91.2,22.5],[91.2,22.4],[91.2,22.4],[91.2,22.5]]],[[[91.1,22.2],[91.2,22.2],[91.0,22.1],[91.1,22.2]]],[[[91.0,22.4],[91.1,22.4],[91.0,22.4],[91.0,22.4]]],[[[91.0,22.4],[91.0,22.4],[91.0,22.4],[91.0,22.4]]],[[[91.0,22.4],[91.0,22.5],[91.0,22.5],[91.0,22.4]]],[[[91.0,22.2],[91.0,22.2],[91.0,22.2],[91.0,22.2]]],[[[91.0,22.3],[91.0,22.3],[90.9,22.2],[91.0,22.3]]],[[[90.9,22.1],[91.0,22.1],[90.9,22.1],[90.9,22.1]]],[[[90.9,22.4],[90.7,22.4],[90.6,22.6],[90.6,22.6],[90.7,22.8],[90.9,22.4]]],[[[90.7,21.9],[90.7,21.9],[90.7,21.9],[90.7,21.9]]],[[[90.7,22.0],[90.7,22.0],[90.7,21.9],[90.7,22.0]]],[[[90.5,22.7],[90.6,22.9],[90.7,22.8],[90.5,22.7]]],[[[90.7,23.5],[90.7,23.5],[90.7,23.5],[90.7,23.5]]],[[[90.6,21.9],[90.6,21.9],[90.6,21.9],[90.6,21.9]]],[[[90.7,22.5],[90.6,22.4],[90.7,22.5],[90.7,22.5]]],[[[90.6,23.0],[90.7,22.9],[90.5,23.0],[90.6,23.0]]],[[[90.6,22.4],[90.7,22.4],[90.6,22.3],[90.6,22.4]]],[[[90.5,22.1],[90.6,22.2],[90.5,22.0],[90.5,22.1]]],[[[90.5,21.9],[90.5,21.9],[90.5,21.9],[90.5,21.9]]],[[[90.6,23.3],[90.4,23.3],[90.4,23.4],[90.5,23.4],[90.6,23.3]]],[[[90.6,23.6],[90.6,23.6],[90.6,23.6],[90.6,23.6]]],[[[90.5,23.1],[90.5,23.0],[90.5,23.1],[90.5,23.1]]],[[[90.5,22.2],[90.5,22.2],[90.5,22.2],[90.5,22.2]]],[[[90.5,23.1],[90.5,23.0],[90.5,23.1],[90.5,23.1]]],[[[90.5,21.8],[90.5,21.8],[90.5,21.8],[90.5,21.8]]],[[[90.4,22.0],[90.5,22.0],[90.4,21.9],[90.4,22.0]]],[[[90.5,21.9],[90.4,21.8],[90.4,21.8],[90.5,21.9]]],[[[90.3,21.9],[90.4,22.0],[90.3,21.8],[90.3,21.9]]],[[[90.4,22.0],[90.4,22.0],[90.3,22.0],[90.4,22.0]]],[[[89.1,21.8],[89.1,21.8],[89.1,21.9],[89.1,21.8]]],[[[86.3,20.0],[86.3,20.0],[86.3,20.0],[86.3,20.0]]],[[[80.2,6.0],[80.3,9.8],[81.7,6.5],[80.2,6.0]]],[[[81.8,7.6],[81.8,7.6],[81.7,7.7],[81.8,7.6]]],[[[81.7,7.7],[81.7,7.7],[81.7,7.7],[81.7,7.7]]],[[[81.0,15.8],[80.9,15.8],[80.9,15.8],[81.0,15.8]]],[[[79.9,9.8],[79.9,9.6],[79.9,9.8],[79.9,9.8]]],[[[79.9,9.0],[79.8,9.1],[79.9,9.0],[79.9,9.0]]],[[[79.7,9.5],[79.7,9.5],[79.7,9.6],[79.7,9.5]]],[[[72.7,21.6],[72.6,21.7],[72.8,21.7],[72.7,21.6]]],[[[67.5,24.1],[67.4,24.0],[67.4,24.1],[67.5,24.1]]]]}},{"id":"4","type":"Feature","properties":{},"geometry":{"type":"MultiPolygon","coordinates":[[[[178.6,-37.7],[174.6,-41.3],[174.9,-37.1],[172.7,-34.4],[174.3,-35.2],[174.8,-36.8],[176.0,-37.6],[177.2,-38.0],[178.6,-37.7]]],[[[177.0,-37.9],[177.0,-37.9],[177.0,-37.9],[177.0,-37.9]]],[[[176.4,-37.6],[176.4,-37.6],[176.4,-37.7],[176.4,-37.6]]],[[[175.8,-36.6],[175.8,-36.6],[175.8,-36.6],[175.8,-36.6]]],[[[175.4,-36.2],[175.5,-36.2],[175.5,-36.4],[175.4,-36.2]]],[[[175.2,-36.8],[175.2,-36.7],[175.2,-36.8],[175.2,-36.8]]],[[[175.1,-36.2],[175.2,-36.2],[175.1,-36.2],[175.1,-36.2]]],[[[174.9,-36.4],[174.9,-36.5],[174.8,-36.5],[174.9,-36.4]]],[[[174.2,-41.2],[174.4,-41.1],[174.4,-41.2],[174.2,-41.2]]],[[[174.3,-41.8],[169.7,-46.6],[166.5,-46.0],[172.6,-40.5],[173.1,-41.3],[174.3,-41.0],[174.0,-41.2],[174.3,-41.8]]],[[[173.8,-40.8],[173.9,-40.9],[173.8,-40.9],[173.8,-40.8]]],[[[172.2,-34.1],[172.1,-34.2],[172.1,-34.2],[172.2,-34.1]]],[[[167.8,-46.7],[168.2,-47.1],[167.5,-47.3],[167.8,-46.7]]],[[[167.7,-46.8],[167.7,-46.8],[167.7,-46.8],[167.7,-46.8]]],[[[167.4,-47.2],[167.5,-47.2],[167.5,-47.2],[167.4,-47.2]]],[[[167.0,-45.2],[166.9,-45.3],[167.0,-45.2],[167.0,-45.2]]],[[[166.7,-45.6],[166.7,-45.7],[166.5,-45.7],[166.7,-45.6]]],[[[166.6,-48.0],[166.6,-48.1],[166.6,-48.0],[166.6,-48.0]]],[[[114.4,-22.3],[121.1,-19.6],[122.9,-16.4],[123.6,-17.6],[123.6,-16.2],[123.9,-16.4],[124.9,-16.4],[126.0,-13.9],[128.0,-15.5],[129.7,-15.2],[130.6,-12.4],[132.8,-12.1],[132.7,-11.7],[132.5,-11.5],[132.1,-11.5],[131.8,-11.3],[132.0,-11.1],[132.2,-11.4],[132.3,-11.1],[132.7,-11.5],[132.9,-11.3],[133.2,-11.7],[135.2,-12.3],[135.9,-11.8],[136.0,-12.5],[136.6,-11.9],[135.5,-14.9],[136.8,-15.9],[137.7,-16.2],[138.2,-16.7],[139.0,-16.9],[139.3,-17.3],[140.5,-17.6],[142.5,-10.7],[146.3,-18.9],[147.7,-19.8],[148.8,-20.2],[149.7,-22.5],[152.9,-25.3],[153.1,-27.3],[153.6,-28.9],[150.0,-37.5],[147.8,-38.0],[146.2,-38.7],[146.4,-39.1],[145.4,-38.2],[145.3,-38.2],[144.9,-38.5],[144.9,-37.9],[140.5,-38.0],[138.1,-34.1],[137.7,-35.1],[136.9,-35.3],[137.4,-34.9],[138.0,-33.6],[137.8,-32.5],[136.0,-35.0],[134.2,-32.5],[133.6,-32.1],[132.2,-32.0],[131.2,-31.5],[116.6,-35.0],[115.0,-34.3],[115.7,-33.3],[115.7,-31.9],[113.2,-26.2],[114.4,-22.3]],[[148.8,-35.7],[149.4,-35.3],[149.1,-35.2],[148.8,-35.7]]],[[[153.5,-27.7],[153.4,-27.4],[153.5,-27.4],[153.5,-27.7]]],[[[153.4,-27.2],[153.5,-27.0],[153.4,-27.4],[153.4,-27.2]]],[[[153.4,-25.0],[152.9,-25.6],[153.3,-24.7],[153.4,-25.0]]],[[[153.0,-25.3],[153.0,-25.3],[153.0,-25.3],[153.0,-25.3]]],[[[151.4,-23.9],[151.3,-23.8],[151.4,-23.9],[151.4,-23.9]]],[[[151.2,-23.8],[151.1,-23.4],[151.3,-23.8],[151.2,-23.8]]],[[[151.0,-23.2],[151.0,-23.2],[150.9,-23.2],[151.0,-23.2]]],[[[150.5,-22.3],[150.6,-22.3],[150.5,-22.4],[150.5,-22.3]]],[[[150.4,-21.7],[150.3,-21.8],[150.3,-21.7],[150.4,-21.7]]],[[[150.3,-21.6],[150.3,-21.7],[150.2,-21.7],[150.3,-21.6]]],[[[149.9,-22.2],[149.9,-22.1],[149.9,-22.2],[149.9,-22.2]]],[[[149.7,-22.4],[149.8,-22.4],[149.7,-22.4],[149.7,-22.4]]],[[[149.1,-20.5],[149.1,-20.5],[149.1,-20.5],[149.1,-20.5]]],[[[149.0,-20.2],[149.0,-20.3],[149.0,-20.3],[149.0,-20.2]]],[[[148.9,-20.1],[149.0,-20.1],[148.9,-20.2],[148.9,-20.1]]],[[[148.4,-20.0],[148.5,-20.0],[148.5,-20.0],[148.4,-20.0]]],[[[148.3,-40.5],[148.0,-40.4],[148.5,-40.4],[148.3,-40.5]]],[[[146.8,-43.6],[145.5,-43.0],[144.7,-40.8],[148.3,-40.9],[146.8,-43.6]]],[[[148.2,-42.3],[148.3,-42.3],[148.3,-42.4],[148.2,-42.3]]],[[[148.3,-40.2],[147.8,-39.9],[148.0,-39.7],[148.3,-40.2]]],[[[148.2,-40.6],[148.1,-40.5],[148.2,-40.5],[148.2,-40.6]]],[[[148.0,-42.6],[148.2,-42.7],[148.0,-42.8],[148.0,-42.6]]],[[[147.3,-43.2],[147.4,-43.1],[147.4,-43.3],[147.3,-43.2]]],[[[147.3,-39.5],[147.3,-39.4],[147.4,-39.5],[147.3,-39.5]]],[[[147.1,-43.4],[147.3,-43.5],[147.2,-43.5],[147.1,-43.4]]],[[[147.3,-39.4],[147.3,-39.5],[147.3,-39.5],[147.3,-39.4]]],[[[146.8,-19.2],[146.9,-19.1],[146.9,-19.2],[146.8,-19.2]]],[[[146.5,-38.8],[146.6,-38.7],[146.7,-38.8],[146.5,-38.8]]],[[[146.4,-18.4],[146.2,-18.4],[146.1,-18.3],[146.4,-18.4]]],[[[145.3,-38.4],[145.4,-38.3],[145.5,-38.4],[145.3,-38.4]]],[[[145.4,-38.6],[145.1,-38.5],[145.3,-38.5],[145.4,-38.6]]],[[[144.9,-40.7],[145.0,-40.7],[145.0,-40.7],[144.9,-40.7]]],[[[144.9,-40.5],[145.0,-40.4],[144.9,-40.5],[144.9,-40.5]]],[[[144.7,-40.5],[144.8,-40.5],[144.7,-40.6],[144.7,-40.5]]],[[[144.1,-39.9],[143.9,-39.7],[144.0,-39.6],[144.1,-39.9]]],[[[142.2,-10.2],[142.3,-10.2],[142.3,-10.3],[142.2,-10.2]]],[[[142.3,-10.5],[142.3,-10.5],[142.3,-10.5],[142.3,-10.5]]],[[[142.3,-10.6],[142.2,-10.6],[142.3,-10.6],[142.3,-10.6]]],[[[142.2,-10.8],[142.2,-10.6],[142.3,-10.7],[142.2,-10.8]]],[[[142.2,-10.6],[142.2,-10.5],[142.2,-10.5],[142.2,-10.6]]],[[[142.1,-10.1],[142.2,-10.1],[142.2,-10.2],[142.1,-10.1]]],[[[139.1,-16.8],[139.5,-16.4],[139.7,-16.5],[139.1,-16.8]]],[[[139.4,-17.1],[139.6,-17.1],[139.4,-17.1],[139.4,-17.1]]],[[[139.1,-16.8],[139.1,-16.9],[139.1,-16.9],[139.1,-16.8]]],[[[137.3,-35.6],[137.5,-36.1],[136.5,-35.9],[137.3,-35.6]]],[[[137.3,-34.5],[137.4,-34.5],[137.4,-34.5],[137.3,-34.5]]],[[[137.0,-15.8],[137.0,-15.6],[137.1,-15.8],[137.0,-15.8]]],[[[136.7,-14.2],[136.4,-14.2],[136.7,-13.7],[136.7,-14.2]]],[[[136.8,-15.5],[136.9,-15.6],[136.8,-15.6],[136.8,-15.5]]],[[[136.8,-12.1],[136.8,-12.1],[136.8,-12.1],[136.8,-12.1]]],[[[136.7,-15.6],[136.8,-15.7],[136.7,-15.8],[136.7,-15.6]]],[[[136.5,-11.4],[136.7,-11.2],[136.5,-11.5],[136.5,-11.4]]],[[[136.7,-15.8],[136.7,-15.7],[136.7,-15.7],[136.7,-15.8]]],[[[136.5,-11.8],[136.6,-11.8],[136.5,-11.8],[136.5,-11.8]]],[[[136.5,-15.5],[136.6,-15.6],[136.5,-15.6],[136.5,-15.5]]],[[[136.5,-11.8],[136.5,-11.8],[136.5,-11.9],[136.5,-11.8]]],[[[136.4,-35.2],[136.5,-35.2],[136.5,-35.2],[136.4,-35.2]]],[[[136.2,-11.7],[136.3,-11.6],[136.5,-11.5],[136.4,-11.6],[136.2,-11.7]]],[[[136.2,-12.0],[136.3,-12.0],[136.2,-12.1],[136.2,-12.0]]],[[[136.3,-13.7],[136.1,-13.8],[136.2,-13.7],[136.3,-13.7]]],[[[136.2,-35.1],[136.2,-35.0],[136.2,-35.1],[136.2,-35.1]]],[[[136.1,-13.4],[136.2,-13.4],[136.2,-13.5],[136.1,-13.4]]],[[[136.0,-11.7],[136.0,-11.7],[136.1,-11.7],[136.0,-11.7]]],[[[135.7,-14.8],[135.8,-14.9],[135.7,-14.9],[135.7,-14.8]]],[[[135.1,-11.9],[135.1,-11.9],[135.1,-11.9],[135.1,-11.9]]],[[[134.9,-12.0],[135.0,-12.0],[134.9,-12.1],[134.9,-12.0]]],[[[134.9,-12.1],[134.9,-12.1],[134.9,-12.1],[134.9,-12.1]]],[[[134.5,-33.7],[134.5,-33.7],[134.5,-33.8],[134.5,-33.7]]],[[[133.6,-32.3],[133.7,-32.2],[133.7,-32.2],[133.6,-32.3]]],[[[133.5,-11.5],[133.4,-11.5],[133.4,-11.5],[133.5,-11.5]]],[[[133.4,-11.6],[133.5,-11.6],[133.4,-11.7],[133.4,-11.6]]],[[[132.6,-11.7],[132.5,-11.6],[132.6,-11.7],[132.6,-11.7]]],[[[132.5,-11.2],[132.6,-11.1],[132.6,-11.3],[132.5,-11.2]]],[[[132.4,-12.1],[132.4,-12.1],[132.4,-12.1],[132.4,-12.1]]],[[[131.0,-11.9],[130.4,-11.2],[131.5,-11.4],[131.0,-11.9]]],[[[130.6,-11.8],[130.0,-11.8],[130.3,-11.3],[130.6,-11.8]]],[[[129.6,-14.8],[129.6,-14.9],[129.6,-14.9],[129.6,-14.8]]],[[[129.5,-14.9],[129.6,-14.9],[129.6,-15.0],[129.5,-14.9]]],[[[128.4,-15.0],[128.4,-15.0],[128.4,-15.0],[128.4,-15.0]]],[[[128.1,-15.1],[128.2,-15.1],[128.2,-15.2],[128.1,-15.1]]],[[[126.6,-13.9],[126.5,-13.9],[126.6,-13.9],[126.6,-13.9]]],[[[125.1,-14.6],[125.2,-14.5],[125.1,-14.6],[125.1,-14.6]]],[[[124.9,-15.0],[124.9,-14.9],[124.9,-15.0],[124.9,-15.0]]],[[[124.8,-15.3],[124.8,-15.2],[124.9,-15.3],[124.8,-15.3]]],[[[124.5,-15.4],[124.6,-15.3],[124.6,-15.4],[124.5,-15.4]]],[[[124.4,-15.3],[124.4,-15.2],[124.4,-15.3],[124.4,-15.3]]],[[[123.2,-34.1],[123.2,-34.1],[123.2,-34.1],[123.2,-34.1]]],[[[122.2,-34.1],[122.3,-34.1],[122.2,-34.2],[122.2,-34.1]]],[[[118.5,-34.9],[118.5,-34.9],[118.5,-34.9],[118.5,-34.9]]],[[[115.6,-32.2],[115.7,-32.2],[115.7,-32.2],[115.6,-32.2]]],[[[115.5,-20.8],[115.3,-20.8],[115.4,-20.7],[115.5,-20.8]]],[[[113.0,-25.8],[113.0,-25.5],[113.2,-26.1],[113.0,-25.8]]],[[[113.1,-24.9],[113.1,-24.9],[113.1,-25.0],[113.1,-24.9]]],[[[113.1,-25.2],[113.1,-25.1],[113.1,-25.3],[113.1,-25.2]]]]}},{"id":"5","type":"Feature","properties":{},"geometry":{"type":"MultiPolygon","coordinates":[[[[56.8,73.2],[53.6,73.8],[58.8,75.8],[68.9,76.8],[58.2,74.6],[56.8,73.2]]],[[[-7.0,37.2],[-9.5,38.7],[-9.2,43.2],[-1.6,43.4],[-0.5,44.9],[-1.1,46.3],[-1.7,47.2],[-4.8,48.4],[-1.4,48.6],[-1.9,49.7],[2.5,51.1],[6.4,49.5],[7.1,53.6],[9.8,53.5],[8.9,53.9],[9.0,54.5],[8.6,54.8],[8.3,54.7],[8.7,55.1],[8.6,55.4],[8.1,55.5],[8.2,56.7],[8.7,56.5],[9.1,56.8],[9.1,56.6],[9.3,56.5],[10.0,57.1],[11.0,56.4],[9.5,55.7],[9.4,54.8],[10.8,53.9],[22.8,54.4],[21.0,56.4],[24.4,57.2],[24.6,58.3],[23.5,59.2],[30.2,59.9],[28.7,60.7],[21.4,60.6],[21.5,63.2],[22.3,63.3],[25.4,65.0],[24.7,65.9],[22.6,65.9],[17.3,62.5],[17.3,60.7],[19.1,59.8],[16.0,59.5],[17.4,59.2],[17.4,59.3],[17.8,59.3],[18.3,59.4],[18.5,59.3],[18.4,59.4],[18.7,59.3],[18.3,59.3],[17.9,58.9],[17.7,59.2],[16.2,58.6],[15.9,56.1],[13.0,55.4],[12.9,56.6],[10.7,59.9],[8.2,58.1],[5.5,58.7],[6.6,59.1],[6.5,59.6],[5.5,59.3],[5.2,59.5],[7.1,60.5],[5.0,61.0],[7.1,60.9],[7.6,61.5],[7.0,61.1],[5.0,61.2],[6.8,61.9],[5.1,61.9],[5.4,62.0],[5.1,62.2],[7.1,62.1],[10.9,63.5],[11.5,64.0],[9.5,63.8],[10.5,64.4],[11.2,64.3],[12.2,64.9],[11.3,64.9],[12.6,65.1],[12.9,65.3],[13.5,66.9],[15.7,67.2],[14.8,67.8],[17.4,68.2],[18.3,69.5],[19.9,69.3],[25.9,70.9],[25.1,70.5],[25.2,70.1],[28.2,71.1],[28.0,70.1],[28.9,70.9],[31.1,70.3],[28.6,70.2],[29.5,69.7],[41.0,67.7],[38.6,66.1],[34.5,66.5],[32.7,67.1],[31.9,67.2],[34.8,65.9],[34.8,64.5],[37.4,63.8],[36.4,64.9],[40.5,64.5],[40.4,64.9],[39.7,65.4],[39.8,65.6],[42.2,66.5],[44.2,65.9],[43.3,68.7],[46.5,68.1],[44.9,67.4],[46.4,66.7],[53.8,69.0],[53.2,68.3],[54.8,68.2],[55.3,68.6],[57.3,68.6],[58.9,69.0],[59.8,68.4],[60.9,69.9],[65.0,69.3],[66.2,67.7],[59.7,64.8],[58.3,59.5],[59.5,58.5],[57.2,56.9],[59.3,56.1],[57.2,54.8],[59.9,54.9],[58.8,52.5],[61.4,50.8],[50.8,51.8],[47.5,50.4],[46.5,48.4],[49.3,46.3],[47.4,45.7],[47.1,44.8],[39.2,47.3],[35.9,46.7],[35.2,46.1],[35.0,46.1],[35.3,46.3],[35.2,46.4],[35.1,46.3],[34.7,46.2],[34.5,46.0],[34.2,46.3],[31.8,46.3],[32.6,46.6],[31.7,47.2],[28.9,44.9],[28.0,42.0],[22.6,40.5],[22.5,38.9],[24.1,37.8],[23.6,38.0],[23.0,37.9],[22.5,36.4],[21.1,37.9],[23.2,38.2],[20.0,39.7],[23.0,41.8],[19.0,43.6],[18.5,42.4],[16.9,43.4],[16.0,43.5],[15.2,44.2],[15.5,44.3],[15.0,44.6],[14.8,45.1],[14.5,45.3],[13.8,44.9],[13.5,45.5],[15.3,45.5],[16.1,46.9],[13.7,46.5],[12.2,45.3],[18.5,40.1],[16.9,40.4],[16.1,37.9],[15.7,40.0],[8.7,44.4],[3.3,43.2],[-2.1,36.7],[-5.6,36.0],[-6.6,37.0],[-7.0,37.2]],[[27.2,47.9],[28.2,45.5],[30.1,46.4],[29.1,48.0],[27.2,47.9]],[[12.5,44.0],[12.4,43.9],[12.5,43.9],[12.5,44.0]],[[9.3,47.7],[8.6,47.8],[7.0,47.5],[6.0,46.2],[10.1,46.2],[9.3,47.7]],[[1.5,42.7],[1.7,42.5],[1.8,42.6],[1.5,42.7]]],[[[11.0,54.4],[11.0,54.4],[11.0,54.4],[11.0,54.4]]],[[[62.5,80.8],[64.7,81.2],[65.5,80.9],[62.5,80.8]]],[[[62.1,81.7],[62.8,81.7],[63.8,81.7],[62.1,81.7]]],[[[59.3,80.7],[61.6,80.9],[62.3,80.8],[61.0,80.4],[59.3,80.7]]],[[[62.2,81.6],[61.9,81.5],[61.7,81.6],[62.2,81.6]]],[[[60.7,81.1],[61.7,81.1],[60.0,81.0],[60.7,81.1]]],[[[60.1,81.3],[60.4,81.2],[59.7,81.3],[60.1,81.3]]],[[[60.5,69.8],[59.0,69.9],[58.4,70.3],[60.5,69.8]]],[[[60.5,76.2],[60.2,76.1],[59.9,76.1],[60.5,76.2]]],[[[60.0,80.2],[60.3,80.2],[59.9,80.2],[60.0,80.2]]],[[[58.9,80.1],[59.9,80.0],[58.8,80.0],[58.9,80.1]]],[[[59.6,81.2],[59.5,81.2],[59.0,81.2],[59.6,81.2]]],[[[57.9,81.7],[59.2,81.9],[59.4,81.8],[57.9,81.7]]],[[[59.0,81.4],[59.4,81.3],[58.5,81.3],[59.0,81.4]]],[[[59.2,75.9],[59.1,75.9],[59.0,75.9],[59.2,75.9]]],[[[57.8,80.1],[56.9,80.5],[59.3,80.3],[57.8,80.1]]],[[[59.2,76.0],[58.8,75.9],[58.7,75.9],[59.2,76.0]]],[[[59.2,69.1],[58.9,69.3],[58.8,69.3],[59.2,69.2],[59.2,69.1]]],[[[59.1,74.4],[58.9,74.4],[59.1,74.4],[59.1,74.4]]],[[[58.2,80.9],[59.0,80.8],[57.8,80.8],[58.2,80.9]]],[[[58.7,80.0],[59.0,79.9],[58.3,79.9],[58.7,80.0]]],[[[58.8,80.6],[58.8,80.6],[58.9,80.6],[58.8,80.6]]],[[[58.8,81.1],[58.6,81.1],[58.5,81.1],[58.8,81.1]]],[[[58.3,81.6],[58.5,81.6],[58.2,81.6],[58.3,81.6]]],[[[58.0,81.1],[58.4,80.9],[57.8,81.0],[58.0,81.1]]],[[[58.4,81.2],[58.4,81.1],[58.1,81.1],[58.4,81.2]]],[[[58.1,81.4],[56.7,81.4],[58.6,81.4],[58.1,81.4]]],[[[56.1,81.1],[57.5,81.0],[58.3,80.9],[56.1,81.1]]],[[[57.7,81.2],[57.5,81.1],[57.0,81.2],[57.7,81.2]]],[[[57.4,80.6],[57.9,80.6],[57.2,80.6],[57.4,80.6]]],[[[57.3,68.8],[57.9,68.8],[57.2,68.7],[57.3,68.8]]],[[[55.4,81.3],[56.6,81.4],[57.9,81.3],[56.5,81.2],[55.4,81.3]]],[[[54.4,81.0],[56.1,81.0],[57.7,80.8],[54.4,81.0]]],[[[57.6,70.7],[53.5,70.8],[54.2,71.1],[51.4,71.8],[53.3,73.2],[56.4,73.2],[55.1,72.4],[57.6,70.7]]],[[[57.0,70.5],[57.1,70.6],[57.2,70.5],[57.0,70.5]]],[[[55.7,80.1],[57.1,80.3],[57.1,80.1],[55.7,80.1]]],[[[56.5,80.8],[56.9,80.7],[55.4,80.7],[56.5,80.8]]],[[[55.9,80.4],[56.2,80.4],[55.8,80.4],[55.9,80.4]]],[[[54.0,80.8],[55.3,80.9],[56.0,80.8],[54.0,80.8]]],[[[55.1,80.3],[55.5,80.3],[54.9,80.3],[55.1,80.3]]],[[[55.4,68.9],[55.5,68.9],[55.2,68.9],[55.4,68.9]]],[[[55.2,80.4],[55.2,80.4],[55.0,80.4],[55.2,80.4]]],[[[54.7,80.6],[55.2,80.5],[54.6,80.5],[54.7,80.6]]],[[[54.7,80.5],[54.7,80.4],[54.4,80.4],[54.7,80.5]]],[[[54.6,69.0],[54.6,68.9],[54.6,69.0],[54.6,69.0]]],[[[53.8,80.5],[54.3,80.6],[54.5,80.5],[53.8,80.5]]],[[[54.2,80.2],[54.4,80.3],[54.4,80.2],[54.2,80.2]]],[[[54.2,81.4],[54.4,81.3],[54.1,81.3],[54.2,81.4]]],[[[54.2,68.3],[54.3,68.3],[54.2,68.2],[54.2,68.3]]],[[[53.9,68.4],[54.0,68.3],[53.9,68.3],[53.9,68.4]]],[[[52.2,80.3],[53.2,80.4],[53.9,80.3],[52.2,80.3]]],[[[53.5,71.2],[53.6,71.1],[53.4,71.1],[53.5,71.2]]],[[[53.5,80.5],[53.1,80.6],[53.4,80.6],[53.5,80.5]]],[[[53.3,71.3],[53.2,71.3],[53.1,71.4],[53.3,71.3]]],[[[53.2,71.2],[52.3,71.2],[52.2,71.3],[53.2,71.2]]],[[[52.3,80.4],[52.3,80.3],[52.2,80.4],[52.3,80.4]]],[[[46.6,80.3],[48.2,80.3],[50.2,80.9],[51.7,80.7],[48.4,80.1],[46.6,80.3]]],[[[50.0,80.0],[51.0,80.1],[51.5,79.9],[50.0,80.0]]],[[[50.9,68.4],[51.5,68.5],[50.8,68.4],[50.9,68.4]]],[[[50.4,81.0],[50.5,81.2],[51.0,81.1],[50.4,81.0]]],[[[50.0,80.1],[50.0,80.2],[50.3,80.2],[50.0,80.1]]],[[[48.6,68.7],[49.2,69.5],[50.3,69.1],[48.6,68.7]]],[[[49.5,80.1],[49.4,80.0],[49.3,80.1],[49.5,80.1]]],[[[49.4,80.0],[49.2,80.0],[49.2,80.0],[49.4,80.0]]],[[[48.8,80.6],[44.9,80.6],[47.5,80.9],[48.8,80.6]]],[[[48.6,45.7],[48.5,45.9],[48.7,45.7],[48.6,45.7]]],[[[48.3,45.8],[48.4,45.8],[48.5,45.7],[48.3,45.8]]],[[[47.9,45.6],[48.0,45.5],[48.0,45.5],[47.9,45.6]]],[[[42.6,66.8],[42.6,66.7],[42.4,66.8],[42.6,66.8]]],[[[40.3,64.8],[40.2,64.6],[40.0,64.7],[40.3,64.8]]],[[[40.3,64.9],[40.2,65.0],[40.2,65.0],[40.3,64.9]]],[[[36.8,80.2],[36.7,80.1],[36.6,80.2],[36.8,80.2]]],[[[36.2,65.2],[36.0,65.2],[36.3,65.2],[36.2,65.2]]],[[[36.0,64.4],[35.9,64.4],[35.9,64.4],[36.0,64.4]]],[[[35.8,65.2],[35.7,65.0],[35.5,65.2],[35.8,65.2]]],[[[35.0,45.8],[34.7,46.1],[34.8,46.1],[35.0,45.8]]],[[[34.4,69.3],[34.0,69.4],[34.4,69.3],[34.4,69.3]]],[[[34.2,46.1],[34.2,46.2],[34.3,46.1],[34.2,46.1]]],[[[31.5,80.1],[33.6,80.2],[31.4,80.1],[31.5,80.1]]],[[[32.9,46.1],[33.0,46.0],[32.8,46.0],[32.9,46.1]]],[[[32.2,46.1],[31.6,46.3],[31.5,46.4],[32.2,46.1]]],[[[30.1,79.0],[30.3,79.0],[30.1,79.0],[30.1,79.0]]],[[[30.1,69.8],[30.1,69.8],[30.1,69.8],[30.1,69.8]]],[[[29.7,69.8],[30.0,69.9],[30.0,69.8],[29.7,69.8]]],[[[28.0,78.9],[28.6,79.0],[29.7,78.9],[28.0,78.9]]],[[[28.7,60.3],[28.6,60.3],[28.6,60.3],[28.7,60.3]]],[[[27.8,80.1],[27.7,80.1],[28.1,80.1],[27.8,80.1]]],[[[17.8,80.1],[27.2,79.9],[23.5,79.2],[17.8,80.1]]],[[[26.7,78.6],[26.6,78.8],[27.0,78.7],[26.7,78.6]]],[[[26.4,36.5],[26.4,36.6],[26.5,36.6],[26.4,36.5]]],[[[25.4,71.0],[25.3,71.0],[26.2,71.0],[25.4,71.0]]],[[[26.0,36.9],[25.8,36.8],[25.7,36.8],[26.0,36.9]]],[[[25.8,60.2],[25.8,60.2],[25.8,60.2],[25.8,60.2]]],[[[25.8,36.4],[25.9,36.4],[25.7,36.4],[25.8,36.4]]],[[[25.8,37.1],[25.8,37.1],[25.8,37.1],[25.8,37.1]]],[[[25.7,40.5],[25.6,40.4],[25.4,40.5],[25.7,40.5]]],[[[25.7,36.9],[25.7,36.9],[25.6,36.9],[25.7,36.9]]],[[[25.6,60.3],[25.6,60.2],[25.6,60.3],[25.6,60.3]]],[[[25.3,37.1],[25.6,37.0],[25.4,36.9],[25.3,37.1]]],[[[24.9,76.4],[25.5,76.7],[25.6,76.7],[24.9,76.4]]],[[[25.4,36.4],[25.5,36.4],[25.5,36.3],[25.4,36.3],[25.4,36.4]]],[[[25.5,36.8],[25.4,36.8],[25.5,36.9],[25.5,36.8]]],[[[25.3,37.5],[25.4,37.4],[25.3,37.5],[25.3,37.5]]],[[[25.4,36.4],[25.4,36.4],[25.4,36.4],[25.4,36.4]]],[[[25.3,36.7],[25.4,36.7],[25.4,36.7],[25.3,36.7]]],[[[25.2,37.0],[25.2,37.1],[25.3,37.1],[25.2,37.0]]],[[[25.1,37.7],[25.2,37.5],[25.0,37.7],[25.1,37.7]]],[[[25.1,36.7],[25.1,36.7],[25.1,36.6],[25.1,36.7]]],[[[25.0,37.0],[25.1,37.0],[25.1,36.9],[25.0,37.0]]],[[[24.7,64.9],[24.7,65.1],[25.0,65.0],[24.7,64.9]]],[[[24.9,37.7],[25.0,37.9],[25.0,37.7],[24.9,37.7]]],[[[24.9,37.5],[25.0,37.4],[24.9,37.4],[24.9,37.5]]],[[[24.9,36.6],[24.9,36.6],[25.0,36.6],[24.9,36.6]]],[[[22.8,77.3],[20.9,78.1],[24.9,77.7],[22.8,77.3]]],[[[24.8,71.0],[24.8,71.1],[24.9,71.1],[24.8,71.0]]],[[[24.8,40.6],[24.6,40.8],[24.8,40.7],[24.8,40.6]]],[[[24.6,37.0],[24.8,37.0],[24.7,36.9],[24.6,37.0]]],[[[24.5,38.8],[24.6,38.9],[24.7,38.8],[24.5,38.8]]],[[[24.6,36.8],[24.7,36.8],[24.7,36.7],[24.6,36.8]]],[[[24.5,36.8],[24.6,36.8],[24.5,36.8],[24.5,36.8]]],[[[24.6,38.0],[23.2,38.8],[22.8,38.8],[23.3,39.0],[24.2,38.6],[24.6,38.0]]],[[[24.3,36.7],[24.5,36.7],[24.3,36.7],[24.3,36.7]]],[[[24.5,37.1],[24.5,37.2],[24.5,37.2],[24.5,37.1]]],[[[24.5,65.8],[24.4,65.8],[24.5,65.8],[24.5,65.8]]],[[[24.4,37.5],[24.4,37.3],[24.4,37.3],[24.4,37.5]]],[[[24.3,37.5],[24.3,37.7],[24.4,37.7],[24.3,37.5]]],[[[24.1,80.4],[24.3,80.4],[24.4,80.4],[24.1,80.4]]],[[[24.2,80.5],[24.2,80.5],[24.0,80.5],[24.2,80.5]]],[[[23.9,71.0],[24.2,71.0],[24.2,71.0],[23.9,71.0]]],[[[23.8,70.5],[23.8,70.7],[24.1,70.6],[23.8,70.5]]],[[[24.0,58.1],[24.0,58.2],[24.0,58.1],[24.0,58.1]]],[[[23.9,39.2],[23.9,39.3],[24.0,39.3],[23.9,39.2]]],[[[23.7,39.1],[23.8,39.1],[23.8,39.1],[23.7,39.1]]],[[[23.4,59.9],[23.5,60.0],[23.7,59.9],[23.4,59.9]]],[[[22.9,70.4],[23.5,70.6],[23.7,70.5],[22.9,70.4]]],[[[23.5,37.4],[23.6,37.4],[23.4,37.3],[23.5,37.4]]],[[[23.4,37.8],[23.6,37.8],[23.5,37.7],[23.4,37.8]]],[[[23.5,38.0],[23.5,37.9],[23.4,37.9],[23.5,38.0]]],[[[23.5,37.5],[23.5,37.5],[23.4,37.5],[23.5,37.5]]],[[[23.4,39.2],[23.5,39.2],[23.4,39.1],[23.4,39.2]]],[[[22.9,70.5],[21.9,70.6],[23.5,70.8],[22.9,70.5]]],[[[23.2,58.7],[23.2,58.5],[23.1,58.6],[23.2,58.7]]],[[[23.3,59.0],[23.2,59.0],[23.1,59.0],[23.3,59.0]]],[[[22.0,57.9],[21.8,58.5],[23.3,58.4],[22.0,57.9]]],[[[23.3,35.9],[23.3,35.9],[23.3,35.9],[23.3,35.9]]],[[[23.0,77.3],[23.3,77.3],[23.3,77.3],[23.0,77.3]]],[[[23.1,37.3],[23.2,37.3],[23.2,37.2],[23.1,37.3]]],[[[23.0,36.4],[23.0,36.1],[22.9,36.3],[23.0,36.4]]],[[[23.0,59.9],[22.8,60.0],[23.1,60.0],[23.0,59.9]]],[[[22.6,58.7],[22.0,58.9],[23.0,58.8],[22.6,58.7]]],[[[22.8,70.2],[22.7,70.4],[23.0,70.3],[22.8,70.2]]],[[[22.9,63.8],[22.8,63.9],[22.9,63.8],[22.9,63.8]]],[[[22.7,60.0],[22.4,60.2],[22.8,60.2],[22.7,60.0]]],[[[22.4,60.4],[22.4,60.3],[22.3,60.3],[22.4,60.4]]],[[[22.4,60.0],[22.4,60.1],[22.4,60.1],[22.4,60.0]]],[[[22.1,60.3],[22.1,60.3],[22.3,60.3],[22.1,60.3]]],[[[22.2,60.2],[22.3,60.2],[22.2,60.2],[22.2,60.2]]],[[[20.1,78.5],[22.0,78.6],[22.3,78.3],[20.7,78.2],[20.1,78.5]]],[[[22.1,63.3],[22.2,63.3],[22.0,63.3],[22.1,63.3]]],[[[21.9,60.2],[22.0,60.1],[21.9,60.1],[21.9,60.2]]],[[[21.8,60.4],[21.9,60.4],[22.0,60.3],[21.8,60.4]]],[[[21.7,60.2],[21.9,60.2],[21.7,60.1],[21.7,60.2]]],[[[21.7,70.3],[21.8,70.4],[21.8,70.3],[21.7,70.3]]],[[[21.7,36.7],[21.8,36.7],[21.8,36.7],[21.7,36.7]]],[[[21.7,60.5],[21.8,60.5],[21.7,60.5],[21.7,60.5]]],[[[21.7,70.0],[21.7,69.9],[21.7,69.9],[21.7,70.0]]],[[[21.7,36.8],[21.7,36.8],[21.7,36.8],[21.7,36.8]]],[[[21.6,60.2],[21.6,60.1],[21.5,60.1],[21.6,60.2]]],[[[16.8,78.7],[10.7,79.6],[21.5,78.8],[19.0,78.5],[16.8,76.6],[13.9,77.5],[16.2,77.4],[14.7,77.7],[16.8,77.8],[17.0,77.9],[13.9,77.7],[13.6,78.0],[17.3,78.4],[16.8,78.7]]],[[[21.3,60.5],[21.5,60.5],[21.5,60.5],[21.3,60.5]]],[[[21.3,63.2],[21.1,63.3],[21.4,63.2],[21.3,63.2]]],[[[21.3,60.2],[21.4,60.2],[21.3,60.2],[21.3,60.2]]],[[[21.3,63.4],[21.3,63.3],[21.2,63.3],[21.3,63.4]]],[[[21.0,80.7],[21.3,80.7],[21.4,80.7],[21.0,80.7]]],[[[21.3,61.0],[21.3,60.9],[21.2,60.9],[21.3,61.0]]],[[[21.3,60.5],[21.3,60.5],[21.2,60.6],[21.3,60.5]]],[[[21.2,60.6],[21.3,60.6],[21.3,60.6],[21.2,60.6]]],[[[21.0,79.0],[21.2,79.0],[20.9,79.0],[21.0,79.0]]],[[[21.0,55.4],[21.1,55.7],[20.9,55.3],[21.0,55.4]]],[[[20.9,69.9],[20.8,70.0],[20.9,70.0],[21.1,70.0],[20.9,69.9]]],[[[21.0,70.1],[21.0,70.0],[21.0,70.0],[21.0,70.1]]],[[[20.8,80.7],[20.6,80.8],[21.0,80.7],[20.8,80.7]]],[[[20.8,37.7],[20.7,37.9],[21.0,37.7],[20.8,37.7]]],[[[20.8,70.1],[20.9,70.1],[20.9,70.1],[20.8,70.1]]],[[[20.9,38.6],[20.9,38.6],[20.9,38.6],[20.9,38.6]]],[[[20.9,63.8],[20.9,63.8],[20.8,63.8],[20.9,63.8]]],[[[20.8,60.3],[20.8,60.2],[20.8,60.3],[20.8,60.3]]],[[[20.3,79.0],[20.5,79.1],[20.8,79.1],[20.3,79.0]]],[[[20.8,70.1],[20.6,70.2],[20.8,70.2],[20.8,70.1]]],[[[20.8,38.1],[20.3,38.2],[20.5,38.5],[20.8,38.1]]],[[[20.6,80.7],[20.8,80.6],[20.5,80.7],[20.6,80.7]]],[[[20.7,38.4],[20.7,38.4],[20.8,38.3],[20.7,38.4]]],[[[20.6,69.8],[20.7,69.9],[20.7,69.8],[20.6,69.8]]],[[[20.7,38.6],[20.6,38.8],[20.7,38.8],[20.7,38.6]]],[[[20.4,60.3],[20.4,60.2],[20.3,60.2],[20.4,60.3]]],[[[20.2,60.1],[20.3,60.1],[20.2,60.1],[20.2,60.1]]],[[[20.3,60.3],[19.6,60.3],[19.8,60.4],[20.3,60.3]]],[[[20.2,60.1],[20.1,60.0],[20.0,60.1],[20.2,60.1]]],[[[20.1,39.2],[20.2,39.2],[20.2,39.2],[20.1,39.2]]],[[[20.2,79.3],[19.6,79.4],[19.8,79.4],[20.2,79.3]]],[[[20.0,79.3],[20.0,79.2],[20.0,79.2],[20.0,79.3]]],[[[19.9,80.5],[20.1,80.5],[19.8,80.5],[19.9,80.5]]],[[[19.6,39.8],[19.9,39.5],[20.1,39.4],[19.9,39.4],[19.6,39.8]]],[[[19.9,70.1],[19.5,70.2],[20.1,70.1],[19.9,70.1]]],[[[20.0,70.0],[19.9,70.0],[19.9,70.0],[20.0,70.0]]],[[[19.8,70.0],[19.8,69.9],[19.5,69.8],[19.8,70.0]]],[[[19.3,69.8],[18.7,69.9],[19.7,70.0],[19.3,69.8]]],[[[19.5,60.1],[19.6,60.2],[19.7,60.2],[19.5,60.1]]],[[[19.4,70.1],[19.4,70.2],[19.6,70.1],[19.4,70.1]]],[[[19.4,39.9],[19.4,39.8],[19.4,39.8],[19.4,39.9]]],[[[19.1,57.8],[19.3,58.0],[19.3,58.0],[19.1,57.8]]],[[[19.2,58.4],[19.2,58.3],[19.2,58.4],[19.2,58.4]]],[[[19.1,74.3],[19.1,74.5],[19.3,74.5],[19.1,74.3]]],[[[19.2,70.3],[19.2,70.1],[19.0,70.2],[19.2,70.3]]],[[[18.0,69.6],[18.3,69.8],[19.1,69.8],[18.7,69.6],[18.0,69.6]]],[[[19.0,57.9],[18.7,57.2],[18.1,56.9],[18.1,57.5],[19.0,57.9]]],[[[18.7,70.0],[18.9,70.1],[19.0,70.1],[18.7,70.0]]],[[[18.5,80.2],[18.3,80.4],[18.8,80.3],[18.5,80.2]]],[[[18.6,59.4],[18.6,59.6],[18.7,59.5],[18.6,59.4]]],[[[18.4,59.3],[18.5,59.3],[18.6,59.3],[18.4,59.3]]],[[[18.4,60.4],[18.4,60.5],[18.6,60.3],[18.4,60.4]]],[[[18.4,59.1],[18.5,59.1],[18.4,59.0],[18.4,59.1]]],[[[18.0,62.7],[18.1,62.7],[18.2,62.7],[18.0,62.7]]],[[[18.0,69.2],[16.9,69.4],[18.1,69.4],[18.0,69.2]]],[[[17.6,59.3],[17.6,59.4],[17.6,59.3],[17.8,59.3],[17.6,59.3]]],[[[17.7,59.3],[17.8,59.4],[17.8,59.3],[17.7,59.3]]],[[[17.7,42.7],[17.3,42.8],[17.4,42.8],[17.7,42.7]]],[[[17.6,59.0],[17.7,59.0],[17.7,58.9],[17.6,59.0]]],[[[17.4,69.1],[17.5,69.0],[17.4,69.0],[17.4,69.1]]],[[[17.4,62.5],[17.5,62.4],[17.5,62.4],[17.4,62.5]]],[[[17.2,68.8],[17.3,68.9],[17.4,68.9],[17.2,68.8]]],[[[17.2,59.5],[17.3,59.4],[17.1,59.5],[17.2,59.5]]],[[[16.7,43.1],[16.6,43.2],[17.2,43.1],[16.7,43.1]]],[[[16.9,42.9],[17.0,43.0],[17.2,42.9],[16.9,42.9]]],[[[17.0,68.9],[17.1,68.7],[16.8,68.7],[17.0,68.9]]],[[[16.4,56.2],[17.0,57.3],[17.1,57.3],[16.4,56.2]]],[[[16.8,42.7],[16.9,42.8],[16.9,42.8],[16.8,42.7]]],[[[16.6,43.3],[16.4,43.4],[16.9,43.3],[16.6,43.3]]],[[[16.8,58.1],[16.8,58.1],[16.8,58.1],[16.8,58.1]]],[[[16.5,68.9],[16.5,69.0],[16.6,68.9],[16.5,68.9]]],[[[15.6,68.9],[16.6,68.7],[15.0,68.2],[15.7,68.7],[15.6,68.9]]],[[[16.1,68.5],[16.5,68.5],[16.1,68.4],[16.1,68.5]]],[[[16.2,43.4],[16.3,43.4],[16.4,43.3],[16.2,43.4]]],[[[16.1,43.1],[16.1,43.0],[16.1,43.1],[16.1,43.1]]],[[[15.4,68.9],[16.0,69.3],[16.2,69.3],[15.4,68.9]]],[[[15.5,68.0],[15.9,68.0],[15.9,68.0],[15.5,68.0]]],[[[15.7,43.6],[15.7,43.7],[15.7,43.6],[15.7,43.6]]],[[[15.4,44.0],[15.4,43.9],[15.3,44.0],[15.4,44.0]]],[[[15.4,68.7],[15.1,68.8],[15.1,69.0],[15.4,68.7]]],[[[15.3,43.8],[15.3,43.8],[15.2,43.9],[15.3,43.8]]],[[[14.9,67.9],[15.1,68.0],[15.3,67.9],[14.9,67.9]]],[[[15.1,44.2],[15.3,44.0],[15.1,44.2],[15.1,44.2]]],[[[14.7,44.7],[14.9,44.5],[15.2,44.3],[15.1,44.3],[14.7,44.7]]],[[[15.2,43.9],[15.0,44.1],[14.8,44.1],[14.8,44.2],[15.0,44.1],[15.2,43.9]]],[[[14.2,68.2],[14.6,68.4],[15.2,68.5],[14.2,68.2]]],[[[14.7,55.1],[15.1,55.1],[15.1,55.1],[14.7,55.1]]],[[[14.8,68.9],[15.0,68.9],[15.0,68.9],[14.8,68.9]]],[[[14.9,68.2],[14.9,68.3],[14.9,68.3],[14.9,68.2]]],[[[14.7,44.9],[14.9,44.7],[14.7,44.8],[14.7,44.9]]],[[[14.7,44.9],[14.6,45.2],[14.8,45.0],[14.7,44.9]]],[[[14.4,44.6],[14.4,44.6],[14.5,44.5],[14.4,44.6]]],[[[14.4,44.7],[14.3,45.2],[14.5,44.6],[14.4,44.7]]],[[[14.3,67.4],[14.3,67.4],[14.2,67.4],[14.3,67.4]]],[[[14.2,40.6],[14.3,40.5],[14.2,40.5],[14.2,40.6]]],[[[14.2,67.0],[14.1,67.1],[14.3,67.1],[14.2,67.0]]],[[[14.0,68.3],[14.2,68.3],[14.2,68.3],[14.0,68.3]]],[[[13.5,68.1],[13.7,68.3],[14.0,68.2],[14.1,68.2],[13.5,68.1]]],[[[13.9,68.3],[14.0,68.3],[13.9,68.3],[13.9,68.3]]],[[[13.9,40.8],[14.0,40.7],[13.9,40.7],[13.9,40.8]]],[[[13.9,54.0],[13.9,54.0],[13.9,54.0],[13.9,54.0]]],[[[13.3,54.7],[13.3,54.3],[13.1,54.3],[13.3,54.7]]],[[[13.4,68.0],[13.3,68.1],[13.4,68.1],[13.4,68.0]]],[[[13.0,66.3],[13.0,66.2],[12.9,66.2],[13.0,66.3]]],[[[13.1,54.6],[13.2,54.6],[13.1,54.5],[13.1,54.6]]],[[[13.1,68.1],[13.1,68.0],[12.8,67.8],[13.1,68.1]]],[[[12.9,40.9],[13.0,40.9],[13.0,40.9],[12.9,40.9]]],[[[12.4,65.9],[12.6,66.0],[12.9,66.0],[12.4,65.9]]],[[[12.8,66.3],[12.8,66.2],[12.7,66.2],[12.8,66.3]]],[[[12.7,54.4],[12.7,54.4],[12.7,54.4],[12.7,54.4]]],[[[12.6,55.7],[12.7,55.6],[12.5,55.6],[12.6,55.7]]],[[[12.4,66.2],[12.6,66.1],[12.3,66.0],[12.4,66.2]]],[[[12.3,56.1],[12.0,55.0],[10.9,55.7],[12.3,56.1]]],[[[12.3,55.0],[12.6,55.0],[12.1,54.9],[12.3,55.0]]],[[[12.1,65.3],[12.5,65.4],[12.1,65.2],[12.1,65.3]]],[[[12.3,45.4],[12.4,45.4],[12.3,45.3],[12.3,45.4]]],[[[12.1,65.2],[12.3,65.1],[12.0,65.1],[12.1,65.2]]],[[[12.1,54.9],[12.0,54.6],[11.9,54.7],[11.7,54.9],[12.1,54.9]]],[[[12.2,78.2],[11.1,78.5],[10.5,78.9],[12.2,78.2]]],[[[11.9,65.6],[11.8,65.7],[12.0,65.7],[11.9,65.6]]],[[[11.0,54.8],[11.7,54.9],[11.9,54.7],[11.0,54.8]]],[[[11.7,58.3],[11.8,58.1],[11.4,58.1],[11.7,58.3]]],[[[11.6,65.1],[11.6,65.0],[11.5,65.0],[11.6,65.1]]],[[[11.5,58.0],[11.6,57.9],[11.5,58.0],[11.5,58.0]]],[[[11.6,56.7],[11.5,56.7],[11.6,56.7],[11.6,56.7]]],[[[11.5,54.1],[11.6,54.1],[11.5,54.0],[11.5,54.1]]],[[[11.5,54.0],[11.4,54.0],[11.5,54.0],[11.5,54.0]]],[[[11.4,64.5],[11.0,64.6],[11.5,64.5],[11.4,64.5]]],[[[11.3,64.6],[11.3,64.7],[11.4,64.6],[11.3,64.6]]],[[[11.1,54.4],[11.2,54.5],[11.3,54.4],[11.1,54.4]]],[[[10.8,64.8],[11.1,65.0],[11.3,64.9],[10.8,64.8]]],[[[11.0,63.7],[11.2,63.8],[11.2,63.8],[11.0,63.7]]],[[[11.0,57.2],[10.9,57.3],[11.2,57.3],[11.0,57.2]]],[[[10.7,64.9],[11.0,65.0],[11.1,65.0],[10.7,64.9]]],[[[10.9,79.7],[11.1,79.7],[10.7,79.7],[10.9,79.7]]],[[[10.6,79.7],[10.8,79.8],[11.0,79.7],[10.6,79.7]]],[[[10.7,54.7],[10.8,55.0],[11.0,55.2],[10.7,54.7]]],[[[10.9,42.4],[10.9,42.3],[10.9,42.3],[10.9,42.4]]],[[[9.7,55.5],[10.7,55.5],[10.7,55.1],[9.7,55.5]]],[[[10.5,55.0],[10.6,55.0],[10.5,55.0],[10.5,55.0]]],[[[10.7,55.9],[10.5,56.0],[10.6,56.0],[10.7,55.9]]],[[[10.6,57.7],[8.7,56.9],[8.4,56.7],[8.6,56.6],[8.2,56.7],[8.6,57.1],[10.6,57.7]]],[[[10.4,42.7],[10.1,42.8],[10.4,42.9],[10.4,42.7]]],[[[10.2,55.0],[10.4,54.9],[10.4,54.8],[10.2,55.0]]],[[[10.3,42.3],[10.3,42.3],[10.3,42.3],[10.3,42.3]]],[[[10.1,42.6],[10.1,42.6],[10.1,42.6],[10.1,42.6]]],[[[10.0,55.0],[9.8,54.9],[9.6,55.1],[10.0,55.0]]],[[[9.8,43.0],[9.9,43.1],[9.8,43.0],[9.8,43.0]]],[[[8.5,63.4],[8.9,63.7],[9.2,63.6],[8.5,63.4]]],[[[8.9,54.5],[8.9,54.5],[9.0,54.5],[8.9,54.5]]],[[[8.8,56.7],[8.6,56.9],[8.9,56.9],[8.8,56.7]]],[[[8.3,63.7],[8.8,63.8],[8.8,63.7],[8.3,63.7]]],[[[8.7,58.4],[8.7,58.4],[8.7,58.4],[8.7,58.4]]],[[[8.7,54.5],[8.6,54.5],[8.7,54.6],[8.7,54.5]]],[[[8.7,47.7],[8.7,47.7],[8.7,47.7],[8.7,47.7]]],[[[8.7,54.1],[8.7,54.0],[8.7,54.0],[8.7,54.1]]],[[[8.4,63.3],[8.6,63.4],[8.7,63.3],[8.4,63.3]]],[[[8.5,54.7],[8.6,54.8],[8.6,54.7],[8.5,54.7]]],[[[8.3,63.2],[8.6,63.2],[8.6,63.2],[8.3,63.2]]],[[[8.4,55.4],[8.5,55.4],[8.5,55.3],[8.4,55.4]]],[[[8.4,54.0],[8.4,53.9],[8.4,53.9],[8.4,54.0]]],[[[8.3,54.6],[8.4,54.7],[8.4,54.6],[8.3,54.6]]],[[[8.2,63.2],[8.3,63.2],[8.3,63.2],[8.2,63.2]]],[[[8.1,53.7],[8.2,53.7],[8.1,53.7],[8.1,53.7]]],[[[7.9,63.2],[8.2,63.2],[7.9,63.2],[7.9,63.2]]],[[[8.0,63.3],[8.0,63.5],[8.2,63.4],[8.0,63.3]]],[[[7.7,63.1],[7.9,63.1],[7.7,63.1],[7.7,63.1]]],[[[7.7,53.8],[7.8,53.8],[7.7,53.8],[7.7,53.8]]],[[[7.5,62.9],[7.6,63.1],[7.7,63.0],[7.5,62.9]]],[[[7.5,53.8],[7.6,53.7],[7.5,53.7],[7.5,53.8]]],[[[7.2,53.7],[7.3,53.7],[7.1,53.7],[7.2,53.7]]],[[[6.9,53.7],[7.1,53.7],[6.9,53.7],[6.9,53.7]]],[[[6.9,62.9],[6.9,62.8],[6.8,62.8],[6.9,62.9]]],[[[6.7,62.7],[6.9,62.7],[6.7,62.7],[6.7,62.7]]],[[[6.7,53.6],[6.8,53.6],[6.8,53.6],[6.7,53.6]]],[[[6.0,62.4],[6.3,62.4],[6.3,62.4],[6.0,62.4]]],[[[5.9,59.3],[6.1,59.3],[5.9,59.2],[5.9,59.3]]],[[[5.8,62.2],[5.9,62.4],[6.0,62.3],[5.8,62.2]]],[[[5.9,60.1],[6.0,60.1],[5.9,60.1],[5.9,60.1]]],[[[5.9,59.0],[6.0,59.0],[6.0,59.0],[5.9,59.0]]],[[[5.5,62.2],[5.7,62.3],[5.8,62.3],[5.5,62.2]]],[[[5.8,58.9],[5.8,59.0],[5.8,58.9],[5.8,58.9]]],[[[5.7,59.1],[5.7,59.1],[5.5,59.1],[5.7,59.1]]],[[[5.4,60.5],[5.7,60.7],[5.7,60.5],[5.4,60.5]]],[[[5.5,60.0],[5.5,59.9],[5.4,60.0],[5.5,60.0]]],[[[5.3,59.8],[5.4,59.9],[5.5,59.8],[5.3,59.8]]],[[[5.1,59.8],[5.3,59.7],[5.1,59.6],[5.1,59.8]]],[[[5.1,59.2],[5.3,59.3],[5.3,59.1],[5.1,59.2]]],[[[5.2,60.0],[5.3,60.0],[5.3,60.0],[5.2,60.0]]],[[[5.2,60.2],[5.2,60.3],[5.2,60.3],[5.2,60.2]]],[[[4.8,61.8],[5.2,61.9],[5.2,61.8],[4.8,61.8]]],[[[5.2,60.5],[5.1,60.4],[5.0,60.5],[5.2,60.5]]],[[[5.0,60.6],[5.2,60.5],[4.9,60.6],[5.0,60.6]]],[[[5.0,60.6],[5.0,60.7],[5.2,60.6],[5.0,60.6]]],[[[5.1,62.0],[5.0,62.0],[5.1,62.0],[5.1,62.0]]],[[[4.9,60.2],[5.1,60.3],[5.1,60.2],[4.9,60.2]]],[[[4.8,61.2],[5.0,61.1],[4.8,61.0],[4.8,61.2]]],[[[4.6,61.0],[4.7,61.1],[4.7,61.0],[4.6,61.0]]],[[[-3.0,51.5],[-5.2,51.7],[-2.7,53.4],[-3.0,55.0],[-5.2,54.9],[-4.5,55.9],[-4.9,56.3],[-5.8,55.3],[-5.1,56.8],[-5.7,56.5],[-6.2,56.7],[-5.4,57.1],[-5.0,58.6],[-1.9,57.6],[-3.7,56.0],[1.7,52.6],[0.4,51.5],[1.0,50.9],[-2.9,50.7],[-5.7,50.1],[-3.0,51.5]]],[[[0.8,51.4],[0.9,51.4],[0.9,51.4],[0.8,51.4]]],[[[-0.9,60.8],[-0.8,60.7],[-1.0,60.7],[-0.9,60.8]]],[[[-1.0,50.8],[-0.9,50.8],[-1.0,50.8],[-1.0,50.8]]],[[[-1.1,60.5],[-1.0,60.7],[-1.0,60.5],[-1.1,60.5]]],[[[-1.0,60.4],[-1.4,59.9],[-1.6,60.5],[-1.0,60.4]]],[[[-1.3,50.6],[-1.3,50.8],[-1.1,50.7],[-1.3,50.6]]],[[[-1.2,45.8],[-1.4,46.1],[-1.2,45.8],[-1.2,45.8]]],[[[-1.5,46.2],[-1.5,46.3],[-1.3,46.2],[-1.5,46.2]]],[[[-2.2,47.0],[-2.2,47.0],[-2.1,46.9],[-2.2,47.0]]],[[[-2.4,46.7],[-2.3,46.7],[-2.3,46.7],[-2.4,46.7]]],[[[-2.7,59.2],[-2.4,59.3],[-2.7,59.2],[-2.7,59.2]]],[[[-2.8,58.9],[-3.4,59.1],[-2.8,58.9],[-2.8,58.9]]],[[[-2.9,59.2],[-3.1,59.3],[-2.9,59.3],[-2.9,59.2]]],[[[-3.0,58.8],[-2.9,58.8],[-2.9,58.7],[-3.0,58.8]]],[[[-3.0,35.9],[-3.0,35.9],[-3.0,35.9],[-3.0,35.9]]],[[[-3.1,47.3],[-3.2,47.4],[-3.1,47.3],[-3.1,47.3]]],[[[-3.3,58.8],[-3.2,58.9],[-3.1,58.8],[-3.3,58.8]]],[[[-3.6,48.8],[-3.6,48.8],[-3.6,48.8],[-3.6,48.8]]],[[[-4.4,53.1],[-4.2,53.3],[-4.0,53.3],[-4.4,53.1]]],[[[-4.8,54.1],[-4.4,54.4],[-4.3,54.3],[-4.8,54.1]]],[[[-4.7,53.3],[-4.6,53.3],[-4.6,53.2],[-4.7,53.3]]],[[[-4.7,51.2],[-4.7,51.2],[-4.7,51.2],[-4.7,51.2]]],[[[-5.1,55.8],[-5.1,55.9],[-5.0,55.7],[-5.1,55.8]]],[[[-5.1,48.5],[-5.1,48.4],[-5.1,48.5],[-5.1,48.5]]],[[[-5.3,55.5],[-5.2,55.7],[-5.1,55.5],[-5.3,55.5]]],[[[-5.5,56.4],[-5.6,56.4],[-5.6,56.4],[-5.5,56.4]]],[[[-5.6,56.3],[-5.6,56.3],[-5.6,56.3],[-5.6,56.3]]],[[[-5.6,56.3],[-5.6,56.2],[-5.6,56.2],[-5.6,56.3]]],[[[-5.6,57.3],[-6.0,57.2],[-6.8,57.4],[-6.3,57.7],[-6.1,57.3],[-5.9,57.2],[-5.6,57.3]]],[[[-6.4,56.3],[-5.7,56.4],[-6.3,56.3],[-6.4,56.3]]],[[[-5.7,56.2],[-5.7,56.2],[-5.8,56.2],[-5.7,56.2]]],[[[-6.0,55.8],[-6.0,56.0],[-5.7,56.1],[-6.0,55.8]]],[[[-6.0,57.3],[-6.0,57.3],[-5.9,57.3],[-6.0,57.3]]],[[[-6.0,57.6],[-6.0,57.5],[-6.0,57.5],[-6.0,57.6]]],[[[-6.1,57.3],[-6.0,57.5],[-6.0,57.3],[-6.1,57.3]]],[[[-9.9,53.7],[-7.4,55.4],[-8.2,54.4],[-6.0,52.9],[-9.8,51.4],[-8.8,52.7],[-9.9,53.7]]],[[[-6.0,55.7],[-6.3,55.8],[-6.5,55.7],[-6.1,55.9],[-6.0,55.7]]],[[[-6.2,56.9],[-6.1,56.9],[-6.2,56.9],[-6.2,56.9]]],[[[-6.2,56.1],[-6.2,56.0],[-6.3,56.0],[-6.2,56.1]]],[[[-6.7,57.9],[-7.1,58.1],[-6.9,58.1],[-6.2,58.5],[-6.7,57.9]]],[[[-6.3,56.5],[-6.2,56.5],[-6.2,56.5],[-6.3,56.5]]],[[[-6.5,57.0],[-6.3,57.0],[-6.3,57.0],[-6.5,57.0]]],[[[-6.3,49.9],[-6.3,49.9],[-6.3,49.9],[-6.3,49.9]]],[[[-6.4,56.3],[-6.4,56.3],[-6.4,56.3],[-6.4,56.3]]],[[[-6.6,56.6],[-6.5,56.6],[-6.7,56.6],[-6.6,56.6]]],[[[-6.5,57.1],[-6.6,57.0],[-6.6,57.0],[-6.5,57.1]]],[[[-7.0,56.5],[-6.9,56.4],[-7.0,56.5],[-7.0,56.5]]],[[[-6.9,58.2],[-6.9,58.2],[-6.9,58.3],[-6.9,58.2]]],[[[-7.0,37.2],[-6.9,37.2],[-6.9,37.2],[-7.0,37.2]]],[[[-7.0,57.9],[-7.0,57.9],[-7.1,57.9],[-7.0,57.9]]],[[[-7.2,57.5],[-7.5,57.7],[-7.1,57.6],[-7.2,57.5]]],[[[-7.2,57.7],[-7.2,57.7],[-7.2,57.7],[-7.2,57.7]]],[[[-7.3,57.4],[-7.2,57.5],[-7.2,57.4],[-7.3,57.4]]],[[[-7.2,57.1],[-7.4,57.4],[-7.4,57.4],[-7.2,57.1]]],[[[-7.5,56.9],[-7.4,57.1],[-7.4,57.0],[-7.5,56.9]]],[[[-9.1,70.9],[-8.3,71.1],[-7.9,71.2],[-9.1,70.9]]],[[[-8.4,55.0],[-8.4,54.9],[-8.5,55.0],[-8.4,55.0]]],[[[-8.6,55.0],[-8.5,55.0],[-8.5,55.0],[-8.6,55.0]]],[[[-8.6,57.8],[-8.6,57.8],[-8.6,57.8],[-8.6,57.8]]],[[[-9.7,53.3],[-9.6,53.2],[-9.7,53.2],[-9.7,53.3]]],[[[-10.0,54.0],[-10.0,53.9],[-10.3,54.0],[-10.0,54.0]]],[[[-22.7,63.8],[-21.4,64.4],[-24.1,64.9],[-21.7,65.4],[-24.5,65.5],[-22.9,66.5],[-21.1,65.2],[-14.8,66.4],[-13.5,65.1],[-22.7,63.8]]]]}},{"id":"6","type":"Feature","properties":{},"geometry":{"type":"MultiPolygon","coordinates":[[[[-56.2,74.6],[-58.4,75.7],[-60.9,76.2],[-63.4,76.4],[-68.5,76.1],[-69.6,76.4],[-68.0,76.7],[-71.4,77.1],[-66.1,77.5],[-66.7,77.7],[-68.7,77.7],[-69.3,77.5],[-73.1,78.2],[-66.0,79.1],[-63.8,80.1],[-67.5,80.3],[-60.8,81.9],[-56.5,81.3],[-59.5,82.0],[-53.5,81.5],[-39.8,82.4],[-40.1,82.7],[-46.0,82.8],[-46.9,83.0],[-46.0,83.1],[-45.1,82.9],[-44.8,83.0],[-44.0,82.9],[-43.4,82.9],[-45.5,83.1],[-45.4,83.2],[-38.6,82.7],[-30.4,83.6],[-25.7,83.3],[-33.4,83.2],[-35.6,82.9],[-21.3,82.6],[-33.1,81.8],[-22.0,81.9],[-24.5,80.5],[-12.2,81.6],[-21.2,80.6],[-16.1,80.5],[-17.1,80.2],[-19.7,80.3],[-20.6,80.1],[-20.3,79.8],[-17.4,80.1],[-19.6,79.7],[-22.0,77.7],[-18.3,76.8],[-20.7,77.0],[-22.7,76.7],[-19.3,75.4],[-22.4,75.2],[-20.6,75.1],[-21.1,74.7],[-19.0,74.5],[-22.1,74.6],[-22.5,74.3],[-20.5,73.5],[-25.7,74.0],[-24.7,73.5],[-27.7,73.1],[-21.5,70.5],[-28.6,72.1],[-25.4,71.3],[-28.4,71.0],[-29.2,70.4],[-26.3,70.4],[-28.5,70.0],[-22.1,70.1],[-32.5,68.6],[-34.7,66.3],[-38.1,66.4],[-40.1,65.6],[-41.2,65.0],[-40.4,64.3],[-40.8,64.4],[-41.5,64.3],[-41.6,64.3],[-40.5,63.7],[-41.6,63.8],[-43.1,62.8],[-42.7,60.7],[-44.2,60.6],[-43.1,60.1],[-45.8,61.3],[-48.2,60.8],[-47.7,61.0],[-47.9,61.3],[-49.4,61.8],[-48.8,62.1],[-50.3,62.5],[-49.7,63.1],[-50.4,62.8],[-50.1,63.2],[-50.8,63.3],[-51.1,63.2],[-50.3,63.4],[-51.7,64.0],[-50.0,64.2],[-51.4,64.1],[-51.8,64.2],[-51.0,64.2],[-50.2,64.4],[-50.5,64.7],[-50.1,64.5],[-49.6,64.4],[-51.0,65.2],[-52.0,64.2],[-51.2,65.0],[-52.6,65.3],[-50.5,65.7],[-53.5,66.0],[-50.0,67.0],[-54.0,67.1],[-52.2,67.4],[-51.2,67.1],[-50.4,67.2],[-51.2,67.4],[-53.3,67.3],[-53.8,67.2],[-53.9,67.3],[-52.5,67.8],[-50.7,67.5],[-50.2,67.5],[-50.1,67.5],[-51.1,68.0],[-53.8,67.6],[-53.0,68.0],[-53.2,68.0],[-53.1,68.1],[-52.7,68.0],[-52.2,67.9],[-52.1,68.0],[-53.3,68.2],[-52.4,68.1],[-52.8,68.2],[-51.9,68.0],[-51.2,68.1],[-50.6,67.9],[-50.2,67.9],[-50.8,68.5],[-52.4,68.2],[-53.4,68.3],[-53.1,68.3],[-52.6,68.5],[-52.5,68.5],[-50.9,68.6],[-51.1,69.1],[-50.2,69.0],[-50.2,70.0],[-54.6,70.7],[-50.7,70.3],[-50.5,70.5],[-53.6,72.4],[-53.9,71.4],[-55.9,71.7],[-54.8,71.9],[-54.5,72.0],[-54.4,72.2],[-55.3,71.9],[-54.7,72.4],[-55.6,72.5],[-54.3,72.5],[-56.1,74.3],[-57.3,74.1],[-56.2,74.6]]],[[[-18.8,75.3],[-17.3,75.1],[-18.9,75.0],[-18.8,75.3]]],[[[-17.8,79.2],[-18.0,79.0],[-18.1,79.0],[-17.8,79.2]]],[[[-17.8,77.7],[-17.9,77.9],[-17.6,77.8],[-17.8,77.7]]],[[[-18.3,78.7],[-18.2,78.9],[-18.1,78.8],[-18.3,78.7]]],[[[-18.3,74.7],[-18.5,74.6],[-18.6,74.7],[-18.3,74.7]]],[[[-18.7,81.6],[-18.8,81.8],[-18.3,81.7],[-18.7,81.6]]],[[[-18.6,78.6],[-18.5,78.7],[-18.3,78.7],[-18.6,78.6]]],[[[-18.7,76.6],[-18.8,76.6],[-19.1,76.7],[-18.7,76.6]]],[[[-18.8,74.5],[-18.9,74.7],[-18.7,74.6],[-18.8,74.5]]],[[[-19.0,82.0],[-19.4,82.2],[-18.8,82.0],[-19.0,82.0]]],[[[-19.0,78.1],[-19.2,78.1],[-18.8,78.2],[-19.0,78.1]]],[[[-19.1,78.4],[-18.9,78.4],[-19.1,78.4],[-19.1,78.4]]],[[[-19.1,78.3],[-18.9,78.3],[-19.4,78.3],[-19.1,78.3]]],[[[-19.1,78.5],[-19.3,78.4],[-19.3,78.4],[-19.1,78.5]]],[[[-20.0,80.1],[-19.6,80.2],[-19.0,80.2],[-20.0,80.1]]],[[[-19.3,78.3],[-19.4,78.4],[-19.1,78.4],[-19.3,78.3]]],[[[-19.5,78.7],[-19.2,79.0],[-19.2,78.8],[-19.5,78.7]]],[[[-20.1,78.0],[-19.2,77.8],[-20.5,78.0],[-20.0,78.0],[-20.1,78.0]]],[[[-19.3,78.2],[-19.3,78.1],[-19.4,78.1],[-19.3,78.2]]],[[[-19.4,79.1],[-19.4,79.2],[-19.3,79.2],[-19.4,79.1]]],[[[-19.5,78.3],[-19.5,78.2],[-19.6,78.2],[-19.5,78.3]]],[[[-19.5,78.3],[-19.7,78.3],[-19.7,78.3],[-19.5,78.3]]],[[[-19.6,78.0],[-19.6,77.9],[-19.7,78.0],[-19.6,78.0]]],[[[-19.7,76.8],[-19.7,76.9],[-19.6,76.8],[-19.7,76.8]]],[[[-19.7,76.7],[-19.8,76.8],[-19.6,76.7],[-19.7,76.7]]],[[[-20.5,75.0],[-19.7,74.9],[-20.7,74.8],[-20.5,75.0]]],[[[-20.2,81.9],[-20.3,82.1],[-19.7,81.9],[-20.2,81.9]]],[[[-19.9,77.5],[-19.9,77.6],[-19.8,77.5],[-19.9,77.5]]],[[[-20.1,73.9],[-20.1,73.9],[-20.0,73.9],[-20.1,73.9]]],[[[-20.1,77.7],[-20.3,77.6],[-20.4,77.6],[-20.1,77.7]]],[[[-21.3,74.4],[-20.1,74.2],[-22.0,74.2],[-21.3,74.4]]],[[[-20.3,76.3],[-20.7,76.3],[-20.2,76.3],[-20.3,76.3]]],[[[-20.9,81.6],[-20.5,81.7],[-20.2,81.7],[-20.9,81.6]]],[[[-20.2,76.8],[-20.3,76.9],[-20.2,76.9],[-20.2,76.8]]],[[[-20.4,76.5],[-20.3,76.5],[-20.3,76.5],[-20.4,76.5]]],[[[-20.6,78.2],[-20.6,78.2],[-20.3,78.2],[-20.6,78.2]]],[[[-20.4,78.0],[-20.6,78.0],[-20.4,78.1],[-20.4,78.0]]],[[[-20.8,76.6],[-20.6,76.6],[-20.9,76.5],[-20.8,76.6]]],[[[-20.7,76.5],[-21.1,76.4],[-21.1,76.4],[-20.7,76.5]]],[[[-21.0,78.2],[-21.0,78.1],[-21.0,78.2],[-21.0,78.2]]],[[[-21.5,76.6],[-21.1,76.6],[-21.0,76.6],[-21.5,76.6]]],[[[-21.3,77.9],[-21.4,77.9],[-21.1,78.0],[-21.3,77.9]]],[[[-21.5,73.1],[-21.2,73.1],[-21.2,73.1],[-21.5,73.1]]],[[[-21.4,76.5],[-21.4,76.5],[-21.2,76.5],[-21.4,76.5]]],[[[-22.9,72.8],[-24.5,72.9],[-24.6,73.0],[-23.1,73.1],[-21.9,72.7],[-22.9,72.8]]],[[[-21.9,72.5],[-24.3,72.6],[-24.5,72.8],[-21.9,72.5]]],[[[-24.7,73.4],[-23.7,73.2],[-24.2,73.3],[-24.9,73.3],[-25.0,73.3],[-22.9,73.1],[-25.7,73.2],[-24.7,73.4]]],[[[-23.3,69.6],[-23.6,69.7],[-23.2,69.7],[-23.3,69.6]]],[[[-24.9,72.8],[-25.0,72.9],[-24.8,72.9],[-24.9,72.8]]],[[[-25.5,71.2],[-25.3,71.2],[-25.3,71.1],[-25.5,71.2]]],[[[-25.3,70.7],[-27.9,70.4],[-28.1,70.5],[-25.3,70.7]]],[[[-25.4,71.0],[-25.5,71.1],[-25.3,71.0],[-25.4,71.0]]],[[[-27.3,70.9],[-27.7,70.9],[-27.6,70.9],[-27.3,70.9],[-27.3,70.9]]],[[[-29.7,68.2],[-30.0,68.2],[-29.7,68.2],[-29.7,68.2]]],[[[-31.8,68.2],[-31.8,68.2],[-31.7,68.2],[-31.8,68.2]]],[[[-33.3,67.3],[-33.3,67.4],[-33.2,67.3],[-33.3,67.3]]],[[[-33.5,67.2],[-33.4,67.2],[-33.5,67.1],[-33.5,67.2]]],[[[-33.9,66.8],[-33.9,66.9],[-33.8,66.8],[-33.9,66.8]]],[[[-35.4,66.2],[-35.6,66.2],[-35.4,66.2],[-35.4,66.2]]],[[[-36.4,65.9],[-36.2,65.9],[-36.4,65.8],[-36.4,65.9]]],[[[-36.7,65.9],[-36.6,65.8],[-36.7,65.8],[-36.7,65.9]]],[[[-36.8,65.9],[-36.8,65.7],[-36.9,65.8],[-36.8,65.9]]],[[[-37.1,65.7],[-37.0,65.6],[-37.2,65.7],[-37.1,65.7]]],[[[-37.2,65.6],[-37.0,65.5],[-37.2,65.6],[-37.2,65.6]]],[[[-37.9,65.6],[-37.7,65.9],[-37.3,65.8],[-37.9,65.6]]],[[[-38.6,83.2],[-38.0,83.2],[-38.7,83.2],[-38.6,83.2]]],[[[-38.6,83.1],[-40.7,83.3],[-40.3,83.3],[-38.6,83.1]]],[[[-38.8,65.5],[-39.0,65.5],[-39.0,65.5],[-38.8,65.5]]],[[[-38.9,83.3],[-39.2,83.3],[-39.6,83.3],[-38.9,83.3]]],[[[-39.3,65.5],[-39.3,65.5],[-39.4,65.5],[-39.3,65.5]]],[[[-39.6,83.0],[-40.5,83.2],[-39.3,83.1],[-39.6,83.0]]],[[[-39.6,65.3],[-39.7,65.4],[-39.5,65.3],[-39.6,65.3]]],[[[-40.6,83.0],[-41.5,83.2],[-39.9,83.0],[-40.6,83.0]]],[[[-40.2,83.2],[-40.6,83.2],[-40.1,83.2],[-40.2,83.2]]],[[[-40.1,64.5],[-40.6,64.7],[-40.9,64.9],[-40.1,64.5]]],[[[-40.4,82.7],[-40.2,82.7],[-40.5,82.7],[-40.4,82.7]]],[[[-40.6,65.1],[-40.5,65.0],[-40.6,65.0],[-40.6,65.1]]],[[[-41.0,64.3],[-40.7,64.2],[-41.1,64.2],[-41.0,64.3]]],[[[-41.4,83.2],[-41.3,83.2],[-41.6,83.2],[-41.4,83.2]]],[[[-41.4,63.2],[-41.9,63.5],[-41.1,63.2],[-41.4,63.2]]],[[[-41.3,64.3],[-41.3,64.3],[-41.1,64.3],[-41.3,64.3]]],[[[-41.4,63.1],[-41.3,63.2],[-41.2,63.1],[-41.4,63.1]]],[[[-41.5,83.3],[-41.3,83.3],[-41.7,83.3],[-41.5,83.3]]],[[[-41.4,63.1],[-41.3,63.1],[-41.5,63.1],[-41.4,63.1]]],[[[-41.6,63.0],[-41.5,63.0],[-41.6,62.9],[-41.6,63.0]]],[[[-42.3,62.8],[-41.9,62.7],[-42.4,62.8],[-42.3,62.8]]],[[[-42.4,83.3],[-42.1,83.2],[-42.4,83.3],[-42.4,83.3]]],[[[-42.2,61.8],[-42.1,61.8],[-42.3,61.8],[-42.2,61.8]]],[[[-42.3,62.5],[-42.1,62.6],[-42.1,62.5],[-42.3,62.5]]],[[[-42.5,61.4],[-42.5,61.5],[-42.4,61.5],[-42.5,61.4]]],[[[-43.6,59.9],[-44.1,60.1],[-43.1,60.1],[-43.6,60.1],[-43.6,59.9]]],[[[-43.3,60.0],[-43.2,59.9],[-43.4,59.9],[-43.3,60.0]]],[[[-43.5,60.0],[-43.4,59.9],[-43.5,59.9],[-43.5,60.0]]],[[[-43.9,59.8],[-44.0,60.0],[-43.6,59.9],[-43.9,59.8]]],[[[-44.4,59.9],[-44.0,60.0],[-44.0,60.0],[-44.4,59.9]]],[[[-44.4,59.9],[-44.4,60.1],[-44.2,60.0],[-44.4,59.9]]],[[[-44.4,82.4],[-46.9,82.4],[-47.7,82.6],[-44.4,82.4]]],[[[-45.2,60.3],[-45.4,60.4],[-45.1,60.4],[-45.2,60.3]]],[[[-45.3,60.1],[-45.2,60.2],[-45.2,60.2],[-45.3,60.1]]],[[[-46.0,60.6],[-46.0,60.7],[-45.8,60.7],[-46.0,60.6]]],[[[-46.1,60.6],[-46.0,60.7],[-45.9,60.7],[-46.0,60.7],[-46.1,60.6]]],[[[-46.5,60.8],[-46.3,60.9],[-46.2,60.9],[-46.5,60.8]]],[[[-46.4,60.7],[-46.3,60.7],[-46.5,60.7],[-46.4,60.7]]],[[[-47.3,82.9],[-46.9,82.9],[-46.4,82.8],[-47.3,82.9]]],[[[-46.4,60.9],[-46.5,61.0],[-46.4,61.0],[-46.4,60.9]]],[[[-47.0,60.9],[-47.0,60.9],[-47.1,60.9],[-47.0,60.9]]],[[[-47.0,60.8],[-47.0,60.8],[-47.0,60.8],[-47.0,60.8]]],[[[-47.1,60.9],[-47.1,60.9],[-47.2,60.9],[-47.1,60.9]]],[[[-47.1,60.8],[-47.2,60.8],[-47.1,60.9],[-47.1,60.8]]],[[[-47.2,60.8],[-47.2,60.8],[-47.1,60.8],[-47.2,60.8]]],[[[-47.3,60.9],[-47.2,60.9],[-47.3,60.8],[-47.3,60.9]]],[[[-47.3,60.8],[-47.3,60.8],[-47.2,60.8],[-47.3,60.8]]],[[[-48.4,82.8],[-47.8,82.9],[-47.4,82.8],[-48.4,82.8]]],[[[-48.0,60.8],[-47.9,60.7],[-48.2,60.8],[-48.0,60.8]]],[[[-48.2,82.4],[-48.9,82.5],[-48.0,82.5],[-48.2,82.4]]],[[[-48.1,61.1],[-48.4,61.1],[-48.0,61.1],[-48.1,61.1]]],[[[-48.7,61.3],[-48.7,61.4],[-48.5,61.3],[-48.7,61.3]]],[[[-49.0,61.3],[-48.7,61.3],[-48.7,61.3],[-49.0,61.3]]],[[[-49.2,61.6],[-49.1,61.7],[-49.1,61.6],[-49.2,61.6]]],[[[-49.4,61.7],[-49.5,61.8],[-49.3,61.7],[-49.4,61.7]]],[[[-49.5,61.9],[-49.4,61.9],[-49.4,61.9],[-49.5,61.9]]],[[[-49.7,62.2],[-49.8,62.2],[-49.6,62.2],[-49.7,62.2]]],[[[-49.7,82.8],[-50.0,82.8],[-50.1,82.8],[-49.7,82.8]]],[[[-50.5,69.8],[-50.4,69.9],[-50.4,69.9],[-50.5,69.8]]],[[[-50.5,63.1],[-50.6,63.2],[-50.5,63.2],[-50.5,63.1]]],[[[-50.7,63.1],[-50.7,63.0],[-50.8,63.1],[-50.7,63.1]]],[[[-51.2,69.9],[-51.1,69.5],[-51.4,69.7],[-51.2,69.9]]],[[[-50.8,63.1],[-50.8,63.2],[-50.7,63.1],[-50.8,63.1]]],[[[-50.8,64.5],[-51.2,64.3],[-51.3,64.2],[-50.8,64.5]]],[[[-51.1,68.7],[-51.2,68.6],[-51.2,68.7],[-51.1,68.7]]],[[[-51.2,64.5],[-51.4,64.4],[-51.1,64.6],[-51.2,64.5]]],[[[-51.6,82.0],[-53.4,82.2],[-51.2,82.0],[-51.6,82.0]]],[[[-51.4,63.5],[-51.2,63.5],[-51.2,63.5],[-51.4,63.5]]],[[[-51.4,68.2],[-51.2,68.1],[-52.0,68.1],[-51.4,68.2]]],[[[-51.6,64.3],[-51.3,64.3],[-51.6,64.3],[-51.6,64.3]]],[[[-51.6,68.3],[-52.0,68.1],[-52.3,68.2],[-51.6,68.3]]],[[[-51.8,70.7],[-51.5,70.7],[-51.9,70.7],[-51.8,70.7]]],[[[-52.0,71.0],[-52.1,70.9],[-52.2,70.9],[-52.0,71.0]]],[[[-52.1,82.3],[-51.8,82.2],[-52.3,82.3],[-52.1,82.3]]],[[[-52.0,68.6],[-52.4,68.6],[-51.8,68.6],[-52.0,68.6]]],[[[-52.3,69.4],[-54.8,70.2],[-51.8,69.6],[-52.3,69.4]]],[[[-52.0,64.1],[-52.0,64.2],[-51.9,64.2],[-52.0,64.1]]],[[[-52.1,64.6],[-52.1,64.6],[-52.1,64.6],[-52.1,64.6]]],[[[-52.1,68.7],[-53.1,68.6],[-52.6,68.7],[-52.1,68.7]]],[[[-52.4,65.2],[-52.2,65.2],[-52.4,65.1],[-52.4,65.2]]],[[[-53.0,71.4],[-52.3,71.3],[-53.2,71.3],[-53.0,71.4]]],[[[-52.5,68.5],[-52.6,68.6],[-52.4,68.6],[-52.5,68.5]]],[[[-59.2,47.6],[-57.9,49.0],[-56.7,51.3],[-55.5,51.6],[-56.1,51.4],[-56.0,51.2],[-55.7,51.1],[-56.2,50.9],[-56.9,49.7],[-56.8,49.5],[-53.5,49.3],[-53.0,48.6],[-53.9,48.2],[-53.9,48.2],[-53.9,48.1],[-53.7,48.1],[-53.9,48.0],[-53.6,48.0],[-53.8,47.7],[-52.6,47.5],[-53.2,46.6],[-54.2,47.9],[-55.8,46.9],[-54.9,47.8],[-59.2,47.6]],[[-54.1,48.4],[-54.1,48.4],[-54.1,48.4],[-54.1,48.4]]],[[[-52.8,68.5],[-52.8,68.6],[-52.7,68.5],[-52.8,68.5]]],[[[-53.2,71.5],[-53.3,71.7],[-52.8,71.7],[-53.2,71.5]]],[[[-53.0,65.7],[-53.0,65.5],[-53.2,65.6],[-53.0,65.7]]],[[[-52.9,68.4],[-53.1,68.4],[-53.2,68.4],[-52.9,68.4]]],[[[-53.5,66.8],[-53.2,66.9],[-52.9,66.9],[-53.5,66.8]]],[[[-53.1,65.5],[-52.9,65.4],[-53.1,65.5],[-53.1,65.5]]],[[[-53.3,68.1],[-53.4,68.0],[-53.5,68.1],[-53.3,68.1]]],[[[-53.6,71.3],[-53.7,71.0],[-54.0,71.1],[-53.6,71.3]]],[[[-53.6,66.1],[-53.6,66.0],[-53.7,66.1],[-53.6,66.1]]],[[[-53.5,48.2],[-53.9,48.1],[-53.9,48.2],[-53.5,48.2]]],[[[-53.7,67.7],[-53.7,67.8],[-53.6,67.7],[-53.7,67.7]]],[[[-54.3,49.6],[-54.1,49.7],[-54.0,49.6],[-54.3,49.6]]],[[[-54.1,47.5],[-54.1,47.7],[-54.1,47.5],[-54.1,47.5]]],[[[-54.2,47.4],[-54.3,47.5],[-54.1,47.7],[-54.2,47.4]]],[[[-54.6,49.6],[-54.9,49.6],[-54.5,49.7],[-54.6,49.6]]],[[[-54.7,49.4],[-54.7,49.5],[-54.6,49.5],[-54.7,49.4]]],[[[-54.7,70.4],[-54.9,70.4],[-55.0,70.5],[-54.7,70.4]]],[[[-54.9,72.7],[-55.0,72.8],[-54.8,72.7],[-54.9,72.7]]],[[[-55.1,72.6],[-55.2,72.7],[-54.9,72.7],[-55.1,72.6]]],[[[-55.1,72.7],[-55.5,72.6],[-55.5,72.6],[-55.8,72.6],[-55.1,72.7]]],[[[-55.0,72.4],[-55.5,72.1],[-55.7,72.2],[-55.0,72.4]]],[[[-55.4,72.5],[-55.1,72.6],[-55.0,72.6],[-55.4,72.5]]],[[[-55.3,72.9],[-55.5,73.0],[-55.1,73.0],[-55.3,72.9]]],[[[-55.3,51.9],[-55.4,51.9],[-55.3,52.0],[-55.3,51.9]]],[[[-55.4,73.4],[-55.5,73.3],[-55.6,73.3],[-55.4,73.4]]],[[[-55.4,72.9],[-55.6,72.8],[-55.6,72.9],[-55.4,72.9]]],[[[-55.4,71.9],[-55.7,71.8],[-55.8,71.9],[-55.4,71.9]]],[[[-55.6,50.7],[-55.6,50.8],[-55.5,50.8],[-55.6,50.7]]],[[[-55.5,73.4],[-55.7,73.4],[-55.7,73.5],[-56.1,73.6],[-55.5,73.4]]],[[[-55.6,50.9],[-55.5,51.0],[-55.5,50.9],[-55.6,50.9]]],[[[-55.6,49.6],[-55.7,49.6],[-55.6,49.6],[-55.6,49.6]]],[[[-55.6,73.3],[-55.9,73.3],[-55.6,73.3],[-55.6,73.3]]],[[[-55.8,72.7],[-56.2,72.7],[-55.6,72.8],[-55.8,72.7]]],[[[-162.0,59.4],[-161.9,60.7],[-164.1,59.8],[-165.4,60.6],[-163.6,60.9],[-166.2,61.6],[-160.8,63.7],[-161.0,64.9],[-165.0,64.4],[-168.1,65.7],[-160.2,66.4],[-166.8,68.4],[-159.5,70.8],[-135.2,68.6],[-132.6,69.7],[-131.2,69.8],[-129.7,70.2],[-129.3,70.1],[-132.0,69.5],[-133.5,68.8],[-132.5,68.8],[-131.1,69.6],[-130.9,69.1],[-127.9,70.5],[-125.5,69.3],[-113.9,68.4],[-115.0,67.8],[-113.8,67.7],[-111.8,67.7],[-110.0,68.0],[-107.2,66.3],[-107.1,66.8],[-108.0,67.8],[-106.4,68.2],[-105.6,68.6],[-108.3,68.6],[-106.1,68.9],[-105.4,68.7],[-105.5,68.4],[-104.5,68.0],[-102.2,67.7],[-98.4,67.8],[-98.6,68.1],[-98.2,67.8],[-97.8,67.6],[-97.3,67.6],[-97.1,67.7],[-97.9,68.6],[-96.8,68.0],[-95.9,68.3],[-96.5,67.5],[-95.8,66.5],[-93.4,69.4],[-96.6,70.8],[-94.6,72.0],[-90.3,68.3],[-88.1,68.8],[-87.5,67.1],[-86.6,67.4],[-85.7,68.7],[-84.8,68.8],[-84.6,69.0],[-85.6,69.9],[-81.3,69.1],[-82.7,68.4],[-81.6,67.0],[-83.5,66.4],[-84.0,66.9],[-84.2,66.7],[-84.7,67.0],[-85.2,66.9],[-84.6,66.9],[-83.9,66.4],[-83.8,66.2],[-85.6,66.6],[-86.8,66.5],[-87.6,65.3],[-89.8,66.0],[-91.0,65.9],[-86.9,65.1],[-88.0,64.2],[-94.0,63.9],[-90.7,63.2],[-92.5,62.8],[-95.0,60.5],[-92.9,56.9],[-82.3,55.2],[-82.3,53.0],[-81.5,52.4],[-81.9,52.2],[-79.3,50.7],[-78.5,52.5],[-79.8,54.7],[-77.7,55.3],[-77.2,55.6],[-76.7,56.0],[-76.5,56.4],[-76.5,57.1],[-76.9,57.8],[-77.5,58.2],[-78.6,58.6],[-76.8,60.2],[-78.2,62.3],[-73.7,62.5],[-71.4,61.1],[-69.9,60.8],[-69.5,61.1],[-70.9,60.1],[-69.8,58.6],[-68.4,58.8],[-69.4,57.8],[-66.1,58.3],[-65.0,59.4],[-65.5,59.7],[-64.9,60.5],[-64.4,60.4],[-64.0,59.0],[-62.8,58.7],[-63.6,58.3],[-62.6,58.5],[-63.3,58.0],[-61.4,57.1],[-62.6,56.8],[-60.7,55.6],[-60.3,55.8],[-60.7,55.0],[-57.3,54.6],[-60.9,53.8],[-60.4,53.3],[-57.5,54.2],[-55.6,52.4],[-71.0,48.4],[-69.7,48.1],[-71.3,46.7],[-64.8,49.2],[-66.8,48.0],[-61.0,45.3],[-65.7,43.5],[-66.1,44.5],[-63.4,45.4],[-64.8,46.1],[-68.8,44.6],[-70.7,43.1],[-71.1,45.3],[-73.4,45.0],[-73.8,40.8],[-79.5,39.7],[-77.1,38.9],[-77.2,37.3],[-76.0,36.9],[-75.5,35.8],[-75.9,36.7],[-76.7,36.3],[-76.3,34.9],[-77.4,34.7],[-80.8,32.5],[-81.3,31.6],[-81.5,30.9],[-81.4,30.3],[-80.6,28.5],[-80.8,28.8],[-80.8,28.4],[-80.0,26.8],[-80.4,25.2],[-82.8,29.2],[-86.3,30.5],[-90.2,30.4],[-89.4,30.1],[-89.8,29.6],[-89.7,29.5],[-89.0,29.2],[-89.4,28.9],[-89.3,29.2],[-90.2,29.6],[-90.2,29.1],[-91.2,29.2],[-91.8,29.8],[-95.1,29.7],[-97.5,27.9],[-97.9,22.6],[-97.3,21.6],[-97.4,21.3],[-97.4,21.5],[-97.7,22.0],[-97.7,21.7],[-95.8,18.7],[-90.4,16.4],[-92.2,14.6],[-105.0,19.3],[-104.3,22.5],[-105.7,22.5],[-113.1,31.2],[-115.0,32.0],[-114.6,30.0],[-109.5,23.2],[-115.0,27.7],[-114.0,27.7],[-114.1,28.5],[-117.4,33.2],[-120.6,34.6],[-122.5,37.5],[-121.4,38.0],[-124.3,40.3],[-123.2,46.2],[-124.7,48.4],[-122.8,48.2],[-123.1,47.4],[-122.5,47.9],[-123.1,47.1],[-122.6,47.2],[-122.3,47.4],[-122.3,48.0],[-122.9,49.4],[-124.8,50.9],[-127.8,51.2],[-126.6,51.7],[-127.9,51.7],[-126.7,52.0],[-127.0,52.8],[-127.6,52.3],[-127.9,52.6],[-128.4,52.3],[-128.2,52.5],[-128.1,52.9],[-129.0,53.6],[-127.9,53.2],[-128.6,54.0],[-129.2,53.6],[-129.3,53.4],[-129.5,54.2],[-130.5,54.4],[-129.5,55.5],[-130.8,54.8],[-130.5,55.3],[-131.0,56.1],[-131.9,55.9],[-132.0,55.5],[-132.2,55.6],[-131.8,56.2],[-133.8,58.5],[-147.7,61.3],[-148.7,60.8],[-148.4,59.9],[-152.0,59.3],[-149.6,61.5],[-153.1,60.3],[-154.3,59.1],[-153.3,58.8],[-158.5,56.0],[-161.3,55.3],[-161.6,55.6],[-163.4,54.8],[-161.8,55.9],[-160.2,55.8],[-157.4,57.5],[-156.8,59.2],[-162.0,59.4]],[[-102.1,20.4],[-96.8,18.3],[-97.1,20.1],[-101.5,21.9],[-102.1,20.4]],[[-102.3,22.5],[-102.2,21.7],[-101.8,22.0],[-102.3,22.5]],[[-110.0,60.0],[-110.0,60.0],[-110.0,60.0],[-110.0,60.0]],[[-112.3,60.0],[-111.9,60.0],[-112.0,60.0],[-112.3,60.0]],[[-116.2,60.0],[-115.9,60.0],[-116.0,60.0],[-116.2,60.0]],[[-118.0,60.0],[-117.7,60.0],[-117.8,60.0],[-118.0,60.0]],[[-118.4,60.0],[-118.0,60.0],[-118.1,60.0],[-118.4,60.0]],[[-123.8,60.0],[-123.8,60.0],[-123.8,60.0],[-123.8,60.0]],[[-126.9,60.8],[-126.9,60.8],[-126.9,61.0],[-126.9,60.8]],[[-127.1,61.1],[-127.1,61.1],[-127.0,61.1],[-127.1,61.1]],[[-127.3,61.5],[-127.3,61.5],[-127.2,61.5],[-127.3,61.5]],[[-130.1,63.8],[-130.1,63.8],[-130.1,63.9],[-130.1,63.8]],[[-130.9,64.2],[-130.9,64.2],[-131.0,64.3],[-130.9,64.2]],[[-133.8,66.7],[-133.8,66.7],[-133.8,66.8],[-133.8,66.7]],[[-136.1,67.4],[-136.1,67.4],[-136.1,67.4],[-136.1,67.4]]],[[[-55.6,72.6],[-55.8,72.6],[-55.7,72.6],[-55.6,72.6]]],[[[-55.7,49.5],[-55.7,49.6],[-55.7,49.6],[-55.7,49.5]]],[[[-55.8,73.0],[-55.8,73.1],[-55.7,73.0],[-55.8,73.0]]],[[[-55.8,72.1],[-55.9,72.1],[-55.7,72.1],[-55.8,72.1]]],[[[-55.8,53.4],[-55.9,53.5],[-55.7,53.5],[-55.8,53.4]]],[[[-55.8,53.0],[-55.8,53.1],[-55.7,53.1],[-55.8,53.0]]],[[[-55.8,53.3],[-55.8,53.3],[-55.8,53.3],[-55.8,53.3]]],[[[-55.8,73.4],[-55.8,73.5],[-55.8,73.4],[-55.8,73.4]]],[[[-55.8,72.8],[-55.9,72.8],[-55.8,72.8],[-55.8,72.8]]],[[[-55.8,73.2],[-56.1,73.1],[-56.0,73.2],[-55.8,73.2]]],[[[-55.9,73.3],[-56.0,73.4],[-55.8,73.4],[-55.9,73.3]]],[[[-55.9,47.3],[-55.9,47.3],[-56.0,47.3],[-55.9,47.3]]],[[[-55.9,47.7],[-56.1,47.6],[-56.1,47.6],[-55.9,47.7]]],[[[-56.3,73.8],[-56.8,73.9],[-56.0,73.8],[-56.3,73.8]]],[[[-56.0,51.2],[-56.0,51.2],[-56.0,51.2],[-56.0,51.2]]],[[[-56.2,73.2],[-56.3,73.2],[-56.2,73.2],[-56.2,73.2]]],[[[-56.3,73.7],[-56.4,73.5],[-56.6,73.6],[-56.3,73.7]]],[[[-56.2,73.7],[-56.3,73.8],[-56.2,73.7],[-56.2,73.7]]],[[[-56.4,73.7],[-56.8,73.6],[-57.0,73.7],[-56.4,73.7]]],[[[-56.7,74.6],[-56.5,74.5],[-57.6,74.5],[-56.7,74.6]]],[[[-56.8,49.8],[-56.8,49.8],[-56.8,49.8],[-56.8,49.8]]],[[[-56.8,74.6],[-57.0,74.6],[-57.1,74.6],[-56.8,74.6]]],[[[-57.0,53.8],[-56.9,53.8],[-57.0,53.8],[-57.0,53.8]]],[[[-57.2,74.6],[-57.2,74.6],[-57.1,74.6],[-57.2,74.6]]],[[[-57.3,54.5],[-57.3,54.6],[-57.2,54.5],[-57.3,54.5]]],[[[-57.5,74.7],[-57.5,74.7],[-57.4,74.7],[-57.5,74.7]]],[[[-58.2,54.9],[-57.8,54.8],[-58.1,54.8],[-58.2,54.9]]],[[[-58.3,49.1],[-58.3,49.1],[-58.4,49.1],[-58.3,49.1]]],[[[-58.4,54.1],[-58.5,54.1],[-58.4,54.1],[-58.4,54.1]]],[[[-58.5,51.3],[-58.5,51.2],[-58.6,51.2],[-58.5,51.3]]],[[[-58.7,54.9],[-58.7,55.0],[-58.7,55.0],[-58.7,54.9]]],[[[-59.3,50.6],[-59.4,50.6],[-59.4,50.7],[-59.3,50.6]]],[[[-60.1,43.9],[-59.7,44.0],[-59.8,43.9],[-59.9,43.9],[-60.1,43.9]]],[[[-61.3,45.6],[-61.5,46.1],[-60.5,47.0],[-61.1,45.7],[-59.8,45.9],[-61.3,45.6]]],[[[-60.8,55.9],[-60.9,56.0],[-60.7,55.9],[-60.8,55.9]]],[[[-81.0,82.2],[-82.6,82.4],[-60.9,82.4],[-69.1,81.7],[-66.4,81.5],[-70.0,81.2],[-64.5,81.5],[-78.0,79.4],[-74.5,79.3],[-74.4,79.1],[-82.0,77.7],[-81.9,77.2],[-77.8,76.8],[-81.0,76.1],[-82.7,76.8],[-89.6,76.6],[-86.8,77.4],[-88.2,77.9],[-86.7,77.9],[-85.8,77.5],[-84.3,77.4],[-83.4,77.5],[-82.4,78.1],[-87.5,78.1],[-86.7,78.8],[-82.3,78.6],[-81.6,79.1],[-86.5,80.3],[-83.7,80.3],[-81.7,79.6],[-79.9,79.7],[-83.0,80.3],[-76.3,80.9],[-78.9,81.0],[-76.7,81.5],[-85.9,80.6],[-82.2,81.2],[-92.0,81.7],[-81.0,82.2]]],[[[-61.0,45.5],[-61.1,45.5],[-60.9,45.6],[-61.0,45.5]]],[[[-61.0,55.9],[-61.1,55.9],[-60.9,55.9],[-61.0,55.9]]],[[[-61.0,56.0],[-61.1,56.2],[-60.9,56.0],[-61.0,56.0]]],[[[-61.2,56.7],[-61.1,56.6],[-61.2,56.6],[-61.2,56.7]]],[[[-61.5,56.5],[-61.5,56.4],[-61.6,56.5],[-61.5,56.5]]],[[[-61.2,45.6],[-61.2,45.6],[-61.2,45.6],[-61.2,45.6]]],[[[-81.0,71.9],[-77.7,71.8],[-78.9,72.2],[-75.2,72.5],[-76.4,71.9],[-73.4,71.0],[-71.5,71.5],[-72.8,70.8],[-72.5,70.6],[-70.6,71.0],[-71.6,70.1],[-68.4,70.6],[-68.5,70.4],[-68.7,70.5],[-68.8,70.3],[-69.8,70.2],[-70.5,69.9],[-68.7,70.2],[-69.8,69.8],[-70.0,69.6],[-67.8,70.3],[-70.1,69.5],[-66.8,69.4],[-69.1,69.3],[-67.8,68.8],[-69.4,68.9],[-64.7,67.0],[-61.3,66.6],[-63.5,65.9],[-63.6,64.9],[-64.3,65.4],[-64.6,65.1],[-65.5,65.8],[-64.4,66.3],[-67.5,66.6],[-69.0,66.2],[-64.5,63.4],[-65.3,63.8],[-65.1,62.6],[-67.9,63.7],[-69.0,63.8],[-68.0,63.1],[-65.9,62.2],[-68.7,62.3],[-73.3,64.6],[-78.2,64.6],[-73.6,65.5],[-74.5,66.2],[-72.3,67.2],[-73.7,68.7],[-74.9,69.1],[-76.6,68.7],[-75.6,69.2],[-78.9,70.7],[-81.1,70.7],[-81.1,70.7],[-80.9,70.6],[-79.8,70.5],[-79.6,70.5],[-79.8,70.4],[-79.7,70.2],[-79.1,70.4],[-78.7,70.0],[-81.8,70.1],[-80.9,69.7],[-81.6,70.0],[-83.0,70.3],[-81.8,70.0],[-88.0,70.3],[-89.5,71.1],[-88.2,70.9],[-87.1,71.0],[-90.1,71.9],[-86.6,73.9],[-84.9,73.7],[-86.8,72.8],[-86.2,71.9],[-84.9,71.3],[-86.8,71.0],[-84.8,71.0],[-84.6,71.7],[-86.0,72.0],[-84.2,72.0],[-85.7,72.9],[-83.7,73.0],[-85.2,73.2],[-84.9,73.4],[-81.6,73.7],[-81.0,71.9]]],[[[-61.3,56.9],[-61.6,56.8],[-61.4,56.6],[-61.6,56.7],[-61.6,56.9],[-61.3,56.9]]],[[[-61.4,47.6],[-61.8,47.2],[-62.0,47.2],[-61.9,47.4],[-61.4,47.6]]],[[[-61.5,56.4],[-61.6,56.3],[-61.8,56.4],[-61.5,56.4]]],[[[-61.5,66.5],[-61.5,66.5],[-61.5,66.5],[-61.5,66.5]]],[[[-61.6,57.3],[-61.7,57.3],[-61.7,57.4],[-61.6,57.3]]],[[[-61.7,57.4],[-61.7,57.5],[-61.6,57.4],[-61.7,57.4]]],[[[-61.7,57.7],[-61.8,57.8],[-61.7,57.8],[-61.7,57.7]]],[[[-63.3,49.8],[-61.7,49.1],[-64.5,49.9],[-63.3,49.8]]],[[[-61.9,57.5],[-61.9,57.6],[-61.8,57.5],[-61.9,57.5]]],[[[-61.9,76.1],[-61.9,76.2],[-61.9,76.2],[-61.9,76.1]]],[[[-61.9,57.8],[-62.0,57.9],[-61.9,57.8],[-61.9,57.8]]],[[[-62.1,66.2],[-62.1,66.3],[-62.1,66.3],[-62.1,66.2]]],[[[-62.2,67.1],[-62.2,67.1],[-62.3,67.1],[-62.2,67.1]]],[[[-62.2,65.9],[-62.2,65.9],[-62.3,65.9],[-62.2,65.9]]],[[[-62.2,66.2],[-62.3,66.3],[-62.2,66.2],[-62.2,66.2]]],[[[-62.3,65.6],[-62.3,65.7],[-62.2,65.7],[-62.3,65.6]]],[[[-62.7,67.1],[-62.4,67.2],[-62.9,67.0],[-62.7,67.1]]],[[[-62.5,65.6],[-62.5,65.6],[-62.5,65.6],[-62.5,65.6]]],[[[-62.5,65.6],[-62.5,65.5],[-62.5,65.6],[-62.5,65.6]]],[[[-62.9,65.6],[-62.9,65.6],[-62.9,65.6],[-62.9,65.6]]],[[[-63.1,67.0],[-63.0,67.1],[-62.9,67.0],[-63.1,67.0]]],[[[-63.1,65.3],[-63.0,65.3],[-63.0,65.3],[-63.1,65.3]]],[[[-63.1,67.0],[-63.1,67.0],[-63.0,67.0],[-63.1,67.0]]],[[[-63.2,67.1],[-63.1,67.1],[-63.1,67.1],[-63.2,67.1]]],[[[-63.3,65.5],[-63.2,65.5],[-63.2,65.5],[-63.3,65.5]]],[[[-63.3,65.3],[-63.2,65.3],[-63.3,65.3],[-63.3,65.3]]],[[[-63.3,64.9],[-63.4,65.0],[-63.4,65.0],[-63.3,64.9]]],[[[-63.4,65.3],[-63.3,65.3],[-63.3,65.3],[-63.4,65.3]]],[[[-63.7,67.4],[-63.5,67.3],[-63.8,67.3],[-63.7,67.4]]],[[[-63.7,62.9],[-63.8,62.9],[-63.7,62.9],[-63.7,62.9]]],[[[-64.0,67.6],[-63.8,67.5],[-64.1,67.5],[-64.0,67.6]]],[[[-63.9,67.3],[-63.9,67.4],[-63.8,67.4],[-63.9,67.3]]],[[[-63.9,50.2],[-63.9,50.2],[-63.9,50.2],[-63.9,50.2]]],[[[-64.0,67.4],[-63.9,67.5],[-63.9,67.4],[-64.0,67.4]]],[[[-64.0,67.3],[-63.9,67.3],[-63.9,67.3],[-64.0,67.3]]],[[[-64.0,63.5],[-63.9,63.4],[-64.0,63.4],[-64.0,63.5]]],[[[-64.1,59.9],[-64.1,59.7],[-64.2,59.7],[-64.1,59.9]]],[[[-64.0,65.1],[-64.0,65.0],[-64.0,65.0],[-64.0,65.1]]],[[[-64.0,63.6],[-64.0,63.6],[-64.1,63.6],[-64.0,63.6]]],[[[-64.1,76.1],[-64.1,76.1],[-64.1,76.1],[-64.1,76.1]]],[[[-64.2,63.7],[-64.1,63.8],[-64.1,63.7],[-64.2,63.7]]],[[[-64.2,63.6],[-64.2,63.5],[-64.2,63.6],[-64.2,63.6]]],[[[-64.1,63.5],[-64.2,63.5],[-64.1,63.5],[-64.1,63.5]]],[[[-64.4,63.4],[-64.3,63.5],[-64.1,63.3],[-64.4,63.4]]],[[[-64.2,62.5],[-64.2,62.6],[-64.1,62.5],[-64.2,62.5]]],[[[-64.2,63.8],[-64.4,63.8],[-64.4,63.9],[-64.2,63.8]]],[[[-64.3,63.5],[-64.3,63.6],[-64.2,63.6],[-64.3,63.5]]],[[[-64.3,62.4],[-64.3,62.5],[-64.3,62.4],[-64.3,62.4]]],[[[-64.3,63.7],[-64.3,63.8],[-64.3,63.7],[-64.3,63.7]]],[[[-64.3,62.6],[-64.3,62.5],[-64.4,62.5],[-64.3,62.6]]],[[[-64.9,62.5],[-64.5,62.6],[-64.4,62.5],[-64.9,62.5]]],[[[-64.5,63.7],[-64.7,63.9],[-64.4,63.7],[-64.5,63.7]]],[[[-64.5,64.1],[-64.6,64.2],[-64.5,64.1],[-64.5,64.1]]],[[[-64.5,47.9],[-64.5,48.0],[-64.5,48.0],[-64.5,47.9]]],[[[-64.6,47.7],[-64.7,47.9],[-64.5,47.9],[-64.6,47.7]]],[[[-64.6,64.2],[-64.6,64.3],[-64.5,64.2],[-64.6,64.2]]],[[[-64.6,60.7],[-64.6,60.6],[-64.7,60.6],[-64.6,60.7]]],[[[-64.9,61.3],[-65.5,61.6],[-64.7,61.6],[-64.9,61.3]]],[[[-64.8,60.6],[-64.7,60.7],[-64.7,60.7],[-64.8,60.6]]],[[[-64.8,64.2],[-64.7,64.2],[-64.7,64.2],[-64.8,64.2]]],[[[-64.7,63.2],[-64.7,63.2],[-64.8,63.2],[-64.7,63.2]]],[[[-64.8,61.3],[-64.8,61.3],[-64.8,61.3],[-64.8,61.3]]],[[[-64.8,81.7],[-64.9,81.8],[-64.8,81.7],[-64.8,81.7]]],[[[-64.8,67.9],[-64.8,67.9],[-64.8,67.9],[-64.8,67.9]]],[[[-64.8,64.2],[-64.8,64.2],[-64.8,64.2],[-64.8,64.2]]],[[[-64.9,64.4],[-64.9,64.3],[-65.0,64.4],[-64.9,64.4]]],[[[-64.8,62.6],[-65.1,62.6],[-64.8,62.6],[-64.8,62.6]]],[[[-65.1,61.9],[-64.9,61.7],[-65.2,61.9],[-65.1,61.9]]],[[[-65.0,63.6],[-64.9,63.4],[-65.0,63.5],[-65.0,63.6]]],[[[-65.0,64.1],[-65.0,64.1],[-64.9,64.1],[-65.0,64.1]]],[[[-65.1,64.3],[-64.9,64.3],[-64.9,64.3],[-65.1,64.3]]],[[[-65.0,76.0],[-65.1,76.1],[-65.0,76.1],[-65.0,76.0]]],[[[-65.1,62.5],[-65.0,62.5],[-65.0,62.5],[-65.1,62.5]]],[[[-65.2,64.2],[-65.1,64.2],[-65.0,64.2],[-65.2,64.2]]],[[[-65.2,64.6],[-65.1,64.6],[-65.1,64.6],[-65.2,64.6]]],[[[-65.4,64.7],[-65.2,64.6],[-65.7,64.5],[-65.4,64.7]]],[[[-65.4,61.7],[-65.4,61.7],[-65.3,61.7],[-65.4,61.7]]],[[[-65.3,68.0],[-65.4,68.0],[-65.3,68.0],[-65.3,68.0]]],[[[-65.5,68.0],[-65.6,68.1],[-65.4,68.0],[-65.5,68.0]]],[[[-65.6,65.9],[-65.6,65.8],[-65.5,65.9],[-65.6,65.9]]],[[[-65.6,43.5],[-65.6,43.4],[-65.6,43.4],[-65.6,43.5]]],[[[-65.6,59.4],[-65.6,59.4],[-65.6,59.4],[-65.6,59.4]]],[[[-65.6,68.1],[-65.7,68.2],[-65.6,68.2],[-65.6,68.1]]],[[[-65.7,59.3],[-65.7,59.4],[-65.6,59.4],[-65.7,59.3]]],[[[-65.7,61.8],[-65.7,61.8],[-65.7,61.8],[-65.7,61.8]]],[[[-65.8,61.8],[-65.8,61.9],[-65.8,61.8],[-65.8,61.8]]],[[[-65.9,65.7],[-65.8,65.7],[-65.9,65.7],[-65.9,65.7]]],[[[-65.9,61.8],[-65.8,61.8],[-65.9,61.8],[-65.9,61.8]]],[[[-65.9,62.2],[-65.9,62.1],[-66.0,62.1],[-65.9,62.2]]],[[[-65.9,68.1],[-66.0,68.1],[-65.9,68.1],[-65.9,68.1]]],[[[-65.9,62.0],[-65.9,62.1],[-65.9,62.0],[-65.9,62.0]]],[[[-66.0,59.0],[-66.0,59.0],[-66.0,59.0],[-66.0,59.0]]],[[[-66.0,58.9],[-66.1,58.9],[-66.1,58.9],[-66.0,58.9]]],[[[-66.1,81.6],[-66.5,81.6],[-66.5,81.6],[-66.1,81.6]]],[[[-66.2,64.9],[-66.1,64.9],[-66.2,64.9],[-66.2,64.9]]],[[[-66.2,58.8],[-66.2,58.8],[-66.1,58.8],[-66.2,58.8]]],[[[-66.7,77.5],[-66.2,77.5],[-66.7,77.5],[-66.7,77.5]]],[[[-66.3,44.3],[-66.2,44.4],[-66.3,44.3],[-66.3,44.3]]],[[[-66.3,68.3],[-66.4,68.2],[-66.7,68.2],[-66.3,68.3]]],[[[-66.4,66.2],[-66.3,66.2],[-66.4,66.2],[-66.4,66.2]]],[[[-66.5,62.9],[-66.4,62.9],[-66.6,62.9],[-66.5,62.9]]],[[[-66.7,80.7],[-66.8,80.6],[-66.9,80.7],[-66.7,80.7]]],[[[-66.6,68.3],[-66.6,68.3],[-66.6,68.3],[-66.6,68.3]]],[[[-66.9,66.4],[-66.7,66.3],[-67.0,66.4],[-66.9,66.4]]],[[[-66.9,77.6],[-66.8,77.6],[-67.0,77.6],[-66.9,77.6]]],[[[-66.7,68.4],[-66.7,68.4],[-66.8,68.4],[-66.7,68.4]]],[[[-66.7,68.3],[-66.7,68.3],[-66.8,68.3],[-66.7,68.3]]],[[[-66.7,68.2],[-66.8,68.2],[-66.8,68.2],[-66.7,68.2]]],[[[-66.8,44.7],[-66.9,44.7],[-66.8,44.8],[-66.8,44.7]]],[[[-66.8,68.3],[-66.9,68.3],[-66.8,68.3],[-66.8,68.3]]],[[[-66.9,68.4],[-66.8,68.4],[-66.9,68.3],[-66.9,68.4]]],[[[-66.9,65.4],[-66.9,65.4],[-66.9,65.4],[-66.9,65.4]]],[[[-66.9,66.5],[-66.9,66.5],[-67.0,66.5],[-66.9,66.5]]],[[[-66.9,63.1],[-67.0,63.0],[-67.1,63.1],[-66.9,63.1]]],[[[-67.0,66.3],[-67.0,66.4],[-66.9,66.3],[-67.0,66.3]]],[[[-67.0,66.5],[-66.9,66.5],[-67.1,66.5],[-67.0,66.5]]],[[[-67.0,65.4],[-67.0,65.3],[-67.1,65.3],[-67.0,65.4]]],[[[-67.0,66.0],[-67.1,66.0],[-67.0,66.0],[-67.0,66.0]]],[[[-67.0,65.5],[-67.0,65.4],[-67.0,65.4],[-67.0,65.5]]],[[[-67.3,65.6],[-67.2,65.6],[-67.3,65.5],[-67.3,65.6]]],[[[-67.3,68.6],[-67.4,68.5],[-67.4,68.6],[-67.3,68.6]]],[[[-67.4,65.7],[-67.4,65.7],[-67.4,65.7],[-67.4,65.7]]],[[[-67.5,65.8],[-67.4,65.8],[-67.4,65.8],[-67.5,65.8]]],[[[-67.6,69.6],[-67.7,69.5],[-67.8,69.5],[-67.6,69.6]]],[[[-67.5,65.7],[-67.8,65.7],[-67.5,65.7],[-67.5,65.7]]],[[[-67.5,58.4],[-67.6,58.4],[-67.5,58.4],[-67.5,58.4]]],[[[-67.6,66.3],[-67.6,66.3],[-67.5,66.3],[-67.6,66.3]]],[[[-67.7,68.8],[-67.6,68.8],[-67.7,68.8],[-67.7,68.8]]],[[[-67.6,62.2],[-67.6,62.1],[-67.6,62.1],[-67.6,62.2]]],[[[-67.7,68.9],[-67.6,68.9],[-67.6,68.9],[-67.7,68.9]]],[[[-67.7,65.8],[-67.7,65.8],[-67.7,65.8],[-67.7,65.8]]],[[[-67.7,68.9],[-67.8,68.9],[-67.8,68.9],[-67.7,68.9]]],[[[-67.8,63.6],[-67.7,63.6],[-67.7,63.6],[-67.8,63.6]]],[[[-67.8,63.2],[-67.8,63.2],[-67.8,63.2],[-67.8,63.2]]],[[[-68.3,68.8],[-67.8,68.7],[-68.5,68.8],[-68.3,68.8]]],[[[-67.8,68.8],[-67.8,68.9],[-67.8,68.9],[-67.8,68.8]]],[[[-67.8,68.6],[-67.9,68.6],[-68.0,68.6],[-67.8,68.6]]],[[[-68.3,69.6],[-68.0,69.7],[-67.8,69.7],[-68.3,69.6]]],[[[-67.9,63.3],[-67.9,63.2],[-67.9,63.3],[-67.9,63.3]]],[[[-67.9,68.9],[-67.9,69.0],[-67.9,68.9],[-67.9,68.9]]],[[[-68.0,69.2],[-67.9,69.1],[-68.0,69.1],[-68.0,69.2]]],[[[-68.0,68.9],[-67.9,68.9],[-68.0,68.9],[-68.0,68.9]]],[[[-68.5,60.3],[-67.9,60.4],[-68.5,60.2],[-68.5,60.3]]],[[[-68.0,63.4],[-68.0,63.4],[-67.9,63.4],[-68.0,63.4]]],[[[-68.1,63.3],[-68.1,63.2],[-68.1,63.3],[-68.1,63.3]]],[[[-68.0,63.5],[-68.0,63.5],[-68.1,63.5],[-68.0,63.5]]],[[[-68.1,66.0],[-68.1,66.1],[-68.0,66.1],[-68.1,66.0]]],[[[-68.1,63.2],[-68.2,63.3],[-68.1,63.2],[-68.1,63.2]]],[[[-68.2,44.3],[-68.4,44.3],[-68.2,44.4],[-68.2,44.3]]],[[[-68.5,70.2],[-68.5,70.2],[-68.5,70.2],[-68.5,70.2]]],[[[-68.6,70.2],[-68.6,70.2],[-68.6,70.2],[-68.6,70.2]]],[[[-68.6,44.2],[-68.7,44.2],[-68.7,44.3],[-68.6,44.2]]],[[[-68.7,63.7],[-68.7,63.6],[-68.7,63.7],[-68.7,63.7]]],[[[-68.7,63.6],[-68.7,63.6],[-68.8,63.6],[-68.7,63.6]]],[[[-68.8,63.7],[-68.8,63.6],[-68.8,63.6],[-68.8,63.7]]],[[[-68.8,44.0],[-68.8,44.1],[-68.8,44.1],[-68.8,44.0]]],[[[-69.1,59.0],[-69.1,59.0],[-69.0,59.0],[-69.1,59.0]]],[[[-69.2,59.1],[-69.1,59.1],[-69.2,59.1],[-69.2,59.1]]],[[[-69.4,59.0],[-69.4,59.0],[-69.4,59.0],[-69.4,59.0]]],[[[-69.5,76.6],[-69.8,76.5],[-70.0,76.6],[-69.5,76.6]]],[[[-70.0,76.4],[-70.2,76.4],[-69.9,76.4],[-70.0,76.4]]],[[[-70.1,61.0],[-70.0,60.9],[-70.1,61.0],[-70.1,61.0]]],[[[-70.0,62.5],[-70.1,62.6],[-70.0,62.5],[-70.0,62.5]]],[[[-70.7,77.5],[-70.1,77.4],[-71.3,77.4],[-70.7,77.5]]],[[[-70.8,62.6],[-70.4,62.7],[-70.3,62.6],[-70.8,62.6]]],[[[-70.9,46.9],[-70.9,47.0],[-70.8,47.0],[-70.9,46.9]]],[[[-71.0,62.9],[-70.9,62.9],[-71.1,62.9],[-71.0,62.9]]],[[[-71.1,62.9],[-71.2,63.0],[-71.1,62.9],[-71.1,62.9]]],[[[-71.3,71.1],[-71.1,71.1],[-71.3,71.1],[-71.3,71.1]]],[[[-72.3,77.5],[-72.0,77.3],[-72.6,77.4],[-72.3,77.5]]],[[[-72.2,70.9],[-71.9,71.1],[-71.4,71.0],[-72.2,70.9]]],[[[-71.4,63.0],[-71.5,63.0],[-71.4,63.0],[-71.4,63.0]]],[[[-71.6,61.3],[-71.5,61.3],[-71.6,61.3],[-71.6,61.3]]],[[[-71.6,63.5],[-71.6,63.5],[-71.6,63.5],[-71.6,63.5]]],[[[-71.7,63.6],[-71.6,63.6],[-71.8,63.6],[-71.7,63.6]]],[[[-71.9,63.6],[-71.8,63.7],[-71.8,63.6],[-71.9,63.6]]],[[[-74.0,40.6],[-72.3,41.2],[-71.9,41.1],[-74.0,40.6]]],[[[-71.9,63.7],[-72.0,63.7],[-71.9,63.7],[-71.9,63.7]]],[[[-72.1,61.9],[-72.1,61.9],[-72.1,61.8],[-72.1,61.9]]],[[[-72.2,63.6],[-72.2,63.6],[-72.2,63.6],[-72.2,63.6]]],[[[-72.3,63.6],[-72.3,63.6],[-72.4,63.6],[-72.3,63.6]]],[[[-72.5,63.6],[-72.5,63.7],[-72.4,63.6],[-72.5,63.6]]],[[[-72.5,62.0],[-72.4,62.0],[-72.4,62.0],[-72.5,62.0]]],[[[-72.5,63.7],[-72.6,63.6],[-72.8,63.7],[-72.5,63.7]]],[[[-72.7,63.7],[-72.7,63.7],[-72.7,63.7],[-72.7,63.7]]],[[[-72.8,71.7],[-72.9,71.5],[-73.1,71.6],[-72.8,71.7]]],[[[-72.8,63.7],[-72.8,63.8],[-72.7,63.7],[-72.8,63.7]]],[[[-73.3,40.6],[-73.2,40.6],[-73.3,40.6],[-73.3,40.6]]],[[[-73.4,71.5],[-73.2,71.4],[-72.9,71.5],[-73.1,71.3],[-73.4,71.5]]],[[[-73.1,64.1],[-73.0,64.2],[-73.0,64.1],[-73.1,64.1]]],[[[-73.2,64.1],[-73.2,64.1],[-73.1,64.1],[-73.2,64.1]]],[[[-73.2,64.2],[-73.2,64.3],[-73.2,64.2],[-73.2,64.2]]],[[[-73.2,71.7],[-73.4,71.6],[-73.4,71.6],[-73.2,71.7]]],[[[-73.4,64.2],[-73.3,64.1],[-73.5,64.2],[-73.4,64.2]]],[[[-74.5,67.8],[-74.3,68.2],[-73.4,67.8],[-74.5,67.8]]],[[[-73.5,64.3],[-73.6,64.2],[-73.6,64.3],[-73.5,64.3]]],[[[-73.6,71.5],[-73.5,71.5],[-73.6,71.5],[-73.6,71.5]]],[[[-73.8,64.4],[-73.8,64.5],[-73.7,64.5],[-73.8,64.4]]],[[[-73.8,64.4],[-73.8,64.3],[-73.9,64.3],[-73.8,64.4]]],[[[-74.0,64.3],[-73.9,64.3],[-73.9,64.3],[-74.0,64.3]]],[[[-74.0,83.2],[-74.3,83.1],[-74.7,83.2],[-74.0,83.2]]],[[[-74.4,62.7],[-74.0,62.6],[-74.6,62.7],[-74.4,62.7]]],[[[-74.1,40.6],[-74.2,40.6],[-74.1,40.6],[-74.1,40.6]]],[[[-74.6,78.8],[-74.1,78.7],[-74.6,78.8],[-74.6,78.8]]],[[[-74.1,68.2],[-74.2,68.2],[-74.2,68.2],[-74.1,68.2]]],[[[-74.3,68.3],[-74.3,68.5],[-74.1,68.3],[-74.3,68.3]]],[[[-74.3,64.5],[-74.3,64.5],[-74.2,64.5],[-74.3,64.5]]],[[[-74.3,64.4],[-74.4,64.4],[-74.3,64.4],[-74.3,64.4]]],[[[-74.5,71.7],[-74.4,71.7],[-74.5,71.7],[-74.5,71.7]]],[[[-74.5,68.5],[-74.5,68.5],[-74.5,68.5],[-74.5,68.5]]],[[[-74.5,64.4],[-74.5,64.4],[-74.6,64.4],[-74.5,64.4]]],[[[-74.8,68.7],[-74.6,68.6],[-74.9,68.6],[-74.8,68.7]]],[[[-74.7,72.2],[-74.6,72.1],[-74.7,72.2],[-74.7,72.2]]],[[[-74.7,72.2],[-74.9,72.2],[-74.7,72.2],[-74.7,72.2]]],[[[-75.0,68.3],[-75.0,68.7],[-74.8,68.4],[-75.0,68.3]]],[[[-75.2,68.2],[-77.0,67.3],[-77.3,67.7],[-75.2,68.2]]],[[[-75.1,68.7],[-75.1,68.7],[-75.1,68.7],[-75.1,68.7]]],[[[-75.3,37.9],[-75.3,38.0],[-75.2,38.0],[-75.3,37.9]]],[[[-75.4,38.0],[-75.7,37.5],[-76.0,37.2],[-75.9,37.6],[-75.4,38.0]]],[[[-75.5,35.3],[-75.5,35.8],[-75.7,35.2],[-75.5,35.3]]],[[[-75.6,64.3],[-75.7,64.3],[-75.8,64.3],[-75.6,64.3]]],[[[-75.6,35.9],[-75.7,35.9],[-75.7,35.9],[-75.6,35.9]]],[[[-75.7,37.4],[-75.7,37.4],[-75.7,37.5],[-75.7,37.4]]],[[[-76.0,35.1],[-75.8,35.2],[-76.0,35.1],[-76.0,35.1]]],[[[-75.8,37.2],[-75.8,37.2],[-75.8,37.2],[-75.8,37.2]]],[[[-75.9,37.1],[-75.9,37.1],[-75.9,37.1],[-75.9,37.1]]],[[[-76.1,35.1],[-76.1,35.0],[-76.1,35.0],[-76.1,35.1]]],[[[-80.4,73.8],[-76.0,72.9],[-80.9,73.6],[-80.4,73.8]]],[[[-76.2,34.9],[-76.5,34.6],[-76.4,34.8],[-76.2,34.9]]],[[[-76.6,64.2],[-76.5,64.2],[-76.5,64.2],[-76.6,64.2]]],[[[-76.5,34.6],[-76.6,34.7],[-76.5,34.6],[-76.5,34.6]]],[[[-76.9,63.4],[-77.1,63.7],[-76.6,63.5],[-76.9,63.4]]],[[[-76.7,64.2],[-76.6,64.2],[-76.7,64.2],[-76.7,64.2]]],[[[-76.6,64.3],[-76.6,64.2],[-76.7,64.2],[-76.6,64.3]]],[[[-76.6,63.4],[-76.6,63.4],[-76.7,63.4],[-76.6,63.4]]],[[[-76.7,77.9],[-76.7,77.9],[-76.6,77.9],[-76.7,77.9]]],[[[-76.7,56.6],[-76.7,56.7],[-76.7,56.7],[-76.7,56.6]]],[[[-76.7,56.8],[-76.7,56.7],[-76.7,56.7],[-76.7,56.8]]],[[[-76.7,56.5],[-76.7,56.4],[-76.7,56.4],[-76.7,56.5]]],[[[-76.7,57.1],[-76.8,57.1],[-76.7,57.2],[-76.7,57.1]]],[[[-76.7,56.9],[-76.7,56.9],[-76.7,56.9],[-76.7,56.9]]],[[[-76.7,34.7],[-76.9,34.7],[-76.8,34.7],[-76.7,34.7]]],[[[-77.2,69.1],[-76.8,69.4],[-76.7,69.4],[-77.2,69.1]]],[[[-76.7,57.0],[-76.7,57.0],[-76.7,57.0],[-76.7,57.0]]],[[[-76.7,57.0],[-76.7,56.9],[-76.7,57.0],[-76.7,57.0]]],[[[-76.7,56.3],[-76.8,56.3],[-76.8,56.3],[-76.7,56.3]]],[[[-76.8,56.1],[-76.8,56.2],[-76.8,56.1],[-76.8,56.1]]],[[[-76.8,57.3],[-76.8,57.2],[-76.8,57.2],[-76.8,57.3]]],[[[-76.8,56.2],[-76.8,56.2],[-76.8,56.2],[-76.8,56.2]]],[[[-76.8,57.4],[-76.9,57.3],[-76.9,57.4],[-76.8,57.4]]],[[[-76.9,57.5],[-76.9,57.5],[-76.9,57.6],[-76.9,57.5]]],[[[-77.1,69.8],[-77.0,69.8],[-77.0,69.8],[-77.1,69.8]]],[[[-77.1,57.8],[-77.1,57.8],[-77.1,57.8],[-77.1,57.8]]],[[[-77.3,55.6],[-77.3,55.6],[-77.4,55.6],[-77.3,55.6]]],[[[-77.6,34.4],[-77.5,34.5],[-77.3,34.5],[-77.6,34.4]]],[[[-77.4,55.5],[-77.7,55.4],[-77.4,55.5],[-77.4,55.5]]],[[[-77.5,56.4],[-77.5,56.4],[-77.5,56.4],[-77.5,56.4]]],[[[-78.1,63.1],[-77.7,63.4],[-77.5,63.2],[-78.1,63.1]]],[[[-77.9,64.0],[-77.6,64.0],[-78.0,64.0],[-77.9,64.0]]],[[[-77.7,77.8],[-77.9,77.9],[-77.6,77.8],[-77.7,77.8]]],[[[-77.7,58.2],[-77.7,58.2],[-77.6,58.2],[-77.7,58.2]]],[[[-77.8,62.5],[-77.8,62.6],[-77.7,62.6],[-77.8,62.5]]],[[[-77.8,56.4],[-77.8,56.4],[-77.8,56.4],[-77.8,56.4]]],[[[-77.8,58.2],[-77.8,58.2],[-77.9,58.2],[-77.8,58.2]]],[[[-77.9,34.1],[-77.9,34.1],[-77.9,34.1],[-77.9,34.1]]],[[[-77.9,61.6],[-77.9,61.7],[-77.8,61.6],[-77.9,61.6]]],[[[-77.9,56.3],[-78.0,56.3],[-78.0,56.3],[-77.9,56.3]]],[[[-77.9,58.3],[-78.0,58.3],[-77.9,58.3],[-77.9,58.3]]],[[[-78.0,62.6],[-78.0,62.5],[-78.1,62.6],[-78.0,62.6]]],[[[-78.0,33.8],[-78.0,33.9],[-77.9,33.9],[-78.0,33.8]]],[[[-78.8,69.6],[-78.0,69.7],[-78.9,69.5],[-78.8,69.6]]],[[[-78.0,56.3],[-78.1,56.3],[-78.1,56.3],[-78.0,56.3]]],[[[-78.1,69.9],[-78.1,69.9],[-78.1,69.9],[-78.1,69.9]]],[[[-78.1,58.3],[-78.1,58.3],[-78.1,58.3],[-78.1,58.3]]],[[[-78.2,83.0],[-78.1,83.0],[-78.4,83.0],[-78.2,83.0]]],[[[-78.3,58.4],[-78.2,58.4],[-78.2,58.4],[-78.3,58.4]]],[[[-78.3,58.4],[-78.3,58.4],[-78.3,58.4],[-78.3,58.4]]],[[[-78.9,68.9],[-78.7,69.4],[-78.3,69.4],[-78.9,68.9]]],[[[-78.3,57.2],[-78.4,57.2],[-78.3,57.2],[-78.3,57.2]]],[[[-78.7,60.8],[-78.4,60.8],[-78.7,60.7],[-78.7,60.8]]],[[[-78.4,57.3],[-78.5,57.3],[-78.4,57.3],[-78.4,57.3]]],[[[-78.5,63.5],[-78.6,63.5],[-78.5,63.5],[-78.5,63.5]]],[[[-78.5,57.3],[-78.5,57.3],[-78.5,57.3],[-78.5,57.3]]],[[[-79.0,68.5],[-78.9,68.7],[-78.5,68.6],[-79.0,68.5]]],[[[-78.5,57.5],[-78.6,57.5],[-78.5,57.5],[-78.5,57.5]]],[[[-78.6,68.2],[-78.6,68.3],[-78.5,68.2],[-78.6,68.2]]],[[[-78.6,57.2],[-78.6,57.2],[-78.6,57.2],[-78.6,57.2]]],[[[-78.6,57.4],[-78.6,57.4],[-78.6,57.4],[-78.6,57.4]]],[[[-78.7,58.6],[-78.6,58.6],[-78.6,58.6],[-78.7,58.6]]],[[[-78.6,57.4],[-78.7,57.5],[-78.6,57.5],[-78.6,57.4]]],[[[-78.9,56.2],[-78.7,56.2],[-78.9,56.1],[-78.9,56.2]]],[[[-78.8,58.8],[-78.8,58.8],[-78.7,58.8],[-78.8,58.8]]],[[[-78.7,58.6],[-78.8,58.6],[-78.8,58.6],[-78.7,58.6]]],[[[-78.7,72.4],[-79.0,72.4],[-79.1,72.4],[-78.7,72.4]]],[[[-78.7,58.6],[-78.8,58.7],[-78.7,58.6],[-78.7,58.6]]],[[[-78.8,77.0],[-78.8,76.9],[-78.8,77.0],[-78.8,77.0]]],[[[-78.8,52.4],[-78.7,52.5],[-78.7,52.4],[-78.8,52.4]]],[[[-78.8,57.5],[-78.8,57.5],[-78.8,57.5],[-78.8,57.5]]],[[[-78.8,56.7],[-78.8,56.7],[-78.8,56.7],[-78.8,56.7]]],[[[-78.9,56.7],[-78.8,56.7],[-78.8,56.7],[-78.9,56.7]]],[[[-78.8,57.0],[-78.8,57.1],[-78.8,57.0],[-78.8,57.0]]],[[[-78.9,57.3],[-78.8,57.3],[-78.9,57.3],[-78.9,57.3]]],[[[-78.9,56.1],[-78.9,56.0],[-78.9,56.1],[-78.9,56.1]]],[[[-79.2,68.4],[-78.8,68.3],[-79.2,68.2],[-79.2,68.4]]],[[[-79.0,75.9],[-79.1,76.2],[-78.9,76.1],[-79.0,75.9]]],[[[-79.0,72.3],[-79.0,72.3],[-79.0,72.3],[-79.0,72.3]]],[[[-78.9,56.4],[-79.9,55.8],[-80.1,55.9],[-79.6,56.3],[-79.5,56.4],[-79.5,56.5],[-78.9,56.4]]],[[[-79.0,58.8],[-79.0,58.9],[-79.0,58.8],[-79.0,58.8]]],[[[-79.0,52.1],[-79.0,52.1],[-79.0,52.1],[-79.0,52.1]]],[[[-79.0,56.1],[-79.1,55.9],[-79.1,55.8],[-79.0,56.1]]],[[[-79.1,56.3],[-79.0,56.3],[-79.1,56.2],[-79.1,56.3]]],[[[-79.1,52.1],[-79.1,52.1],[-79.1,52.1],[-79.1,52.1]]],[[[-79.1,54.9],[-79.6,54.8],[-79.8,54.8],[-79.6,54.9],[-79.1,54.9]]],[[[-79.2,68.5],[-79.1,68.5],[-79.1,68.5],[-79.2,68.5]]],[[[-79.2,55.7],[-79.2,55.7],[-79.3,55.7],[-79.2,55.7]]],[[[-79.2,56.6],[-79.2,56.6],[-79.2,56.6],[-79.2,56.6]]],[[[-79.2,56.6],[-79.3,56.6],[-79.3,56.6],[-79.2,56.6]]],[[[-79.2,52.6],[-79.2,52.5],[-79.2,52.6],[-79.2,52.6]]],[[[-79.2,55.8],[-79.3,55.7],[-79.3,55.7],[-79.2,55.8]]],[[[-79.2,52.0],[-79.2,52.0],[-79.2,52.0],[-79.2,52.0]]],[[[-79.3,51.8],[-79.3,51.8],[-79.2,51.8],[-79.3,51.8]]],[[[-79.3,55.8],[-79.3,55.8],[-79.2,55.8],[-79.3,55.8]]],[[[-79.3,69.8],[-79.3,69.8],[-79.3,69.8],[-79.3,69.8]]],[[[-79.3,52.0],[-79.3,52.0],[-79.3,52.0],[-79.3,52.0]]],[[[-79.7,52.0],[-79.3,52.1],[-79.7,51.9],[-79.7,52.0]]],[[[-79.8,61.6],[-80.0,62.4],[-79.3,62.2],[-79.8,61.6]]],[[[-79.4,33.0],[-79.3,33.1],[-79.4,33.0],[-79.4,33.0]]],[[[-79.3,55.7],[-79.4,55.7],[-79.3,55.7],[-79.3,55.7]]],[[[-80.0,69.6],[-80.8,69.7],[-79.4,69.7],[-80.0,69.6]]],[[[-79.5,52.3],[-79.4,52.2],[-79.5,52.2],[-79.5,52.3]]],[[[-86.1,75.5],[-79.4,74.9],[-91.7,74.7],[-93.2,76.4],[-95.4,76.2],[-94.9,76.3],[-97.0,76.7],[-91.3,76.7],[-86.1,75.5]]],[[[-79.6,72.5],[-79.5,72.4],[-79.7,72.4],[-79.6,72.5]]],[[[-79.5,54.8],[-79.6,54.8],[-79.5,54.8],[-79.5,54.8]]],[[[-79.6,56.7],[-79.6,56.6],[-79.6,56.8],[-79.6,56.7]]],[[[-79.7,56.3],[-79.6,56.4],[-79.5,56.4],[-79.7,56.3]]],[[[-80.1,56.2],[-79.7,56.4],[-79.6,56.5],[-79.7,56.3],[-80.1,56.2]]],[[[-79.6,54.8],[-79.6,54.7],[-79.6,54.8],[-79.6,54.8]]],[[[-79.6,52.5],[-79.6,52.6],[-79.6,52.6],[-79.6,52.5]]],[[[-79.7,54.8],[-79.7,54.7],[-79.7,54.8],[-79.7,54.8]]],[[[-79.7,56.8],[-79.7,56.9],[-79.7,56.8],[-79.7,56.8]]],[[[-79.8,57.6],[-79.8,57.5],[-79.9,57.5],[-79.8,57.6]]],[[[-79.8,58.7],[-79.8,58.8],[-79.7,58.7],[-79.8,58.7]]],[[[-79.8,56.8],[-79.9,56.9],[-79.8,56.8],[-79.8,56.8]]],[[[-79.9,53.2],[-79.9,53.1],[-80.0,53.1],[-79.9,53.2]]],[[[-79.8,57.4],[-79.9,57.5],[-79.8,57.5],[-79.8,57.4]]],[[[-79.9,59.9],[-79.9,59.9],[-79.8,60.0],[-79.9,59.9]]],[[[-79.9,56.8],[-80.0,56.7],[-80.0,56.8],[-79.9,56.8]]],[[[-80.0,76.2],[-79.9,76.2],[-80.0,76.2],[-80.0,76.2]]],[[[-80.0,69.9],[-80.0,70.0],[-79.9,69.9],[-80.0,69.9]]],[[[-80.1,59.9],[-80.1,59.8],[-80.2,59.8],[-80.1,59.9]]],[[[-80.0,60.0],[-80.0,59.9],[-80.0,59.9],[-80.0,60.0]]],[[[-80.1,53.4],[-80.0,53.3],[-80.1,53.2],[-80.1,53.4]]],[[[-80.0,72.5],[-80.1,72.4],[-80.1,72.5],[-80.0,72.5]]],[[[-80.0,70.0],[-80.0,70.0],[-80.0,70.0],[-80.0,70.0]]],[[[-80.1,58.7],[-80.1,58.8],[-80.1,58.8],[-80.1,58.7]]],[[[-80.2,69.4],[-80.1,69.4],[-80.1,69.4],[-80.2,69.4]]],[[[-80.2,25.7],[-80.2,25.7],[-80.2,25.7],[-80.2,25.7]]],[[[-80.4,27.7],[-80.3,27.4],[-80.4,27.9],[-80.4,27.7]]],[[[-80.2,25.4],[-80.2,25.5],[-80.2,25.4],[-80.2,25.4]]],[[[-86.0,65.7],[-84.5,65.5],[-82.0,64.0],[-80.2,63.7],[-87.2,63.6],[-86.0,65.7]]],[[[-80.3,59.7],[-80.3,59.6],[-80.4,59.6],[-80.3,59.7]]],[[[-80.5,25.1],[-80.4,25.1],[-80.6,24.9],[-80.6,24.9],[-80.5,25.1]]],[[[-80.4,59.3],[-80.3,59.4],[-80.3,59.3],[-80.4,59.3]]],[[[-80.5,59.7],[-80.4,59.7],[-80.5,59.6],[-80.5,59.7]]],[[[-80.6,59.4],[-80.5,59.4],[-80.6,59.4],[-80.6,59.4]]],[[[-80.6,59.6],[-80.6,59.7],[-80.6,59.7],[-80.6,59.6]]],[[[-80.6,72.2],[-80.6,72.1],[-80.7,72.2],[-80.6,72.2]]],[[[-80.7,28.4],[-80.6,28.6],[-80.7,28.2],[-80.7,28.4]]],[[[-80.6,24.9],[-80.6,24.9],[-80.7,24.9],[-80.6,24.9]]],[[[-80.6,59.4],[-80.7,59.4],[-80.6,59.4],[-80.6,59.4]]],[[[-80.7,59.4],[-80.6,59.3],[-80.7,59.3],[-80.7,59.4]]],[[[-80.7,59.1],[-80.7,59.1],[-80.7,59.1],[-80.7,59.1]]],[[[-80.7,52.7],[-82.1,53.0],[-80.7,52.8],[-80.7,52.7]]],[[[-80.7,24.9],[-80.7,24.9],[-80.7,24.8],[-80.7,24.9]]],[[[-80.8,58.4],[-80.8,58.5],[-80.8,58.5],[-80.8,58.4]]],[[[-80.8,24.8],[-80.8,24.8],[-80.8,24.8],[-80.8,24.8]]],[[[-80.9,24.8],[-81.0,24.7],[-81.0,24.7],[-80.9,24.8]]],[[[-81.0,70.7],[-81.0,70.7],[-81.0,70.7],[-81.0,70.7]]],[[[-81.1,24.7],[-81.1,24.7],[-81.1,24.7],[-81.1,24.7]]],[[[-81.1,54.4],[-81.1,54.4],[-81.1,54.4],[-81.1,54.4]]],[[[-81.4,76.2],[-81.3,76.2],[-81.2,76.2],[-81.4,76.2]]],[[[-81.4,24.7],[-81.3,24.6],[-81.3,24.6],[-81.4,24.7]]],[[[-81.4,64.2],[-81.5,64.2],[-81.4,64.2],[-81.4,64.2]]],[[[-81.5,30.7],[-81.5,30.9],[-81.4,30.9],[-81.5,30.7]]],[[[-81.7,52.3],[-81.6,52.3],[-81.5,52.3],[-81.7,52.3]]],[[[-81.5,24.7],[-81.5,24.7],[-81.5,24.7],[-81.5,24.7]]],[[[-81.7,69.5],[-81.6,69.5],[-81.8,69.5],[-81.7,69.5]]],[[[-81.9,69.4],[-81.8,69.4],[-81.9,69.4],[-81.9,69.4]]],[[[-81.6,24.7],[-81.5,24.6],[-81.6,24.6],[-81.6,24.7]]],[[[-81.7,24.6],[-81.7,24.6],[-81.6,24.6],[-81.7,24.6]]],[[[-81.7,25.9],[-81.7,25.9],[-81.7,25.8],[-81.7,25.9]]],[[[-81.8,24.6],[-81.7,24.6],[-81.8,24.5],[-81.8,24.6]]],[[[-82.1,62.6],[-84.0,62.5],[-81.9,62.9],[-82.1,62.6]]],[[[-82.0,69.5],[-82.1,69.4],[-82.3,69.5],[-82.0,69.5]]],[[[-82.2,26.5],[-82.1,26.4],[-82.1,26.4],[-82.2,26.5],[-82.2,26.5]]],[[[-82.1,26.5],[-82.1,26.7],[-82.1,26.5],[-82.1,26.5]]],[[[-82.1,24.5],[-82.1,24.6],[-82.1,24.5],[-82.1,24.5]]],[[[-82.2,26.6],[-82.2,26.7],[-82.2,26.6],[-82.2,26.6]]],[[[-82.3,26.7],[-82.3,26.8],[-82.3,26.8],[-82.3,26.7]]],[[[-82.3,69.5],[-82.5,69.5],[-82.3,69.5],[-82.3,69.5]]],[[[-82.4,69.5],[-82.4,69.5],[-82.3,69.5],[-82.4,69.5]]],[[[-82.6,69.9],[-82.6,69.8],[-82.7,69.9],[-82.6,69.9]]],[[[-82.5,69.8],[-82.7,69.8],[-82.9,69.8],[-82.5,69.8]]],[[[-82.6,27.3],[-82.7,27.4],[-82.6,27.3],[-82.6,27.3]]],[[[-82.7,63.0],[-82.7,63.0],[-82.6,63.0],[-82.7,63.0]]],[[[-83.4,66.3],[-83.0,66.3],[-83.0,66.3],[-83.4,66.3]]],[[[-83.0,69.8],[-83.2,69.8],[-83.3,69.8],[-83.0,69.8]]],[[[-83.3,65.7],[-84.1,65.8],[-84.4,66.1],[-83.3,65.7]]],[[[-83.3,65.8],[-83.5,65.8],[-83.5,65.8],[-83.3,65.8]]],[[[-83.5,66.0],[-83.6,66.0],[-83.6,66.0],[-83.5,66.0]]],[[[-83.7,69.8],[-83.7,69.7],[-83.9,69.8],[-83.7,69.8]]],[[[-83.6,66.1],[-83.6,66.0],[-83.7,66.0],[-83.6,66.1]]],[[[-83.7,66.1],[-83.6,66.1],[-83.7,66.1],[-83.7,66.1]]],[[[-83.7,63.3],[-83.7,63.3],[-83.6,63.3],[-83.7,63.3]]],[[[-83.9,79.1],[-83.9,79.1],[-84.0,79.1],[-83.9,79.1]]],[[[-84.0,76.5],[-84.1,76.5],[-84.0,76.5],[-84.0,76.5]]],[[[-84.0,66.7],[-84.1,66.7],[-84.0,66.7],[-84.0,66.7]]],[[[-84.3,66.2],[-84.2,66.2],[-84.2,66.2],[-84.3,66.2]]],[[[-84.7,66.1],[-84.6,66.2],[-84.6,66.1],[-84.7,66.1]]],[[[-84.6,29.8],[-84.7,29.8],[-84.6,29.8],[-84.6,29.8]]],[[[-84.8,65.5],[-84.9,66.0],[-84.6,65.6],[-84.8,65.5]]],[[[-85.1,29.6],[-85.0,29.6],[-85.1,29.6],[-85.1,29.6]]],[[[-84.8,71.4],[-84.9,71.4],[-84.8,71.4],[-84.8,71.4]]],[[[-85.4,77.6],[-84.9,77.5],[-85.6,77.6],[-85.4,77.6]]],[[[-84.9,68.8],[-85.0,68.8],[-85.0,68.8],[-84.9,68.8]]],[[[-84.9,79.3],[-94.4,79.0],[-90.5,79.2],[-96.7,80.4],[-93.8,80.6],[-95.5,80.9],[-92.9,81.4],[-84.9,79.3]]],[[[-85.1,72.4],[-85.0,72.4],[-84.9,72.4],[-85.1,72.4]]],[[[-85.0,66.1],[-85.0,66.1],[-85.0,66.1],[-85.0,66.1]]],[[[-85.1,69.1],[-85.1,69.1],[-85.0,69.1],[-85.1,69.1]]],[[[-85.1,29.7],[-85.1,29.6],[-85.2,29.7],[-85.1,29.7]]],[[[-85.1,69.1],[-85.1,69.0],[-85.2,69.0],[-85.1,69.1]]],[[[-85.2,68.9],[-85.2,68.9],[-85.1,68.9],[-85.2,68.9]]],[[[-85.2,68.8],[-85.2,68.8],[-85.2,68.8],[-85.2,68.8]]],[[[-86.2,79.1],[-85.2,79.0],[-86.5,78.9],[-86.2,79.1]]],[[[-85.3,69.1],[-85.2,69.0],[-85.3,69.1],[-85.3,69.1]]],[[[-85.3,69.0],[-85.3,69.0],[-85.3,69.0],[-85.3,69.0]]],[[[-85.4,69.1],[-85.3,69.1],[-85.3,69.1],[-85.4,69.1]]],[[[-85.5,69.0],[-85.4,69.0],[-85.5,69.0],[-85.5,69.0]]],[[[-85.5,69.1],[-85.5,69.1],[-85.5,69.1],[-85.5,69.1]]],[[[-85.8,72.2],[-85.8,72.2],[-85.8,72.2],[-85.8,72.2]]],[[[-86.0,72.2],[-86.1,72.3],[-85.9,72.3],[-86.0,72.2]]],[[[-86.6,67.8],[-86.8,68.3],[-86.5,68.2],[-86.6,67.8]]],[[[-87.1,70.0],[-86.7,70.1],[-86.5,70.0],[-87.1,70.0]]],[[[-86.5,30.4],[-87.3,30.3],[-86.8,30.4],[-86.5,30.4]]],[[[-87.4,70.2],[-87.3,70.2],[-87.4,70.2],[-87.4,70.2]]],[[[-87.6,71.1],[-87.6,71.0],[-87.7,71.0],[-87.6,71.1]]],[[[-88.2,78.4],[-88.3,78.3],[-88.5,78.3],[-88.2,78.4]]],[[[-88.3,30.2],[-88.1,30.3],[-88.1,30.3],[-88.3,30.2]]],[[[-88.5,30.2],[-88.5,30.2],[-88.5,30.2],[-88.5,30.2]]],[[[-88.6,30.2],[-88.7,30.3],[-88.5,30.2],[-88.6,30.2]]],[[[-88.9,29.8],[-88.9,30.1],[-88.8,30.0],[-88.8,30.0],[-88.8,29.9],[-88.8,29.8],[-88.8,29.8],[-88.9,29.8],[-88.9,29.8]]],[[[-89.1,29.5],[-89.0,29.6],[-89.1,29.5],[-89.1,29.5]]],[[[-89.1,30.2],[-89.1,30.2],[-89.1,30.2],[-89.1,30.2]]],[[[-89.2,29.5],[-89.2,29.5],[-89.2,29.5],[-89.2,29.5]]],[[[-89.2,30.2],[-89.3,30.1],[-89.3,30.1],[-89.2,30.2]]],[[[-89.3,29.8],[-89.3,29.8],[-89.3,29.8],[-89.3,29.8]]],[[[-89.5,29.7],[-89.4,29.7],[-89.4,29.7],[-89.5,29.7]]],[[[-89.5,29.7],[-89.4,29.8],[-89.4,29.7],[-89.5,29.7]]],[[[-89.6,76.5],[-89.5,76.5],[-89.6,76.5],[-89.6,76.5]]],[[[-89.6,29.5],[-89.6,29.6],[-89.6,29.6],[-89.6,29.5]]],[[[-90.4,77.6],[-90.5,77.2],[-91.3,77.6],[-90.4,77.6]]],[[[-90.6,76.8],[-89.8,76.7],[-89.8,76.5],[-90.6,76.8]]],[[[-89.9,74.0],[-90.0,74.1],[-89.9,74.1],[-89.9,74.0]]],[[[-89.9,29.3],[-89.9,29.3],[-89.9,29.3],[-89.9,29.3]]],[[[-89.9,68.8],[-90.0,68.7],[-90.0,68.8],[-89.9,68.8]]],[[[-90.0,69.2],[-89.9,69.1],[-90.0,69.1],[-90.0,69.2]]],[[[-89.9,29.3],[-89.9,29.3],[-89.9,29.3],[-89.9,29.3]]],[[[-90.0,69.0],[-89.9,69.0],[-90.0,69.0],[-90.0,69.0]]],[[[-90.0,29.3],[-90.0,29.2],[-90.0,29.3],[-90.0,29.3]]],[[[-90.1,69.1],[-90.0,69.1],[-90.1,69.1],[-90.1,69.1]]],[[[-90.1,68.9],[-90.1,68.9],[-90.0,68.9],[-90.1,68.9]]],[[[-90.2,69.2],[-90.1,69.2],[-90.1,69.2],[-90.2,69.2]]],[[[-90.2,69.1],[-90.3,69.1],[-90.3,69.1],[-90.2,69.1]]],[[[-90.3,69.4],[-90.3,69.3],[-90.5,69.4],[-90.3,69.4]]],[[[-90.2,73.9],[-95.2,72.0],[-95.7,73.7],[-90.2,73.9]]],[[[-90.3,29.1],[-90.3,29.1],[-90.3,29.1],[-90.3,29.1]]],[[[-90.6,69.2],[-90.6,69.3],[-90.5,69.2],[-90.6,69.2]]],[[[-90.6,63.5],[-90.6,63.5],[-90.7,63.5],[-90.6,63.5]]],[[[-90.7,63.4],[-90.7,63.5],[-90.6,63.5],[-90.7,63.4]]],[[[-90.7,29.1],[-90.7,29.0],[-90.8,29.0],[-90.7,29.1]]],[[[-90.7,69.1],[-90.7,69.2],[-90.7,69.2],[-90.7,69.1]]],[[[-90.8,63.5],[-90.8,63.5],[-91.0,63.5],[-90.8,63.5]]],[[[-90.8,69.2],[-90.7,69.2],[-90.7,69.2],[-90.8,69.2]]],[[[-91.2,77.3],[-90.9,77.1],[-91.3,77.2],[-91.2,77.3]]],[[[-90.9,69.2],[-90.8,69.2],[-90.8,69.2],[-90.9,69.2]]],[[[-90.9,29.0],[-90.9,29.0],[-91.0,29.1],[-90.9,29.0]]],[[[-91.1,63.5],[-91.1,63.5],[-91.0,63.5],[-91.1,63.5]]],[[[-91.1,62.7],[-91.3,62.7],[-91.0,62.7],[-91.1,62.7]]],[[[-91.3,63.5],[-91.2,63.5],[-91.3,63.5],[-91.3,63.5]]],[[[-91.4,69.8],[-91.3,69.8],[-91.4,69.8],[-91.4,69.8]]],[[[-91.4,63.6],[-91.5,63.6],[-91.3,63.6],[-91.4,63.6]]],[[[-91.5,69.9],[-91.5,69.8],[-91.5,69.8],[-91.5,69.9]]],[[[-91.5,63.7],[-91.6,63.6],[-91.5,63.7],[-91.5,63.7]]],[[[-91.6,69.8],[-91.5,69.7],[-91.6,69.7],[-91.6,69.8]]],[[[-91.6,69.8],[-91.6,69.8],[-91.7,69.8],[-91.6,69.8]]],[[[-91.7,81.6],[-91.6,81.6],[-91.6,81.6],[-91.7,81.6]]],[[[-91.8,69.8],[-91.8,69.9],[-91.7,69.9],[-91.8,69.8]]],[[[-91.8,29.5],[-91.9,29.6],[-91.7,29.6],[-91.8,29.5]]],[[[-91.9,81.5],[-91.8,81.5],[-91.8,81.5],[-91.9,81.5]]],[[[-91.9,74.7],[-92.0,74.7],[-92.0,74.7],[-91.9,74.7]]],[[[-93.1,61.9],[-93.0,61.8],[-93.3,61.9],[-93.1,61.9]]],[[[-95.5,77.8],[-94.0,77.5],[-96.3,77.6],[-95.5,77.8]]],[[[-96.1,74.9],[-94.9,75.6],[-93.5,74.9],[-94.6,74.6],[-96.1,74.9]]],[[[-94.5,77.0],[-94.3,77.0],[-94.3,76.9],[-94.5,77.0]]],[[[-94.8,75.8],[-94.6,76.0],[-94.3,75.8],[-94.8,75.8]]],[[[-94.5,78.3],[-94.6,78.2],[-94.8,78.3],[-94.5,78.3]]],[[[-94.6,79.3],[-94.6,79.2],[-94.7,79.2],[-94.6,79.3]]],[[[-94.7,60.5],[-94.7,60.5],[-94.6,60.5],[-94.7,60.5]]],[[[-94.9,76.1],[-94.8,76.0],[-94.9,76.1],[-94.9,76.1]]],[[[-95.1,29.1],[-94.8,29.3],[-94.8,29.3],[-95.1,29.1]]],[[[-95.0,76.1],[-95.2,76.1],[-94.9,76.1],[-95.0,76.1]]],[[[-97.0,77.8],[-97.8,78.8],[-94.9,78.4],[-97.0,77.8]]],[[[-96.0,80.7],[-95.1,80.7],[-96.1,80.7],[-96.0,80.7]]],[[[-99.6,69.0],[-97.7,69.9],[-95.3,68.9],[-99.6,69.0]]],[[[-95.6,77.3],[-95.4,77.2],[-95.7,77.2],[-95.6,77.3]]],[[[-95.3,71.8],[-95.4,71.8],[-95.3,71.8],[-95.3,71.8]]],[[[-95.9,74.6],[-95.6,74.6],[-95.3,74.5],[-95.9,74.6]]],[[[-95.3,67.3],[-95.5,67.2],[-95.5,67.3],[-95.3,67.3]]],[[[-95.4,69.6],[-95.4,69.6],[-95.4,69.6],[-95.4,69.6]]],[[[-95.4,69.5],[-95.8,69.6],[-96.0,69.4],[-95.9,69.6],[-95.4,69.5]]],[[[-95.4,75.7],[-95.5,75.7],[-95.6,75.7],[-95.4,75.7]]],[[[-95.7,73.1],[-95.8,73.1],[-95.9,73.1],[-95.7,73.1]]],[[[-95.8,72.9],[-95.7,72.9],[-95.8,72.9],[-95.8,72.9]]],[[[-95.8,72.8],[-95.8,72.9],[-95.8,72.8],[-95.8,72.8]]],[[[-95.9,75.9],[-95.9,76.0],[-95.8,76.0],[-95.9,75.9]]],[[[-95.8,77.2],[-95.9,77.1],[-95.9,77.2],[-95.8,77.2]]],[[[-97.0,75.5],[-96.0,75.6],[-97.0,75.4],[-97.0,75.5]]],[[[-96.2,67.8],[-96.1,67.8],[-96.1,67.8],[-96.2,67.8]]],[[[-96.2,69.4],[-96.2,69.6],[-96.1,69.4],[-96.2,69.4]]],[[[-96.3,74.7],[-96.2,74.7],[-96.3,74.7],[-96.3,74.7]]],[[[-96.3,67.6],[-96.2,67.6],[-96.2,67.6],[-96.3,67.6]]],[[[-96.3,28.5],[-96.2,28.5],[-96.4,28.4],[-96.3,28.5]]],[[[-98.1,73.0],[-96.6,71.8],[-102.8,72.8],[-102.1,73.1],[-101.3,72.7],[-100.9,72.7],[-100.4,72.7],[-99.8,73.2],[-101.0,73.8],[-97.0,73.7],[-98.1,73.0]]],[[[-96.4,68.2],[-96.3,68.2],[-96.4,68.2],[-96.4,68.2]]],[[[-96.5,74.8],[-96.4,74.8],[-96.5,74.8],[-96.5,74.8]]],[[[-96.8,28.2],[-96.4,28.4],[-96.8,28.1],[-96.8,28.2]]],[[[-96.5,76.6],[-96.4,76.6],[-96.5,76.6],[-96.5,76.6]]],[[[-96.6,75.8],[-96.8,75.8],[-96.5,75.8],[-96.6,75.8]]],[[[-96.6,76.6],[-96.7,76.6],[-96.6,76.6],[-96.6,76.6]]],[[[-96.6,71.2],[-96.6,71.3],[-96.6,71.2],[-96.6,71.2]]],[[[-97.0,73.1],[-96.6,73.0],[-97.1,73.0],[-97.0,73.1]]],[[[-96.8,72.9],[-96.6,72.8],[-97.0,72.8],[-96.8,72.9]]],[[[-97.0,75.6],[-96.8,75.7],[-97.0,75.6],[-97.0,75.6]]],[[[-96.9,69.6],[-96.8,69.6],[-96.8,69.6],[-96.9,69.6]]],[[[-96.9,71.7],[-96.9,71.7],[-96.8,71.7],[-96.9,71.7]]],[[[-96.9,28.1],[-96.9,28.0],[-97.0,27.9],[-96.9,28.1]]],[[[-96.9,71.8],[-96.9,71.7],[-97.0,71.7],[-96.9,71.8]]],[[[-97.0,73.2],[-97.0,73.3],[-96.9,73.2],[-97.0,73.2]]],[[[-97.1,76.9],[-97.0,77.0],[-96.9,77.0],[-97.1,76.9]]],[[[-97.1,71.3],[-97.0,71.3],[-97.1,71.3],[-97.1,71.3]]],[[[-97.3,27.5],[-97.3,27.5],[-97.0,27.8],[-97.3,27.5]]],[[[-97.1,75.3],[-97.2,75.3],[-97.1,75.3],[-97.1,75.3]]],[[[-97.1,76.8],[-97.2,76.8],[-97.3,76.8],[-97.1,76.8]]],[[[-97.2,75.5],[-97.1,75.5],[-97.1,75.5],[-97.2,75.5]]],[[[-97.2,73.3],[-97.2,73.3],[-97.3,73.3],[-97.2,73.3]]],[[[-97.2,76.6],[-97.3,76.6],[-97.2,76.6],[-97.2,76.6]]],[[[-97.2,73.9],[-97.2,73.9],[-97.3,73.9],[-97.2,73.9]]],[[[-97.2,73.9],[-97.3,73.9],[-97.2,73.9],[-97.2,73.9]]],[[[-97.4,26.8],[-97.4,26.8],[-97.2,26.3],[-97.2,26.1],[-97.4,26.8]]],[[[-97.2,75.4],[-97.4,75.4],[-97.5,75.5],[-97.7,75.5],[-99.6,75.0],[-100.7,75.3],[-99.5,75.7],[-102.8,75.5],[-98.6,76.7],[-97.2,75.4]]],[[[-97.3,69.9],[-97.2,69.9],[-97.3,69.9],[-97.3,69.9]]],[[[-97.4,77.0],[-97.5,77.0],[-97.2,77.0],[-97.4,77.0]]],[[[-97.5,74.6],[-97.5,74.5],[-97.8,74.5],[-97.5,74.6]]],[[[-97.4,67.7],[-97.5,67.6],[-97.6,67.7],[-97.4,67.7]]],[[[-97.4,70.0],[-97.5,69.9],[-97.5,70.0],[-97.4,70.0]]],[[[-97.6,75.3],[-97.6,75.3],[-97.5,75.3],[-97.6,75.3]]],[[[-97.6,75.5],[-97.5,75.4],[-97.6,75.4],[-97.6,75.5]]],[[[-97.7,21.8],[-97.6,21.8],[-97.6,21.7],[-97.7,21.8]]],[[[-99.4,73.9],[-98.3,74.1],[-97.7,74.1],[-99.4,73.9]]],[[[-97.8,22.8],[-97.8,22.8],[-97.8,22.8],[-97.8,22.8]]],[[[-97.8,22.8],[-97.8,22.7],[-97.8,22.8],[-97.8,22.8]]],[[[-98.0,76.6],[-97.9,76.5],[-98.0,76.5],[-98.0,76.6]]],[[[-97.8,67.8],[-97.9,67.8],[-97.8,67.8],[-97.8,67.8]]],[[[-97.9,67.9],[-97.9,67.9],[-97.9,67.9],[-97.9,67.9]]],[[[-98.0,67.8],[-97.9,67.8],[-97.9,67.8],[-98.0,67.8]]],[[[-98.3,74.7],[-98.3,74.8],[-98.2,74.7],[-98.3,74.7]]],[[[-98.8,74.3],[-98.6,74.3],[-98.5,74.3],[-98.8,74.3]]],[[[-98.7,68.2],[-98.7,68.2],[-98.7,68.2],[-98.7,68.2]]],[[[-98.8,79.7],[-100.2,80.1],[-98.7,79.8],[-98.8,79.7]]],[[[-98.8,68.4],[-98.8,68.4],[-98.9,68.4],[-98.8,68.4]]],[[[-99.0,80.2],[-98.8,80.2],[-99.2,80.2],[-99.0,80.2]]],[[[-99.0,71.3],[-99.0,71.4],[-98.9,71.3],[-99.0,71.3]]],[[[-99.1,73.8],[-98.9,73.8],[-99.1,73.8],[-99.1,73.8]]],[[[-99.0,68.0],[-99.0,68.1],[-99.0,68.1],[-99.0,68.0]]],[[[-103.9,79.4],[-99.0,78.0],[-105.6,79.2],[-103.9,79.4]]],[[[-99.0,76.6],[-99.1,76.6],[-99.1,76.7],[-99.0,76.6]]],[[[-99.0,68.4],[-99.1,68.4],[-99.1,68.4],[-99.0,68.4]]],[[[-99.1,68.5],[-99.0,68.4],[-99.1,68.5],[-99.1,68.5]]],[[[-99.3,76.6],[-99.3,76.6],[-99.4,76.6],[-99.3,76.6]]],[[[-99.6,76.7],[-99.4,76.7],[-99.8,76.7],[-99.6,76.7]]],[[[-99.9,69.1],[-99.8,69.1],[-99.9,69.1],[-99.9,69.1]]],[[[-100.0,75.6],[-99.9,75.6],[-100.0,75.6],[-100.0,75.6]]],[[[-100.0,76.7],[-100.1,76.7],[-99.9,76.7],[-100.0,76.7]]],[[[-100.2,69.0],[-100.0,69.0],[-100.0,69.0],[-100.2,69.0]]],[[[-100.1,76.7],[-100.1,76.7],[-100.1,76.7],[-100.1,76.7]]],[[[-100.1,68.3],[-100.1,68.3],[-100.1,68.3],[-100.1,68.3]]],[[[-100.1,70.4],[-100.1,70.4],[-100.1,70.4],[-100.1,70.4]]],[[[-100.7,70.7],[-100.3,70.6],[-100.1,70.6],[-100.5,70.5],[-100.7,70.7]]],[[[-100.4,68.7],[-100.3,69.0],[-100.1,68.9],[-100.4,68.7]]],[[[-100.4,75.6],[-100.3,75.6],[-100.9,75.5],[-100.4,75.6]]],[[[-101.5,76.6],[-100.3,76.7],[-101.6,76.6],[-101.5,76.6]]],[[[-100.4,69.1],[-100.3,69.1],[-100.4,69.1],[-100.4,69.1]]],[[[-100.6,72.8],[-100.5,72.8],[-100.5,72.8],[-100.6,72.8]]],[[[-100.7,68.4],[-100.8,68.5],[-100.7,68.4],[-100.7,68.4]]],[[[-100.7,70.3],[-100.8,70.3],[-100.8,70.3],[-100.7,70.3]]],[[[-100.8,72.9],[-100.8,72.9],[-100.9,72.9],[-100.8,72.9]]],[[[-116.9,69.7],[-111.4,70.3],[-119.1,71.8],[-114.5,73.4],[-107.8,71.6],[-108.2,73.2],[-106.5,73.2],[-104.5,71.1],[-103.5,70.6],[-101.0,70.2],[-100.8,69.9],[-113.1,68.4],[-113.7,69.2],[-116.9,69.7]]],[[[-101.2,69.4],[-101.1,69.6],[-100.9,69.5],[-101.2,69.4]]],[[[-102.4,77.8],[-101.6,77.9],[-100.9,77.7],[-102.4,77.8]]],[[[-101.1,72.8],[-101.0,72.7],[-101.1,72.7],[-101.1,72.8]]],[[[-101.3,75.5],[-101.4,75.5],[-101.3,75.5],[-101.3,75.5]]],[[[-101.4,79.1],[-101.4,79.0],[-101.4,79.0],[-101.4,79.1]]],[[[-101.7,69.2],[-101.5,69.1],[-101.7,69.1],[-101.7,69.2]]],[[[-101.6,78.2],[-101.8,78.2],[-101.8,78.2],[-101.6,78.2]]],[[[-102.2,68.7],[-101.8,68.8],[-101.7,68.7],[-102.2,68.7]]],[[[-103.3,75.8],[-102.1,76.0],[-102.0,75.9],[-103.3,75.8]]],[[[-103.9,75.9],[-102.4,76.1],[-102.3,76.0],[-103.9,75.9]]],[[[-103.6,76.0],[-102.8,76.3],[-102.5,76.2],[-103.6,76.0]]],[[[-103.0,78.2],[-103.1,78.1],[-103.3,78.2],[-103.0,78.2]]],[[[-104.2,76.3],[-104.1,76.7],[-103.0,76.4],[-104.2,76.3]]],[[[-103.2,70.6],[-103.2,70.7],[-103.1,70.6],[-103.2,70.6]]],[[[-103.3,70.7],[-103.3,70.7],[-103.3,70.7],[-103.3,70.7]]],[[[-103.3,75.9],[-103.7,75.8],[-103.8,75.8],[-103.3,75.9]]],[[[-103.4,70.6],[-103.4,70.7],[-103.4,70.6],[-103.4,70.6]]],[[[-103.6,76.0],[-103.6,76.0],[-103.6,76.0],[-103.6,76.0]]],[[[-103.7,77.0],[-103.6,77.0],[-103.7,77.0],[-103.7,77.0]]],[[[-104.2,75.0],[-104.2,75.4],[-103.6,75.2],[-104.2,75.0]]],[[[-103.9,77.1],[-103.8,77.1],[-103.9,77.1],[-103.9,77.1]]],[[[-104.2,77.2],[-104.3,77.1],[-104.4,77.1],[-104.2,77.2]]],[[[-105.2,77.2],[-106.0,77.7],[-104.4,77.2],[-105.2,77.2]]],[[[-104.4,68.1],[-104.4,68.2],[-104.4,68.2],[-104.4,68.1]]],[[[-105.0,68.6],[-104.5,68.5],[-104.4,68.5],[-105.0,68.6]]],[[[-104.4,73.6],[-106.1,73.3],[-107.0,73.5],[-104.4,73.6]]],[[[-105.0,68.4],[-105.0,68.4],[-105.0,68.4],[-105.0,68.4]]],[[[-105.1,68.3],[-105.1,68.3],[-105.1,68.3],[-105.1,68.3]]],[[[-105.2,68.6],[-105.2,68.5],[-105.2,68.6],[-105.2,68.6]]],[[[-105.3,75.6],[-113.1,74.4],[-114.4,74.7],[-110.9,75.2],[-117.6,75.3],[-114.7,76.5],[-108.9,75.5],[-110.3,76.4],[-108.6,76.8],[-105.3,75.6]]],[[[-105.4,68.6],[-105.3,68.7],[-105.3,68.6],[-105.4,68.6]]],[[[-105.8,69.0],[-105.7,69.0],[-105.8,69.0],[-105.8,69.0]]],[[[-106.0,69.1],[-105.9,69.1],[-106.0,69.1],[-106.0,69.1]]],[[[-106.0,68.5],[-106.1,68.4],[-106.2,68.5],[-106.0,68.5]]],[[[-106.9,68.3],[-107.0,68.3],[-106.9,68.3],[-106.9,68.3]]],[[[-107.4,68.2],[-107.3,68.2],[-107.2,68.2],[-107.4,68.2]]],[[[-107.2,67.0],[-107.3,67.0],[-107.3,67.0],[-107.2,67.0]]],[[[-107.6,67.2],[-107.5,67.1],[-107.6,67.2],[-107.6,67.2]]],[[[-107.4,68.2],[-107.5,68.2],[-107.5,68.2],[-107.4,68.2]]],[[[-107.5,73.6],[-107.9,73.5],[-108.0,73.6],[-107.5,73.6]]],[[[-107.7,67.3],[-107.6,67.3],[-107.6,67.2],[-107.7,67.3]]],[[[-107.8,68.1],[-107.8,68.0],[-107.9,68.1],[-107.8,68.1]]],[[[-107.8,67.0],[-107.8,67.1],[-107.7,67.1],[-107.8,67.0]]],[[[-107.8,67.0],[-107.9,66.9],[-107.8,67.0],[-107.8,67.0]]],[[[-108.1,67.4],[-107.9,67.5],[-107.9,67.3],[-108.1,67.4]]],[[[-107.9,68.0],[-107.9,67.9],[-107.9,67.9],[-107.9,68.0]]],[[[-108.1,67.5],[-108.0,67.7],[-107.9,67.5],[-108.1,67.5]]],[[[-108.0,67.0],[-108.0,66.9],[-108.1,67.0],[-108.0,67.0]]],[[[-108.1,67.9],[-108.1,68.0],[-108.1,68.0],[-108.1,67.9]]],[[[-108.1,72.0],[-108.1,72.0],[-108.1,72.0],[-108.1,72.0]]],[[[-108.2,67.5],[-108.2,67.5],[-108.2,67.5],[-108.2,67.5]]],[[[-108.4,67.5],[-108.4,67.6],[-108.3,67.6],[-108.4,67.5]]],[[[-108.3,68.1],[-108.4,68.1],[-108.3,68.1],[-108.3,68.1]]],[[[-108.4,67.6],[-108.4,67.6],[-108.4,67.6],[-108.4,67.6]]],[[[-108.5,72.6],[-108.4,72.6],[-108.4,72.6],[-108.5,72.6]]],[[[-108.5,67.9],[-108.5,67.9],[-108.5,67.9],[-108.5,67.9]]],[[[-108.5,68.1],[-108.5,68.0],[-108.5,68.0],[-108.5,68.1]]],[[[-108.5,72.6],[-108.5,72.6],[-108.4,72.6],[-108.5,72.6]]],[[[-108.9,25.4],[-108.9,25.4],[-108.8,25.4],[-108.9,25.4]]],[[[-109.1,67.9],[-108.9,68.0],[-108.8,67.9],[-109.1,67.9]]],[[[-109.1,67.8],[-109.0,67.8],[-109.0,67.8],[-109.1,67.8]]],[[[-109.1,68.2],[-109.0,68.2],[-109.0,68.2],[-109.1,68.2]]],[[[-109.1,67.8],[-109.1,67.8],[-109.0,67.8],[-109.1,67.8]]],[[[-109.3,72.8],[-109.2,72.8],[-109.3,72.8],[-109.3,72.8]]],[[[-110.6,78.7],[-109.3,78.3],[-113.2,78.3],[-110.6,78.7]]],[[[-109.3,68.2],[-109.2,68.2],[-109.2,68.2],[-109.3,68.2]]],[[[-109.4,68.1],[-109.3,68.0],[-109.5,68.0],[-109.4,68.1]]],[[[-109.5,78.0],[-110.1,77.6],[-113.3,77.8],[-109.5,78.0]]],[[[-109.7,68.2],[-109.8,68.2],[-109.5,68.2],[-109.7,68.2]]],[[[-109.9,24.2],[-109.8,24.2],[-109.8,24.1],[-109.9,24.2]]],[[[-109.9,68.1],[-109.9,68.1],[-110.0,68.1],[-109.9,68.1]]],[[[-110.0,27.1],[-109.9,27.0],[-110.0,27.1],[-110.0,27.1]]],[[[-110.1,68.1],[-110.2,68.1],[-110.0,68.1],[-110.1,68.1]]],[[[-110.3,72.6],[-110.2,72.6],[-110.2,72.6],[-110.3,72.6]]],[[[-110.3,68.0],[-110.4,68.0],[-110.3,68.0],[-110.3,68.0]]],[[[-110.4,24.6],[-110.3,24.4],[-110.4,24.6],[-110.4,24.6]]],[[[-110.4,72.6],[-110.3,72.6],[-110.3,72.6],[-110.4,72.6]]],[[[-110.4,68.6],[-110.5,68.6],[-110.4,68.6],[-110.4,68.6]]],[[[-110.5,72.6],[-110.5,72.6],[-110.5,72.6],[-110.5,72.6]]],[[[-110.6,68.5],[-110.6,68.6],[-110.5,68.5],[-110.6,68.5]]],[[[-110.6,27.3],[-110.6,27.4],[-110.5,27.3],[-110.6,27.3]]],[[[-110.6,25.0],[-110.6,24.9],[-110.7,25.1],[-110.6,25.0]]],[[[-110.7,68.5],[-110.9,68.5],[-111.0,68.5],[-110.7,68.5]]],[[[-110.8,67.9],[-111.0,67.9],[-110.8,67.9],[-110.8,67.9]]],[[[-110.8,25.6],[-110.8,25.6],[-110.8,25.6],[-110.8,25.6]]],[[[-111.0,68.4],[-111.1,68.4],[-111.0,68.4],[-111.0,68.4]]],[[[-111.0,72.7],[-111.1,72.7],[-111.0,72.7],[-111.0,72.7]]],[[[-111.2,26.0],[-111.1,26.0],[-111.2,25.8],[-111.2,26.0]]],[[[-111.4,68.2],[-111.5,68.3],[-111.4,68.3],[-111.4,68.2]]],[[[-111.5,68.3],[-111.7,68.2],[-111.7,68.2],[-111.5,68.3]]],[[[-111.7,24.4],[-111.6,24.4],[-111.5,24.4],[-111.7,24.4]]],[[[-111.5,68.3],[-111.6,68.3],[-111.6,68.3],[-111.5,68.3]]],[[[-111.8,24.4],[-111.8,24.5],[-111.7,24.3],[-111.8,24.4]]],[[[-111.8,68.2],[-111.8,68.2],[-111.7,68.2],[-111.8,68.2]]],[[[-112.0,70.3],[-112.2,70.4],[-111.8,70.3],[-112.0,70.3]]],[[[-112.1,25.3],[-112.0,24.5],[-112.3,24.8],[-112.1,25.3]]],[[[-112.6,28.9],[-112.3,29.2],[-112.3,28.8],[-112.6,28.9]]],[[[-112.5,28.7],[-112.6,28.7],[-112.6,28.7],[-112.5,28.7]]],[[[-112.7,70.3],[-112.6,70.3],[-112.6,70.3],[-112.7,70.3]]],[[[-112.7,68.1],[-112.9,68.1],[-112.9,68.2],[-112.7,68.1]]],[[[-112.9,28.7],[-112.8,28.6],[-112.8,28.6],[-112.9,28.7]]],[[[-113.1,70.3],[-113.0,70.3],[-112.9,70.3],[-113.1,70.3]]],[[[-113.4,29.2],[-113.4,29.5],[-113.1,29.0],[-113.4,29.2]]],[[[-113.3,77.1],[-113.3,77.1],[-113.2,77.1],[-113.3,77.1]]],[[[-113.3,67.9],[-113.5,67.9],[-113.5,67.9],[-113.3,67.9]]],[[[-113.4,68.2],[-113.3,68.2],[-113.3,68.2],[-113.4,68.2]]],[[[-113.6,76.7],[-114.0,76.9],[-113.4,76.8],[-113.6,76.7]]],[[[-113.7,78.3],[-113.6,78.3],[-113.5,78.3],[-113.7,78.3]]],[[[-114.2,77.7],[-114.3,78.1],[-113.6,77.8],[-114.2,77.7]]],[[[-113.8,77.1],[-113.7,77.1],[-113.7,77.1],[-113.8,77.1]]],[[[-113.8,68.0],[-114.0,68.0],[-113.7,68.0],[-113.8,68.0]]],[[[-113.8,67.9],[-113.8,67.9],[-113.7,67.9],[-113.8,67.9]]],[[[-113.8,68.6],[-113.9,68.6],[-113.7,68.6],[-113.8,68.6]]],[[[-113.9,78.3],[-113.8,78.3],[-113.9,78.3],[-113.9,78.3]]],[[[-114.2,67.9],[-114.1,67.9],[-113.9,67.9],[-114.2,67.9]]],[[[-114.2,68.7],[-114.0,68.6],[-114.0,68.6],[-114.2,68.7]]],[[[-114.1,68.0],[-114.2,67.9],[-114.2,68.0],[-114.1,68.0]]],[[[-114.3,27.8],[-114.2,27.7],[-114.2,27.7],[-114.3,27.8]]],[[[-114.3,67.8],[-114.3,67.8],[-114.4,67.8],[-114.3,67.8]]],[[[-114.4,68.9],[-114.4,68.9],[-114.3,68.9],[-114.4,68.9]]],[[[-114.8,31.7],[-114.7,31.8],[-114.7,31.7],[-114.8,31.7]]],[[[-115.3,28.1],[-115.2,28.4],[-115.2,28.0],[-115.3,28.1]]],[[[-123.8,73.8],[-121.3,74.5],[-115.3,73.5],[-123.0,71.1],[-125.9,72.0],[-123.8,73.8]]],[[[-119.1,77.3],[-115.4,77.3],[-123.0,76.1],[-120.4,76.8],[-119.1,77.3]]],[[[-115.6,70.5],[-115.5,70.5],[-115.5,70.5],[-115.6,70.5]]],[[[-115.8,77.7],[-115.7,77.7],[-115.7,77.7],[-115.8,77.7]]],[[[-115.9,70.5],[-115.8,70.6],[-115.8,70.6],[-115.9,70.5]]],[[[-116.0,77.6],[-116.0,77.6],[-116.1,77.6],[-116.0,77.6]]],[[[-116.2,70.5],[-116.2,70.5],[-116.2,70.5],[-116.2,70.5]]],[[[-116.7,70.5],[-116.3,70.5],[-116.3,70.5],[-116.7,70.5]]],[[[-116.6,70.5],[-116.6,70.5],[-116.6,70.5],[-116.6,70.5]]],[[[-117.1,70.6],[-117.2,70.5],[-117.3,70.5],[-117.1,70.6]]],[[[-118.5,75.5],[-117.8,76.1],[-117.4,76.1],[-118.5,75.5]]],[[[-118.3,33.3],[-118.6,33.5],[-118.6,33.5],[-118.3,33.3]]],[[[-118.4,32.9],[-118.5,32.9],[-118.6,33.0],[-118.4,32.9]]],[[[-119.5,33.3],[-119.5,33.2],[-119.6,33.3],[-119.5,33.3]]],[[[-119.6,34.1],[-119.8,34.0],[-119.9,34.1],[-119.6,34.1]]],[[[-120.0,33.9],[-120.2,34.0],[-120.0,34.0],[-120.0,33.9]]],[[[-120.4,34.0],[-120.4,34.1],[-120.3,34.0],[-120.4,34.0]]],[[[-120.9,75.9],[-120.9,75.7],[-121.1,75.7],[-120.9,75.9]]],[[[-120.9,76.7],[-121.1,76.7],[-120.8,76.7],[-120.9,76.7]]],[[[-121.8,38.1],[-121.8,38.1],[-121.8,38.1],[-121.8,38.1]]],[[[-122.0,38.1],[-122.0,38.1],[-122.0,38.1],[-122.0,38.1]]],[[[-122.3,75.9],[-122.3,75.9],[-122.3,75.9],[-122.3,75.9]]],[[[-122.8,48.2],[-122.7,48.2],[-122.4,47.9],[-122.8,48.2]]],[[[-122.5,47.3],[-122.4,47.5],[-122.4,47.4],[-122.5,47.3]]],[[[-122.6,47.7],[-122.5,47.6],[-122.5,47.6],[-122.6,47.7]]],[[[-122.9,76.0],[-122.6,76.0],[-122.9,76.0],[-122.9,76.0]]],[[[-122.7,48.0],[-122.7,48.1],[-122.7,48.1],[-122.7,48.0]]],[[[-122.9,48.7],[-122.9,48.6],[-123.0,48.6],[-122.9,48.7]]],[[[-122.8,48.5],[-122.9,48.5],[-122.9,48.6],[-122.8,48.5]]],[[[-122.9,47.3],[-122.8,47.3],[-122.9,47.2],[-122.9,47.3]]],[[[-123.0,48.4],[-123.1,48.6],[-123.0,48.4],[-123.0,48.4]]],[[[-123.3,48.4],[-128.4,50.8],[-125.5,50.3],[-125.2,49.9],[-124.9,49.7],[-124.9,49.6],[-124.8,49.5],[-123.3,48.4]]],[[[-123.4,49.3],[-123.4,49.4],[-123.3,49.4],[-123.4,49.3]]],[[[-123.5,48.9],[-123.5,48.9],[-123.7,49.1],[-123.5,48.9]]],[[[-123.4,49.5],[-123.4,49.4],[-123.4,49.5],[-123.4,49.5]]],[[[-123.4,48.8],[-123.5,48.7],[-123.6,48.9],[-123.4,48.8]]],[[[-123.8,49.2],[-123.8,49.1],[-123.9,49.2],[-123.8,49.2]]],[[[-123.9,45.6],[-123.9,45.5],[-123.9,45.5],[-123.9,45.6]]],[[[-124.0,46.5],[-123.9,46.5],[-123.9,46.4],[-124.0,46.5]]],[[[-124.1,49.7],[-124.2,49.7],[-124.0,49.8],[-124.1,49.7]]],[[[-124.3,73.6],[-124.1,73.6],[-124.3,73.6],[-124.3,73.6]]],[[[-124.4,49.6],[-124.7,49.8],[-124.1,49.5],[-124.4,49.6]]],[[[-124.2,49.5],[-124.3,49.5],[-124.4,49.5],[-124.2,49.5]]],[[[-124.5,73.9],[-124.4,73.9],[-124.4,73.9],[-124.5,73.9]]],[[[-124.6,73.7],[-124.6,73.7],[-124.5,73.7],[-124.6,73.7]]],[[[-124.7,50.3],[-124.7,50.2],[-124.8,50.3],[-124.7,50.3]]],[[[-124.8,49.5],[-124.8,49.6],[-124.7,49.5],[-124.8,49.5]]],[[[-124.8,50.2],[-125.0,50.2],[-124.9,50.3],[-124.8,50.2]]],[[[-125.0,50.0],[-125.0,50.2],[-124.9,50.1],[-125.0,50.0]]],[[[-125.0,70.1],[-125.0,70.1],[-124.9,70.1],[-125.0,70.1]]],[[[-125.0,70.2],[-125.0,70.2],[-125.1,70.2],[-125.0,70.2]]],[[[-125.1,50.2],[-125.2,50.3],[-125.4,50.3],[-125.3,50.4],[-125.1,50.2]]],[[[-125.2,50.2],[-125.3,50.1],[-125.3,50.3],[-125.2,50.2]]],[[[-125.3,69.7],[-125.3,69.7],[-125.4,69.7],[-125.3,69.7]]],[[[-125.4,50.4],[-125.5,50.4],[-125.3,50.4],[-125.4,50.4]]],[[[-125.6,50.4],[-125.6,50.4],[-125.8,50.4],[-125.6,50.4]]],[[[-125.8,50.4],[-125.8,50.5],[-125.7,50.4],[-125.8,50.4]]],[[[-125.8,49.2],[-125.9,49.2],[-125.9,49.2],[-125.8,49.2]]],[[[-126.1,49.4],[-126.2,49.3],[-126.2,49.4],[-126.1,49.4]]],[[[-126.3,50.8],[-126.5,50.6],[-126.6,50.7],[-126.3,50.8]]],[[[-126.3,50.5],[-126.3,50.6],[-126.2,50.6],[-126.3,50.5]]],[[[-126.4,50.6],[-126.5,50.6],[-126.6,50.6],[-126.4,50.6]]],[[[-126.6,50.7],[-126.7,50.8],[-126.5,50.8],[-126.6,50.7]]],[[[-126.9,50.8],[-126.6,50.8],[-126.9,50.8],[-126.9,50.8]]],[[[-126.7,49.8],[-127.0,49.7],[-126.9,49.8],[-126.7,49.8]]],[[[-126.9,50.6],[-126.9,50.7],[-126.8,50.6],[-126.9,50.6]]],[[[-127.2,52.3],[-127.8,52.2],[-127.2,52.4],[-127.2,52.3]]],[[[-127.7,50.8],[-127.8,50.9],[-127.7,50.8],[-127.7,50.8]]],[[[-128.0,51.7],[-128.1,51.5],[-128.2,51.6],[-128.0,51.7]]],[[[-127.9,52.1],[-128.1,52.1],[-127.9,52.2],[-127.9,52.1]]],[[[-128.0,52.3],[-128.1,52.2],[-128.2,52.2],[-128.0,52.3]]],[[[-128.0,51.8],[-128.2,52.0],[-128.0,52.1],[-128.0,51.8]]],[[[-128.1,52.3],[-128.2,52.3],[-128.1,52.4],[-128.1,52.3]]],[[[-128.2,70.6],[-128.3,70.5],[-128.3,70.5],[-128.2,70.6]]],[[[-128.2,52.1],[-128.3,52.1],[-128.2,52.2],[-128.2,52.1]]],[[[-128.2,52.7],[-128.3,52.8],[-128.2,52.8],[-128.2,52.7]]],[[[-128.3,52.2],[-128.3,52.1],[-128.4,52.2],[-128.3,52.2]]],[[[-128.3,52.5],[-128.5,52.4],[-128.4,52.8],[-128.3,52.5]]],[[[-128.4,52.1],[-128.4,52.2],[-128.4,52.2],[-128.4,52.1]]],[[[-128.5,52.8],[-128.5,52.7],[-128.5,52.9],[-128.5,52.8]]],[[[-128.5,52.5],[-128.5,52.4],[-128.7,52.5],[-128.8,52.5],[-128.8,52.5],[-128.5,52.5]]],[[[-128.6,53.1],[-129.1,52.8],[-129.1,53.3],[-128.6,53.1]]],[[[-128.6,52.3],[-128.8,52.5],[-128.6,52.5],[-128.6,52.3]]],[[[-129.1,53.5],[-129.2,53.6],[-128.8,53.7],[-129.1,53.5]]],[[[-129.0,53.5],[-129.1,53.3],[-129.1,53.4],[-129.0,53.5]]],[[[-128.9,52.6],[-129.2,52.6],[-129.3,52.8],[-128.9,52.6]]],[[[-129.2,53.3],[-129.3,53.1],[-129.3,53.3],[-129.2,53.3]]],[[[-129.3,53.0],[-129.5,53.1],[-129.5,53.2],[-129.3,53.0]]],[[[-129.3,53.3],[-129.4,53.4],[-129.4,53.4],[-129.3,53.3]]],[[[-129.5,53.2],[-130.3,53.9],[-129.5,53.5],[-129.5,53.2]]],[[[-129.6,53.1],[-129.5,53.0],[-129.6,53.0],[-129.6,53.1]]],[[[-129.6,53.0],[-129.6,53.0],[-129.6,53.0],[-129.6,53.0]]],[[[-129.6,53.1],[-129.7,53.1],[-129.7,53.1],[-129.6,53.1]]],[[[-129.9,53.4],[-129.9,53.2],[-130.5,53.6],[-129.9,53.4]]],[[[-129.9,53.5],[-129.9,53.6],[-129.9,53.5],[-129.9,53.5]]],[[[-130.1,53.6],[-130.4,53.7],[-130.3,53.8],[-130.1,53.6]]],[[[-130.1,54.0],[-130.2,54.0],[-130.2,54.1],[-130.1,54.0]]],[[[-130.2,54.9],[-130.5,54.8],[-130.2,55.0],[-130.2,54.9]]],[[[-130.2,54.2],[-130.2,54.1],[-130.3,54.2],[-130.2,54.2]]],[[[-130.4,54.7],[-130.2,54.8],[-130.2,54.8],[-130.4,54.7]]],[[[-130.2,54.0],[-130.4,54.0],[-130.7,53.9],[-130.4,54.1],[-130.2,54.0]]],[[[-130.3,54.3],[-130.4,54.3],[-130.3,54.3],[-130.3,54.3]]],[[[-130.5,54.3],[-130.4,54.3],[-130.4,54.2],[-130.5,54.3]]],[[[-130.5,54.7],[-130.6,54.8],[-130.5,54.8],[-130.5,54.7]]],[[[-130.6,54.1],[-130.8,54.2],[-130.8,54.2],[-130.6,54.1]]],[[[-130.7,69.6],[-130.7,69.5],[-130.8,69.6],[-130.7,69.6]]],[[[-130.8,54.4],[-130.7,54.4],[-130.8,54.4],[-130.8,54.4]]],[[[-130.8,54.6],[-130.9,54.6],[-130.7,54.6],[-130.8,54.6]]],[[[-130.8,69.5],[-130.8,69.4],[-130.9,69.4],[-130.8,69.5]]],[[[-131.1,55.8],[-131.8,55.5],[-131.7,55.8],[-131.1,55.8]]],[[[-131.0,52.1],[-131.1,52.1],[-131.1,52.2],[-131.0,52.1]]],[[[-131.3,52.1],[-132.1,53.0],[-132.6,53.1],[-132.4,53.1],[-132.1,53.2],[-131.8,53.3],[-132.0,52.9],[-131.3,52.3],[-131.0,52.2],[-131.3,52.1]]],[[[-131.2,55.0],[-131.4,54.9],[-131.5,54.9],[-131.2,55.0]]],[[[-131.6,55.3],[-131.4,55.0],[-131.6,55.0],[-131.6,55.3]]],[[[-131.5,55.9],[-131.4,56.0],[-131.4,56.0],[-131.5,55.9]]],[[[-131.5,52.6],[-131.7,52.7],[-131.4,52.7],[-131.5,52.6]]],[[[-131.6,55.3],[-131.8,55.2],[-131.8,55.4],[-131.6,55.3]]],[[[-131.8,52.8],[-131.7,52.9],[-131.6,52.8],[-131.8,52.8]]],[[[-132.2,53.2],[-132.4,53.6],[-131.7,54.2],[-132.2,53.2]]],[[[-131.8,69.9],[-131.8,69.8],[-131.9,69.8],[-131.8,69.9]]],[[[-132.1,56.1],[-132.4,56.5],[-131.9,56.2],[-132.1,56.1]]],[[[-132.5,55.8],[-132.0,54.7],[-132.6,55.3],[-133.2,55.3],[-132.9,55.6],[-133.4,55.6],[-133.1,55.9],[-133.3,56.2],[-133.6,56.2],[-133.6,56.3],[-132.5,55.8]]],[[[-132.1,56.1],[-132.7,56.2],[-132.4,56.4],[-132.1,56.1]]],[[[-132.4,56.6],[-132.4,56.6],[-132.4,56.6],[-132.4,56.6]]],[[[-132.5,56.4],[-132.5,56.4],[-132.4,56.4],[-132.5,56.4]]],[[[-132.6,68.9],[-132.5,68.8],[-132.6,68.8],[-132.6,68.9]]],[[[-132.5,56.6],[-132.9,56.5],[-133.0,56.6],[-132.9,56.6],[-132.9,56.8],[-132.5,56.6]]],[[[-132.6,54.9],[-132.8,54.9],[-132.8,54.9],[-132.6,54.9]]],[[[-133.1,56.3],[-132.6,56.4],[-132.6,56.3],[-133.1,56.3]]],[[[-133.1,55.3],[-132.7,54.7],[-133.2,55.2],[-133.1,55.3]]],[[[-132.9,55.0],[-132.8,55.2],[-132.7,55.0],[-132.9,55.0]]],[[[-132.9,68.9],[-133.0,68.9],[-133.0,69.0],[-132.9,68.9]]],[[[-132.9,56.6],[-133.6,56.4],[-133.7,56.8],[-134.0,57.1],[-132.9,56.6]]],[[[-133.2,55.9],[-133.3,55.9],[-133.3,55.9],[-133.2,55.9]]],[[[-133.3,55.2],[-133.3,55.3],[-133.2,55.3],[-133.3,55.2]]],[[[-133.3,55.4],[-133.3,55.6],[-133.3,55.5],[-133.3,55.4]]],[[[-133.4,56.0],[-133.6,56.1],[-133.3,56.1],[-133.4,56.0]]],[[[-133.5,55.7],[-133.6,55.8],[-133.3,55.8],[-133.5,55.7]]],[[[-133.5,55.5],[-133.5,55.4],[-133.6,55.4],[-133.5,55.5]]],[[[-133.6,55.2],[-133.6,55.4],[-133.4,55.4],[-133.6,55.2]]],[[[-133.7,55.5],[-133.6,55.5],[-133.6,55.5],[-133.7,55.5]]],[[[-133.7,56.8],[-134.4,56.7],[-134.3,56.9],[-133.7,56.8]]],[[[-136.0,69.2],[-133.7,69.5],[-134.9,68.9],[-136.0,69.2]]],[[[-133.8,55.9],[-133.9,55.9],[-133.8,55.9],[-133.8,55.9]]],[[[-134.0,69.6],[-133.8,69.6],[-134.0,69.6],[-134.0,69.6]]],[[[-134.6,57.0],[-135.0,58.4],[-133.9,57.4],[-134.6,57.0]]],[[[-133.9,56.3],[-133.9,56.3],[-133.9,56.3],[-133.9,56.3]]],[[[-134.0,69.6],[-134.0,69.6],[-134.1,69.6],[-134.0,69.6]]],[[[-134.3,55.8],[-134.3,55.9],[-134.1,55.9],[-134.3,55.8]]],[[[-134.2,69.7],[-134.2,69.7],[-134.2,69.7],[-134.2,69.7]]],[[[-134.3,58.2],[-134.6,58.2],[-134.7,58.3],[-134.3,58.2]]],[[[-134.4,69.8],[-134.3,69.8],[-134.3,69.8],[-134.4,69.8]]],[[[-134.4,69.7],[-134.4,69.7],[-134.4,69.7],[-134.4,69.7]]],[[[-134.7,56.2],[-134.8,56.7],[-135.7,57.3],[-135.4,57.5],[-134.8,57.2],[-134.7,56.2]]],[[[-134.9,69.7],[-134.8,69.7],[-134.7,69.7],[-134.9,69.7]]],[[[-134.8,57.4],[-134.9,57.3],[-135.0,57.4],[-134.8,57.4]]],[[[-135.8,57.4],[-135.8,58.3],[-134.8,57.5],[-135.8,57.8],[-135.5,57.5],[-135.8,57.4]]],[[[-135.3,69.5],[-135.2,69.5],[-135.2,69.5],[-135.3,69.5]]],[[[-135.2,69.6],[-135.3,69.6],[-135.2,69.6],[-135.2,69.6]]],[[[-135.3,69.4],[-135.3,69.3],[-135.4,69.4],[-135.3,69.4]]],[[[-135.4,69.5],[-135.5,69.4],[-135.5,69.4],[-135.4,69.5]]],[[[-135.4,69.6],[-135.4,69.6],[-135.4,69.6],[-135.4,69.6]]],[[[-135.5,69.4],[-135.4,69.4],[-135.5,69.4],[-135.5,69.4]]],[[[-135.5,69.0],[-135.6,68.9],[-135.7,69.0],[-135.5,69.0]]],[[[-135.6,58.3],[-135.6,58.4],[-135.5,58.3],[-135.6,58.3]]],[[[-135.6,57.3],[-135.8,57.0],[-135.8,57.3],[-135.6,57.3]]],[[[-135.8,69.5],[-135.6,69.5],[-135.6,69.5],[-135.8,69.5]]],[[[-135.7,69.3],[-135.7,69.3],[-135.6,69.3],[-135.7,69.3]]],[[[-135.8,68.9],[-135.9,69.0],[-135.7,68.9],[-135.8,68.9]]],[[[-136.0,68.9],[-135.9,68.9],[-135.8,68.9],[-136.0,68.9]]],[[[-135.9,68.9],[-135.9,68.9],[-135.9,68.9],[-135.9,68.9]]],[[[-135.9,69.0],[-135.9,69.0],[-136.0,69.0],[-135.9,69.0]]],[[[-136.1,69.0],[-136.0,69.0],[-136.1,69.0],[-136.1,69.0]]],[[[-136.0,69.2],[-136.1,69.2],[-136.1,69.2],[-136.0,69.2]]],[[[-136.2,69.1],[-136.1,69.1],[-136.2,69.1],[-136.2,69.1]]],[[[-136.1,69.1],[-136.2,69.2],[-136.1,69.1],[-136.1,69.1]]],[[[-136.3,58.0],[-136.5,58.0],[-136.5,58.1],[-136.3,58.0]]],[[[-139.3,69.6],[-139.0,69.6],[-138.9,69.6],[-139.3,69.6]]],[[[-144.4,59.9],[-144.5,59.9],[-144.2,60.0],[-144.4,59.9]]],[[[-145.1,60.3],[-145.1,60.4],[-145.1,60.4],[-145.1,60.3]]],[[[-146.1,60.5],[-145.8,60.6],[-145.7,60.6],[-146.1,60.5]]],[[[-146.4,60.3],[-146.6,60.5],[-146.1,60.4],[-146.4,60.3]]],[[[-146.7,60.8],[-146.8,60.9],[-146.7,60.9],[-146.7,60.8]]],[[[-147.0,60.2],[-147.9,59.8],[-146.9,60.3],[-147.0,60.2]]],[[[-147.2,60.9],[-147.1,60.9],[-147.1,60.9],[-147.2,60.9]]],[[[-147.5,60.7],[-147.3,60.6],[-147.5,60.6],[-147.5,60.7]]],[[[-147.8,60.5],[-147.8,60.2],[-147.9,60.2],[-147.8,60.5]]],[[[-147.9,60.0],[-147.9,60.1],[-147.8,60.1],[-147.9,60.0]]],[[[-147.9,60.7],[-147.9,60.7],[-147.8,60.7],[-147.9,60.7]]],[[[-148.0,60.2],[-147.9,60.1],[-148.1,60.0],[-148.0,60.2]]],[[[-147.9,60.9],[-148.1,60.8],[-148.1,60.9],[-147.9,60.9]]],[[[-148.0,60.3],[-148.1,60.4],[-148.0,60.4],[-148.0,60.3]]],[[[-148.1,59.9],[-148.0,60.0],[-148.0,60.0],[-148.1,59.9]]],[[[-148.1,60.1],[-148.3,60.0],[-148.0,60.2],[-148.1,60.1]]],[[[-148.1,60.7],[-148.2,60.7],[-148.2,60.8],[-148.1,60.7]]],[[[-150.4,59.4],[-150.3,59.5],[-150.3,59.5],[-150.4,59.4]]],[[[-150.7,59.3],[-150.7,59.4],[-150.6,59.4],[-150.7,59.3]]],[[[-151.9,58.2],[-151.8,58.3],[-151.8,58.2],[-151.9,58.2]]],[[[-152.0,60.5],[-151.9,60.5],[-152.0,60.4],[-152.0,60.5]]],[[[-152.1,58.2],[-152.7,58.5],[-152.0,58.3],[-152.1,58.2]]],[[[-154.8,57.3],[-153.0,57.8],[-153.3,58.0],[-152.2,57.6],[-153.0,57.5],[-154.0,56.7],[-154.8,57.3]]],[[[-152.4,58.9],[-152.2,58.9],[-152.2,58.9],[-152.4,58.9]]],[[[-152.4,57.9],[-152.4,58.0],[-152.3,57.9],[-152.4,57.9]]],[[[-152.5,58.5],[-152.7,58.5],[-152.3,58.6],[-152.5,58.5]]],[[[-153.1,57.1],[-153.3,57.2],[-152.9,57.2],[-153.1,57.1]]],[[[-153.3,58.1],[-153.0,58.0],[-153.4,58.1],[-153.3,58.1]]],[[[-153.3,57.9],[-153.5,57.9],[-153.5,58.0],[-153.3,57.9]]],[[[-153.4,59.3],[-153.4,59.4],[-153.3,59.4],[-153.4,59.3]]],[[[-154.0,56.5],[-154.0,56.5],[-153.9,56.6],[-154.0,56.5]]],[[[-154.2,56.5],[-154.3,56.6],[-154.1,56.6],[-154.2,56.5]]],[[[-154.4,56.6],[-154.5,56.6],[-154.8,56.4],[-154.5,56.6],[-154.5,56.6],[-154.4,56.6]]],[[[-155.6,55.8],[-155.6,55.9],[-155.6,55.9],[-155.6,55.8]]],[[[-157.1,56.6],[-157.0,56.5],[-157.3,56.5],[-157.2,56.6],[-157.1,56.6]]],[[[-158.7,55.8],[-158.8,55.9],[-158.7,55.8],[-158.7,55.8]]],[[[-159.2,54.9],[-159.3,54.9],[-159.2,54.9],[-159.2,54.9]]],[[[-159.3,55.0],[-159.5,55.0],[-159.3,55.0],[-159.3,55.0]]],[[[-159.5,55.1],[-159.5,55.2],[-159.5,55.2],[-159.5,55.1]]],[[[-159.9,55.3],[-160.2,54.9],[-160.2,54.9],[-159.9,55.3]]],[[[-160.3,55.4],[-160.3,55.5],[-160.2,55.4],[-160.3,55.4]]],[[[-160.3,55.2],[-160.3,55.4],[-160.3,55.3],[-160.3,55.2]]],[[[-160.8,55.4],[-160.5,55.2],[-160.8,55.1],[-160.8,55.4]]],[[[-161.1,58.7],[-160.9,58.6],[-161.1,58.6],[-161.1,58.7]]],[[[-161.7,55.2],[-161.6,55.2],[-161.7,55.2],[-161.7,55.2]]],[[[-161.6,55.1],[-161.9,55.1],[-161.9,55.2],[-161.6,55.1]]],[[[-162.3,55.0],[-162.3,54.8],[-162.4,54.9],[-162.3,55.0]]],[[[-162.6,63.5],[-162.4,63.6],[-162.3,63.6],[-162.6,63.5]]],[[[-162.4,54.4],[-162.5,54.4],[-162.4,54.4],[-162.4,54.4]]],[[[-162.6,54.4],[-162.8,54.5],[-162.5,54.4],[-162.6,54.4]]],[[[-163.0,54.7],[-165.0,54.6],[-163.8,55.1],[-163.5,55.0],[-163.4,54.8],[-163.0,54.7]]],[[[-163.1,55.4],[-163.2,55.4],[-163.1,55.4],[-163.1,55.4]]],[[[-165.5,66.4],[-165.1,66.5],[-164.8,66.5],[-165.5,66.4]]],[[[-164.9,60.8],[-165.0,60.9],[-164.9,60.9],[-164.9,60.8]]],[[[-166.2,60.4],[-166.1,59.8],[-167.4,60.2],[-166.2,60.4]]],[[[-166.7,66.1],[-166.3,66.2],[-166.2,66.2],[-166.7,66.1]]],[[[-168.7,63.3],[-171.5,63.3],[-171.8,63.6],[-168.7,63.3]]],[[[-169.6,56.5],[-169.5,56.6],[-169.5,56.6],[-169.6,56.5]]],[[[-170.3,57.1],[-170.4,57.2],[-170.1,57.2],[-170.3,57.1]]],[[[-172.2,60.3],[-173.0,60.5],[-173.0,60.5],[-172.2,60.3]]]]}},{"id":"7","type":"Feature","properties":{},"geometry":{"type":"MultiPolygon","coordinates":[[[[-81.2,-6.1],[-79.9,-3.1],[-79.7,-2.6],[-79.8,-2.0],[-80.9,-1.0],[-80.1,0.8],[-78.9,1.2],[-78.6,2.4],[-78.6,2.4],[-78.4,2.5],[-78.3,2.4],[-78.0,2.5],[-77.9,2.6],[-77.9,2.7],[-77.9,2.6],[-77.8,2.6],[-77.7,2.6],[-77.1,3.7],[-77.3,6.6],[-77.8,8.2],[-79.0,9.1],[-80.9,7.2],[-81.1,7.9],[-81.7,8.2],[-82.3,8.3],[-82.7,8.3],[-82.9,8.3],[-82.8,8.1],[-82.9,8.0],[-82.9,9.5],[-81.2,8.8],[-79.6,9.6],[-79.0,9.5],[-76.8,7.9],[-75.3,10.8],[-71.7,12.5],[-71.7,9.1],[-70.0,12.2],[-68.1,10.5],[-61.9,10.7],[-62.9,10.5],[-63.0,10.1],[-62.6,10.2],[-62.3,9.7],[-62.3,9.7],[-62.2,9.8],[-62.3,10.0],[-62.2,9.9],[-62.2,9.6],[-61.0,9.5],[-61.6,8.6],[-61.3,8.4],[-61.1,8.5],[-61.1,8.4],[-60.2,8.6],[-59.1,8.0],[-58.6,6.4],[-57.2,5.5],[-52.9,5.5],[-51.3,4.1],[-50.7,2.2],[-50.5,1.8],[-49.9,1.6],[-52.7,-1.6],[-52.2,-1.7],[-51.3,-1.2],[-51.0,-1.0],[-51.0,-0.9],[-50.8,-0.9],[-50.8,-1.4],[-50.7,-1.8],[-51.3,-1.6],[-51.5,-2.0],[-51.5,-2.2],[-51.4,-2.3],[-49.5,-2.6],[-47.4,-0.6],[-45.3,-1.7],[-44.9,-1.4],[-44.8,-3.3],[-40.0,-2.8],[-37.2,-4.8],[-38.6,-7.7],[-34.8,-7.6],[-38.2,-9.3],[-37.4,-11.5],[-38.9,-12.7],[-38.7,-12.9],[-39.1,-13.4],[-39.1,-13.5],[-39.1,-17.7],[-41.1,-18.2],[-42.3,-21.7],[-44.8,-22.4],[-48.7,-25.4],[-48.4,-25.6],[-48.8,-26.1],[-48.7,-28.2],[-50.7,-31.1],[-52.1,-32.2],[-50.6,-30.5],[-51.3,-30.0],[-54.9,-34.9],[-57.8,-34.5],[-58.2,-32.4],[-58.5,-34.7],[-56.7,-36.6],[-57.5,-38.1],[-62.4,-38.8],[-62.7,-41.0],[-65.1,-40.8],[-63.6,-42.8],[-67.6,-46.1],[-65.8,-48.0],[-69.0,-50.0],[-68.4,-52.3],[-69.3,-52.2],[-70.8,-52.7],[-71.3,-53.9],[-72.5,-53.4],[-71.2,-52.8],[-72.6,-53.1],[-72.2,-53.2],[-72.7,-53.3],[-72.4,-53.5],[-73.3,-53.2],[-72.7,-53.3],[-72.9,-52.8],[-71.5,-52.6],[-72.8,-52.5],[-72.7,-52.7],[-73.0,-52.9],[-73.0,-53.1],[-73.5,-53.0],[-73.2,-52.9],[-73.6,-52.8],[-73.2,-52.8],[-72.9,-52.5],[-73.7,-52.7],[-73.5,-52.5],[-73.7,-52.0],[-72.9,-52.5],[-72.5,-51.8],[-74.7,-50.2],[-73.7,-49.8],[-74.4,-49.4],[-74.0,-48.4],[-74.7,-48.0],[-73.2,-48.0],[-73.7,-47.5],[-73.9,-47.8],[-74.7,-47.7],[-74.0,-47.6],[-74.5,-47.4],[-74.1,-47.3],[-73.9,-47.0],[-74.3,-46.8],[-75.7,-46.7],[-73.9,-46.6],[-72.9,-45.5],[-73.5,-45.3],[-73.4,-45.0],[-73.1,-44.9],[-72.8,-44.8],[-72.6,-44.5],[-72.3,-41.4],[-73.8,-41.8],[-73.7,-40.0],[-70.8,-38.6],[-69.8,-30.2],[-71.5,-29.0],[-68.4,-19.4],[-69.5,-17.5],[-70.4,-18.3],[-75.9,-14.7],[-81.2,-6.1]],[[-47.3,-16.0],[-48.2,-15.5],[-48.3,-15.8],[-47.3,-16.0]],[[-56.0,-27.4],[-53.8,-27.1],[-54.1,-25.5],[-56.0,-27.4]],[[-65.2,-22.1],[-66.7,-24.1],[-64.2,-24.2],[-65.2,-22.1]],[[-66.2,-26.4],[-65.8,-27.8],[-65.1,-27.9],[-64.5,-26.2],[-66.2,-26.4]]],[[[-77.5,3.3],[-77.5,3.2],[-77.5,3.2],[-77.5,3.3]]],[[[-38.8,-13.1],[-38.7,-12.9],[-38.6,-12.9],[-38.8,-13.1]]],[[[-39.0,-13.6],[-38.9,-13.6],[-38.9,-13.7],[-39.0,-13.6]]],[[[-39.0,-13.5],[-38.9,-13.4],[-38.9,-13.6],[-39.0,-13.5]]],[[[-42.1,-2.7],[-42.1,-2.8],[-42.2,-2.7],[-42.1,-2.7]]],[[[-43.7,-2.3],[-43.6,-2.3],[-43.7,-2.4],[-43.7,-2.3]]],[[[-44.6,-2.9],[-44.5,-2.7],[-44.6,-3.1],[-44.6,-2.9]]],[[[-44.7,-3.0],[-44.6,-2.9],[-44.6,-3.0],[-44.7,-3.0]]],[[[-44.8,-1.6],[-44.7,-1.7],[-44.8,-1.7],[-44.8,-1.6]]],[[[-45.0,-1.3],[-44.9,-1.3],[-45.0,-1.4],[-45.0,-1.3]]],[[[-45.1,-23.8],[-45.1,-23.8],[-45.1,-23.8],[-45.1,-23.8]]],[[[-45.2,-24.0],[-45.3,-23.7],[-45.2,-23.8],[-45.2,-24.0]]],[[[-45.6,-1.1],[-45.6,-1.3],[-45.7,-1.4],[-45.6,-1.1]]],[[[-46.4,-24.0],[-46.3,-23.9],[-46.3,-24.0],[-46.4,-24.0]]],[[[-46.5,-1.0],[-46.5,-0.9],[-46.4,-1.0],[-46.5,-1.0]]],[[[-47.8,-24.9],[-47.6,-24.8],[-47.9,-25.0],[-47.8,-24.9]]],[[[-47.7,-0.6],[-47.6,-0.7],[-47.7,-0.7],[-47.7,-0.6]]],[[[-48.0,-0.6],[-47.9,-0.7],[-48.0,-0.7],[-48.0,-0.6]]],[[[-48.3,-25.5],[-48.2,-25.4],[-48.3,-25.5],[-48.3,-25.5]]],[[[-48.3,-1.2],[-48.4,-1.1],[-48.3,-1.1],[-48.3,-1.2]]],[[[-48.8,-1.5],[-50.6,-0.3],[-48.4,-0.3],[-48.8,-1.5]]],[[[-48.6,-27.7],[-48.4,-27.4],[-48.6,-27.8],[-48.6,-27.7]]],[[[-48.7,-26.3],[-48.5,-26.2],[-48.6,-26.4],[-48.7,-26.3]]],[[[-48.6,-1.4],[-48.5,-1.4],[-48.5,-1.5],[-48.6,-1.4]]],[[[-48.7,-1.4],[-48.6,-1.4],[-48.6,-1.5],[-48.7,-1.4]]],[[[-49.0,-1.7],[-48.9,-1.6],[-49.0,-1.8],[-49.0,-1.7]]],[[[-49.2,-1.8],[-49.0,-1.8],[-49.2,-1.9],[-49.2,-1.8]]],[[[-49.8,-0.1],[-49.4,0.1],[-49.4,-0.1],[-49.8,-0.1]]],[[[-50.0,-0.1],[-50.4,0.2],[-49.6,0.3],[-50.0,-0.1]]],[[[-50.0,1.1],[-50.0,1.0],[-50.1,0.9],[-50.0,1.1]]],[[[-50.3,0.7],[-50.1,0.9],[-50.0,0.9],[-50.0,0.9],[-50.0,0.9],[-50.3,0.7]]],[[[-50.3,0.3],[-50.2,0.6],[-50.0,0.6],[-50.3,0.3]]],[[[-50.1,0.9],[-50.0,0.9],[-50.1,0.9],[-50.1,0.9]]],[[[-50.3,0.3],[-50.1,0.3],[-50.3,0.2],[-50.3,0.3]]],[[[-50.5,2.0],[-50.4,2.1],[-50.4,1.9],[-50.5,2.0]]],[[[-50.3,0.3],[-50.4,0.5],[-50.4,0.6],[-50.3,0.3]]],[[[-50.5,2.2],[-50.4,2.2],[-50.5,2.1],[-50.5,2.2]]],[[[-50.5,-0.0],[-50.5,0.2],[-50.4,-0.0],[-50.5,-0.0]]],[[[-50.9,-0.3],[-50.7,-0.0],[-50.6,-0.1],[-50.9,-0.3]]],[[[-50.8,-0.0],[-50.8,0.1],[-50.7,0.0],[-50.8,-0.0]]],[[[-50.9,-0.3],[-50.8,-0.4],[-50.9,-0.4],[-50.9,-0.3]]],[[[-50.9,-0.4],[-50.8,-0.5],[-51.0,-0.6],[-50.9,-0.4]]],[[[-51.1,-1.0],[-50.9,-0.6],[-50.8,-0.6],[-51.1,-1.0]]],[[[-51.0,-0.8],[-50.8,-0.8],[-51.0,-0.8],[-51.0,-0.8]]],[[[-51.0,-2.0],[-51.0,-1.8],[-50.8,-2.0],[-51.0,-2.0]]],[[[-51.0,-0.2],[-50.9,-0.3],[-51.0,-0.3],[-51.0,-0.2]]],[[[-51.1,-0.6],[-51.0,-0.4],[-50.9,-0.4],[-51.1,-0.6]]],[[[-51.0,-0.9],[-51.1,-1.0],[-51.2,-1.1],[-51.1,-0.9],[-50.9,-0.9],[-51.0,-0.9]]],[[[-51.1,-0.4],[-50.9,-0.4],[-51.1,-0.5],[-51.1,-0.4]]],[[[-51.1,-0.6],[-51.0,-0.6],[-51.1,-0.7],[-51.1,-0.6]]],[[[-51.4,-0.5],[-51.2,-0.2],[-51.1,-0.1],[-51.4,-0.5]]],[[[-51.3,-1.0],[-51.6,-0.7],[-51.2,-0.5],[-51.3,-1.0]]],[[[-51.4,-1.2],[-51.2,-1.0],[-51.2,-0.8],[-51.2,-1.1],[-51.4,-1.2]]],[[[-51.4,-0.5],[-51.3,-0.5],[-51.4,-0.5],[-51.4,-0.5]]],[[[-52.2,-1.5],[-51.9,-1.5],[-52.2,-1.6],[-52.2,-1.5]]],[[[-52.4,-1.5],[-52.2,-1.4],[-52.5,-1.5],[-52.4,-1.5]]],[[[-58.4,6.9],[-58.3,7.0],[-58.5,6.9],[-58.4,6.9]]],[[[-60.8,9.2],[-60.7,9.2],[-60.8,9.1],[-60.8,9.2]]],[[[-60.8,8.7],[-60.8,8.6],[-61.0,8.6],[-60.8,8.7]]],[[[-60.9,9.0],[-60.9,8.9],[-61.0,8.8],[-60.9,9.0]]],[[[-60.9,9.1],[-60.9,9.2],[-60.9,9.2],[-60.9,9.1]]],[[[-60.9,9.0],[-61.1,9.0],[-60.8,9.1],[-60.9,9.1],[-60.9,9.0]]],[[[-61.2,8.7],[-61.0,8.8],[-60.9,8.9],[-61.2,8.7]]],[[[-61.2,8.7],[-60.9,8.7],[-61.2,8.7],[-61.2,8.7]]],[[[-61.1,8.5],[-61.1,8.5],[-61.0,8.6],[-61.1,8.5]]],[[[-61.2,8.6],[-61.1,8.6],[-61.0,8.6],[-61.2,8.6]]],[[[-61.4,8.5],[-61.3,8.6],[-61.2,8.5],[-61.4,8.5]]],[[[-61.2,9.6],[-61.3,9.6],[-61.4,9.7],[-61.2,9.6]]],[[[-62.1,-39.2],[-61.9,-39.1],[-61.9,-39.2],[-62.1,-39.2]]],[[[-62.1,-39.0],[-62.0,-39.0],[-62.0,-39.0],[-62.1,-39.0]]],[[[-62.3,9.8],[-62.2,9.9],[-62.3,9.8],[-62.3,9.8]]],[[[-62.7,10.4],[-62.8,10.4],[-62.8,10.5],[-62.7,10.4]]],[[[-66.6,-55.3],[-66.5,-55.2],[-66.4,-55.2],[-66.6,-55.3]]],[[[-66.9,-55.0],[-67.1,-55.0],[-67.1,-55.0],[-66.9,-55.0]]],[[[-66.9,-55.2],[-67.1,-55.3],[-67.1,-55.3],[-66.9,-55.2]]],[[[-68.2,-54.9],[-67.1,-55.2],[-68.4,-54.9],[-68.2,-54.9]]],[[[-67.2,-55.9],[-67.1,-55.8],[-67.1,-55.9],[-67.2,-55.9]]],[[[-67.2,-55.8],[-67.2,-55.8],[-67.2,-55.8],[-67.2,-55.8]]],[[[-67.4,-55.8],[-67.2,-55.8],[-67.2,-55.9],[-67.4,-55.8]]],[[[-67.6,-55.7],[-67.3,-55.6],[-67.3,-55.8],[-67.6,-55.7]]],[[[-67.6,-55.9],[-67.8,-55.8],[-67.5,-55.8],[-67.6,-55.9]]],[[[-67.7,-55.5],[-67.6,-55.6],[-67.7,-55.6],[-67.7,-55.5]]],[[[-70.0,-55.2],[-68.7,-55.3],[-68.6,-55.4],[-68.2,-55.4],[-68.0,-55.7],[-70.0,-55.2]]],[[[-69.2,-54.5],[-70.5,-53.2],[-69.4,-52.5],[-68.6,-54.9],[-69.6,-54.7],[-70.8,-54.8],[-72.0,-54.5],[-69.2,-54.5]]],[[[-69.9,-55.0],[-69.7,-54.9],[-69.2,-55.0],[-69.9,-55.0]]],[[[-69.8,-55.3],[-69.7,-55.4],[-69.8,-55.4],[-69.8,-55.3]]],[[[-70.1,-55.3],[-70.0,-55.4],[-70.1,-55.3],[-70.1,-55.3]]],[[[-70.4,-54.2],[-70.3,-54.2],[-70.2,-54.2],[-70.4,-54.2]]],[[[-70.3,-54.9],[-70.3,-55.1],[-71.0,-55.0],[-70.3,-54.9]]],[[[-70.4,-54.0],[-70.9,-53.9],[-70.5,-53.6],[-70.4,-54.0]]],[[[-70.5,-54.8],[-70.7,-54.9],[-70.7,-54.9],[-70.5,-54.8]]],[[[-70.8,-52.9],[-70.7,-52.9],[-70.8,-52.9],[-70.8,-52.9]]],[[[-71.2,-54.9],[-71.4,-54.8],[-70.9,-54.9],[-71.2,-54.9]]],[[[-71.5,-53.9],[-71.1,-54.4],[-71.7,-54.2],[-71.5,-53.9]]],[[[-71.7,-53.9],[-71.9,-54.3],[-72.3,-53.9],[-71.7,-53.9]]],[[[-71.9,-54.7],[-72.1,-54.6],[-72.0,-54.6],[-71.9,-54.7]]],[[[-73.0,-53.4],[-72.9,-54.1],[-73.6,-53.6],[-73.0,-53.7],[-73.0,-53.4]]],[[[-72.3,-54.3],[-72.4,-54.1],[-72.2,-54.1],[-72.3,-54.3]]],[[[-72.5,-54.4],[-72.3,-54.3],[-72.3,-54.4],[-72.5,-54.4]]],[[[-72.6,-42.1],[-72.5,-42.1],[-72.5,-42.2],[-72.6,-42.1]]],[[[-72.7,-44.5],[-73.5,-44.6],[-73.0,-44.4],[-72.7,-44.5]]],[[[-73.1,-41.8],[-73.0,-41.8],[-73.0,-41.9],[-73.1,-41.8]]],[[[-73.1,-42.3],[-73.1,-42.2],[-73.1,-42.3],[-73.1,-42.3]]],[[[-73.6,-53.1],[-74.3,-53.1],[-74.7,-52.8],[-73.6,-53.1]]],[[[-73.3,-44.0],[-73.2,-43.9],[-73.1,-44.0],[-73.3,-44.0]]],[[[-73.5,-54.1],[-73.2,-54.1],[-73.2,-54.1],[-73.5,-54.1]]],[[[-73.3,-44.4],[-73.2,-44.3],[-73.2,-44.4],[-73.3,-44.4]]],[[[-73.4,-52.7],[-73.4,-52.7],[-73.3,-52.7],[-73.4,-52.7]]],[[[-73.5,-43.0],[-73.6,-42.9],[-73.4,-43.0],[-73.5,-43.0]]],[[[-74.2,-42.5],[-73.5,-41.8],[-73.8,-42.5],[-73.7,-43.4],[-74.2,-42.5]]],[[[-73.4,-52.9],[-73.5,-52.9],[-73.8,-52.9],[-73.4,-52.9]]],[[[-73.4,-53.4],[-73.5,-53.6],[-73.8,-53.4],[-73.4,-53.4]]],[[[-73.5,-42.5],[-73.5,-42.4],[-73.4,-42.6],[-73.5,-42.5]]],[[[-73.8,-45.7],[-73.6,-45.5],[-73.6,-45.8],[-73.8,-45.7]]],[[[-73.8,-44.7],[-73.7,-44.6],[-73.6,-44.7],[-73.8,-44.7]]],[[[-73.6,-42.6],[-73.7,-42.6],[-73.6,-42.6],[-73.6,-42.6]]],[[[-73.7,-44.8],[-73.6,-44.7],[-73.6,-44.8],[-73.7,-44.8]]],[[[-73.8,-44.0],[-73.6,-44.0],[-73.7,-44.1],[-73.8,-44.0]]],[[[-73.7,-44.3],[-73.7,-44.4],[-73.8,-44.4],[-73.7,-44.3]]],[[[-73.7,-44.3],[-73.7,-44.2],[-73.7,-44.3],[-73.7,-44.3]]],[[[-73.8,-52.7],[-73.8,-52.4],[-73.7,-52.5],[-73.8,-52.7]]],[[[-73.9,-46.1],[-73.7,-46.1],[-73.8,-46.2],[-73.9,-46.1]]],[[[-73.8,-46.0],[-73.7,-45.9],[-73.7,-46.0],[-73.8,-46.0]]],[[[-73.9,-52.1],[-73.8,-52.0],[-73.7,-52.2],[-73.9,-52.1]]],[[[-73.8,-53.5],[-73.8,-53.6],[-73.9,-53.5],[-73.8,-53.5]]],[[[-73.9,-46.0],[-73.7,-45.8],[-73.7,-45.9],[-73.9,-46.0]]],[[[-73.8,-45.2],[-74.2,-45.1],[-73.7,-45.1],[-73.7,-45.3],[-73.8,-45.2]]],[[[-73.8,-52.4],[-73.8,-52.2],[-73.8,-52.4],[-73.8,-52.4]]],[[[-73.9,-51.4],[-73.8,-51.2],[-73.8,-51.3],[-73.9,-51.4]]],[[[-74.0,-43.9],[-73.9,-43.8],[-73.8,-43.9],[-74.0,-43.9]]],[[[-73.9,-44.9],[-73.8,-44.8],[-73.8,-45.0],[-73.9,-44.9]]],[[[-73.8,-51.8],[-73.8,-51.7],[-73.8,-51.8],[-73.8,-51.8]]],[[[-73.9,-44.5],[-73.8,-44.4],[-73.8,-44.5],[-73.9,-44.5]]],[[[-74.1,-45.3],[-73.8,-45.3],[-73.8,-45.3],[-74.1,-45.3]]],[[[-74.0,-44.3],[-73.8,-44.3],[-74.0,-44.3],[-74.0,-44.3]]],[[[-74.3,-48.0],[-74.3,-47.8],[-73.8,-47.9],[-74.3,-48.0]]],[[[-74.1,-45.6],[-74.1,-45.4],[-73.8,-45.5],[-73.9,-45.6],[-74.1,-45.5],[-74.1,-45.6]]],[[[-74.0,-45.4],[-73.8,-45.4],[-73.8,-45.4],[-74.0,-45.4]]],[[[-74.0,-44.2],[-73.9,-44.1],[-73.8,-44.2],[-74.0,-44.2]]],[[[-74.3,-44.8],[-74.2,-44.6],[-73.9,-44.7],[-74.3,-44.8]]],[[[-74.0,-45.7],[-74.0,-45.5],[-73.9,-45.6],[-74.0,-45.7]]],[[[-74.4,-45.0],[-74.0,-44.9],[-73.9,-45.0],[-74.4,-45.0]]],[[[-74.0,-51.8],[-74.1,-51.5],[-73.9,-51.8],[-74.0,-51.8]]],[[[-74.1,-44.4],[-73.9,-44.4],[-73.9,-44.4],[-74.1,-44.4]]],[[[-74.1,-52.4],[-74.4,-52.1],[-73.9,-52.3],[-74.1,-52.4]]],[[[-74.1,-44.4],[-73.9,-44.5],[-74.1,-44.5],[-74.1,-44.4]]],[[[-74.1,-44.3],[-74.0,-44.2],[-74.0,-44.3],[-74.1,-44.3]]],[[[-74.1,-51.4],[-74.0,-51.2],[-74.0,-51.3],[-74.1,-51.4]]],[[[-74.2,-44.8],[-74.0,-44.8],[-74.0,-44.8],[-74.2,-44.8]]],[[[-74.1,-45.8],[-74.0,-45.8],[-74.0,-45.9],[-74.1,-45.8]]],[[[-74.2,-47.2],[-74.0,-47.0],[-74.0,-47.1],[-74.2,-47.2]]],[[[-74.2,-48.4],[-74.1,-48.4],[-74.1,-48.5],[-74.2,-48.4]]],[[[-74.1,-53.3],[-74.2,-53.3],[-74.1,-53.2],[-74.1,-53.3]]],[[[-74.4,-51.9],[-74.4,-51.7],[-74.1,-51.9],[-74.4,-51.9]]],[[[-74.2,-51.4],[-74.2,-51.3],[-74.1,-51.5],[-74.2,-51.4]]],[[[-85.0,21.9],[-82.0,23.2],[-80.3,22.9],[-80.0,23.0],[-75.7,20.7],[-74.1,20.2],[-77.7,19.8],[-77.2,20.7],[-81.9,22.7],[-82.8,22.7],[-84.0,21.9],[-85.0,21.9]]],[[[-74.3,-44.6],[-74.2,-44.5],[-74.1,-44.6],[-74.3,-44.6]]],[[[-74.4,-50.5],[-74.4,-50.5],[-74.7,-50.5],[-74.4,-50.5]]],[[[-74.3,-51.0],[-74.2,-51.2],[-74.3,-51.2],[-74.3,-51.0]]],[[[-74.3,-44.0],[-74.2,-44.0],[-74.3,-44.0],[-74.3,-44.0]]],[[[-74.2,-45.7],[-74.4,-45.5],[-74.3,-45.5],[-74.2,-45.7]]],[[[-74.3,-48.5],[-74.3,-48.3],[-74.2,-48.4],[-74.3,-48.5]]],[[[-74.4,-44.6],[-74.3,-44.4],[-74.2,-44.5],[-74.4,-44.6]]],[[[-74.4,-44.2],[-74.3,-44.2],[-74.4,-44.2],[-74.4,-44.2]]],[[[-74.4,-45.2],[-74.3,-45.2],[-74.3,-45.3],[-74.4,-45.2]]],[[[-74.4,-44.3],[-74.3,-44.2],[-74.3,-44.3],[-74.4,-44.3]]],[[[-74.4,-49.4],[-74.3,-49.6],[-74.4,-49.6],[-74.4,-49.4]]],[[[-74.4,-48.5],[-74.3,-48.5],[-74.3,-48.5],[-74.4,-48.5]]],[[[-74.4,-45.4],[-74.4,-45.3],[-74.3,-45.4],[-74.4,-45.4]]],[[[-74.5,-44.8],[-74.4,-44.7],[-74.3,-44.8],[-74.5,-44.8]]],[[[-74.5,-47.1],[-74.3,-47.1],[-74.5,-47.2],[-74.5,-47.1]]],[[[-74.4,-52.1],[-74.4,-52.1],[-74.4,-52.0],[-74.4,-52.1]]],[[[-74.5,-48.3],[-74.5,-48.1],[-74.4,-48.3],[-74.5,-48.3]]],[[[-74.4,-51.0],[-74.6,-50.9],[-74.6,-50.7],[-74.4,-51.0]]],[[[-74.6,-51.1],[-74.4,-51.1],[-74.4,-51.2],[-74.6,-51.1]]],[[[-74.5,-49.9],[-74.9,-49.3],[-74.5,-48.7],[-74.5,-49.9]]],[[[-74.6,-45.5],[-74.4,-45.4],[-74.5,-45.6],[-74.6,-45.5]]],[[[-74.7,-44.7],[-74.5,-44.6],[-74.5,-44.7],[-74.7,-44.7]]],[[[-74.5,-48.7],[-74.7,-48.5],[-74.7,-48.1],[-74.5,-48.7]]],[[[-74.7,-52.0],[-74.5,-52.0],[-74.7,-52.1],[-74.7,-52.0]]],[[[-75.0,-51.5],[-74.8,-51.2],[-74.5,-51.3],[-75.0,-51.5]]],[[[-74.7,-45.7],[-74.5,-45.6],[-74.6,-45.8],[-74.7,-45.7]]],[[[-74.8,-50.5],[-74.6,-50.4],[-74.5,-50.4],[-74.8,-50.5]]],[[[-74.7,-50.5],[-74.6,-50.5],[-74.7,-50.6],[-74.7,-50.5]]],[[[-74.7,-52.2],[-74.6,-52.1],[-74.6,-52.1],[-74.7,-52.2]]],[[[-74.9,-52.1],[-74.6,-51.8],[-74.9,-52.1],[-74.9,-52.1]]],[[[-74.6,-52.2],[-74.7,-52.3],[-74.8,-52.2],[-74.6,-52.2]]],[[[-74.8,-43.6],[-74.8,-43.5],[-74.6,-43.6],[-74.8,-43.6]]],[[[-74.8,-50.9],[-74.8,-50.7],[-74.7,-50.8],[-74.8,-50.9]]],[[[-74.9,-46.1],[-75.1,-45.9],[-74.7,-45.8],[-74.9,-46.1]]],[[[-74.8,-44.7],[-74.7,-44.6],[-74.7,-44.7],[-74.8,-44.7]]],[[[-74.8,-45.7],[-74.8,-45.6],[-74.8,-45.7],[-74.8,-45.7]]],[[[-75.1,-52.0],[-74.8,-51.6],[-75.0,-52.1],[-75.1,-52.0]]],[[[-74.8,-50.2],[-75.4,-50.0],[-74.8,-50.1],[-74.8,-50.2]]],[[[-75.1,-48.4],[-74.8,-48.2],[-74.8,-48.4],[-75.1,-48.4]]],[[[-74.8,-48.0],[-75.3,-48.0],[-74.8,-47.8],[-74.8,-48.0]]],[[[-75.0,-48.7],[-74.9,-48.6],[-74.8,-48.7],[-75.0,-48.7]]],[[[-75.0,-51.1],[-74.9,-51.1],[-75.0,-51.2],[-75.0,-51.1]]],[[[-75.0,-49.2],[-75.0,-49.0],[-74.9,-49.3],[-75.0,-49.2]]],[[[-75.1,-47.7],[-74.9,-47.8],[-75.1,-47.7],[-75.1,-47.7]]],[[[-75.1,-51.8],[-75.0,-51.8],[-75.1,-51.9],[-75.1,-51.8]]],[[[-75.1,-50.8],[-75.0,-50.7],[-75.0,-50.8],[-75.1,-50.8]]],[[[-75.3,-51.5],[-75.0,-51.4],[-75.3,-51.6],[-75.3,-51.5]]],[[[-75.1,-44.9],[-75.1,-44.8],[-75.0,-44.9],[-75.1,-44.9]]],[[[-75.2,-48.8],[-75.1,-48.8],[-75.2,-48.8],[-75.2,-48.8]]],[[[-75.3,-48.8],[-75.1,-48.9],[-75.1,-49.0],[-75.3,-48.8]]],[[[-75.2,-47.9],[-75.1,-47.7],[-75.1,-47.8],[-75.2,-47.9]]],[[[-75.3,-48.4],[-75.6,-48.4],[-75.5,-48.1],[-75.1,-48.5],[-75.2,-48.7],[-75.3,-48.4]]],[[[-75.3,-50.8],[-75.4,-50.5],[-75.1,-50.5],[-75.3,-50.8]]],[[[-75.4,-49.6],[-75.6,-49.8],[-75.6,-49.7],[-75.4,-49.6]]],[[[-75.3,-49.0],[-75.6,-48.9],[-75.3,-48.9],[-75.2,-49.0],[-75.3,-49.0]]],[[[-75.6,-48.8],[-75.5,-48.7],[-75.3,-48.6],[-75.3,-48.7],[-75.6,-48.8]]],[[[-75.5,-49.3],[-75.4,-49.0],[-75.3,-49.1],[-75.5,-49.3]]],[[[-75.3,-48.6],[-75.6,-48.4],[-75.3,-48.4],[-75.3,-48.6]]],[[[-75.5,-49.5],[-75.5,-49.5],[-75.6,-49.5],[-75.5,-49.5]]],[[[-75.6,20.8],[-75.5,20.7],[-75.5,20.7],[-75.6,20.8]]],[[[-77.3,4.2],[-77.4,4.3],[-77.3,4.3],[-77.3,4.2]]],[[[-77.5,4.2],[-77.5,4.1],[-77.5,4.2],[-77.5,4.2]]],[[[-77.5,3.2],[-77.6,3.1],[-77.7,3.1],[-77.5,3.2]]],[[[-77.7,21.9],[-77.7,22.1],[-77.6,22.0],[-77.7,21.9]]],[[[-77.8,2.6],[-77.8,2.7],[-77.8,2.6],[-77.8,2.6]]],[[[-77.8,22.2],[-77.8,22.2],[-77.9,22.3],[-77.8,22.2]]],[[[-77.9,2.6],[-77.9,2.7],[-77.8,2.6],[-77.9,2.6]]],[[[-78.0,22.3],[-77.9,22.1],[-78.0,22.2],[-78.0,22.3]]],[[[-78.0,2.6],[-78.0,2.6],[-78.0,2.5],[-78.0,2.6]]],[[[-78.0,8.2],[-78.0,8.2],[-78.0,8.2],[-78.0,8.2]]],[[[-78.0,22.3],[-78.3,22.4],[-78.1,22.4],[-78.0,22.3]]],[[[-78.1,2.5],[-78.1,2.6],[-78.1,2.5],[-78.1,2.5]]],[[[-78.3,22.4],[-78.7,22.5],[-78.7,22.5],[-78.3,22.4]]],[[[-78.4,20.5],[-78.3,20.6],[-78.3,20.5],[-78.4,20.5]]],[[[-78.4,20.7],[-78.4,20.6],[-78.4,20.6],[-78.4,20.7]]],[[[-78.5,20.7],[-78.5,20.7],[-78.5,20.7],[-78.5,20.7]]],[[[-78.5,2.4],[-78.6,2.4],[-78.5,2.4],[-78.5,2.4]]],[[[-78.8,20.7],[-78.8,20.7],[-78.8,20.7],[-78.8,20.7]]],[[[-78.9,8.4],[-79.0,8.3],[-79.0,8.4],[-78.9,8.4]]],[[[-79.0,20.8],[-78.9,20.8],[-78.8,20.8],[-79.0,20.8]]],[[[-79.0,1.3],[-78.9,1.2],[-79.0,1.2],[-79.0,1.3]]],[[[-79.0,22.7],[-79.0,22.6],[-79.1,22.7],[-79.0,22.7]]],[[[-79.0,20.9],[-79.0,20.8],[-79.1,20.9],[-79.0,20.9]]],[[[-79.1,8.3],[-79.1,8.3],[-79.1,8.2],[-79.1,8.3]]],[[[-79.1,8.4],[-79.1,8.4],[-79.1,8.4],[-79.1,8.4]]],[[[-79.2,21.0],[-79.1,20.9],[-79.1,20.9],[-79.2,21.0]]],[[[-79.4,21.1],[-79.3,21.1],[-79.3,21.1],[-79.4,21.1]]],[[[-79.6,22.8],[-79.6,22.8],[-79.3,22.6],[-79.6,22.8]]],[[[-79.4,21.1],[-79.4,21.1],[-79.5,21.1],[-79.4,21.1]]],[[[-79.9,-2.6],[-79.8,-2.5],[-79.9,-2.6],[-79.9,-2.6]]],[[[-80.0,22.9],[-79.9,22.9],[-79.9,22.9],[-80.0,22.9]]],[[[-80.1,-3.0],[-80.1,-2.7],[-79.9,-2.7],[-80.1,-3.0]]],[[[-80.1,23.1],[-80.1,23.0],[-80.1,23.1],[-80.1,23.1]]],[[[-80.2,23.1],[-80.2,23.1],[-80.2,23.1],[-80.2,23.1]]],[[[-80.3,23.0],[-80.2,23.0],[-80.2,23.0],[-80.3,23.0]]],[[[-80.6,23.2],[-80.5,23.2],[-80.5,23.2],[-80.6,23.2]]],[[[-80.8,23.2],[-80.9,23.1],[-81.0,23.1],[-80.8,23.2]]],[[[-81.2,7.5],[-81.0,7.6],[-81.2,7.5],[-81.2,7.5]]],[[[-81.1,7.7],[-81.1,7.7],[-81.1,7.7],[-81.1,7.7]]],[[[-81.2,7.8],[-81.2,7.8],[-81.2,7.8],[-81.2,7.8]]],[[[-81.6,21.6],[-81.4,21.6],[-81.6,21.6],[-81.6,21.6]]],[[[-81.7,7.6],[-81.6,7.3],[-81.8,7.4],[-81.7,7.6]]],[[[-81.8,7.3],[-81.8,7.3],[-81.8,7.2],[-81.8,7.3]]],[[[-82.0,9.1],[-82.0,9.1],[-82.0,9.1],[-82.0,9.1]]],[[[-82.1,9.3],[-82.2,9.4],[-82.1,9.3],[-82.1,9.3]]],[[[-82.2,8.2],[-82.3,8.2],[-82.3,8.2],[-82.2,8.2]]],[[[-82.2,9.3],[-82.2,9.3],[-82.2,9.3],[-82.2,9.3]]],[[[-82.3,9.4],[-82.3,9.4],[-82.3,9.4],[-82.3,9.4]]],[[[-82.4,8.3],[-82.3,8.2],[-82.4,8.2],[-82.4,8.3]]],[[[-82.3,8.1],[-82.3,8.1],[-82.4,8.1],[-82.3,8.1]]],[[[-82.9,21.4],[-83.0,21.9],[-82.5,21.6],[-82.9,21.4]]],[[[-83.7,10.8],[-87.8,13.9],[-92.2,14.5],[-90.4,16.1],[-91.0,17.8],[-89.1,17.8],[-89.2,15.9],[-83.1,15.0],[-83.8,11.9],[-83.7,10.8]]],[[[-83.7,12.0],[-83.7,11.9],[-83.7,11.9],[-83.7,12.0]]],[[[-87.6,13.3],[-87.6,13.4],[-87.6,13.3],[-87.6,13.3]]],[[[-87.7,13.3],[-87.6,13.3],[-87.7,13.2],[-87.7,13.3]]]]}}]}