{
"type": "FeatureCollection",
"name": "timezones",
"crs": { "type": "name", "properties": { "name": "urn:ogc:def:crs:OGC:1.3:CRS84" } },
"features": [
{ "type": "Feature", "properties": { "name": "-10", "zone": -10.0, "utc_format": "UTC-10:00", "time_zone": "UTC-10:00" }, "geometry": { "type": "Polygon", "coordinates": [ [ [ -142.530440964874117, 89.999999999998522 ], [ -142.440513640776146, 70.227301461335685 ], [ -157.525964765959145, 71.33090407217918 ], [ -157.525619979069347, 89.999999999998522 ], [ -142.530440964874117, 89.999999999998522 ] ] ] } },
{ "type": "Feature", "properties": { "name": "-10", "zone": -10.0, "utc_format": "UTC-10:00", "time_zone": "UTC-10:00" }, "geometry": { "type": "Polygon", "coordinates": [ [ [ 179.999673548913393, 59.501864467270536 ], [ 180.0, 48.000000298063242 ], [ 169.999661945767798, 52.99993226540289 ], [ 174.928500093413277, 56.330041354838045 ], [ 179.999673548913393, 59.501864467270536 ] ] ] } },
{ "type": "Feature", "properties": { "name": "-11", "zone": -11.0, "utc_format": "UTC-11:00", "time_zone": "UTC-11:00" }, "geometry": { "type": "Polygon", "coordinates": [ [ [ -157.9421206231398, 71.121677741045914 ], [ -162.762424467939638, 70.375427712975466 ], [ -164.065641069341325, 69.253770677483828 ], [ -168.999999989756049, 68.000000147149024 ], [ -172.508475253808314, 70.492051850225153 ], [ -172.509032993023567, 89.999999999998522 ], [ -157.525619979069546, 89.999999999998522 ], [ -157.9421206231398, 71.121677741045914 ] ] ] } },
{ "type": "Feature", "properties": { "name": "-11", "zone": -11.0, "utc_format": "UTC-11:00", "time_zone": "UTC-11:00" }, "geometry": { "type": "Polygon", "coordinates": [ [ [ -172.483, 15.020526155309483 ], [ -157.517589878063802, 14.999084784398519 ], [ -157.5146923893208, 4.937315428082854 ], [ -160.639768713039189, 4.937315428082854 ], [ -160.639768712541979, 1.498160527335472 ], [ -158.486571354637277, -0.22807340463487 ], [ -158.486571354637448, -2.509433512836324 ], [ -172.502027374657956, -2.509317030393618 ], [ -172.483, 15.020526155309483 ] ] ] } },
{ "type": "Feature", "properties": { "name": "-11", "zone": -11.0, "utc_format": "UTC-11:00", "time_zone": "UTC-11:00" }, "geometry": { "type": "Polygon", "coordinates": [ [ [ -172.513456468984657, 48.000896942891032 ], [ -157.506362979050948, 48.00144834544286 ], [ -157.506362979050948, 29.998892727166986 ], [ -176.346742558408721, 30.002431390725924 ], [ -176.346742558408721, 27.591497912861296 ], [ -178.046725095144808, 27.591534791822255 ], [ -178.046725095144808, 30.002538663559182 ], [ -179.999989387103966, 29.998892727166986 ], [ -180.0, 34.998794257134854 ], [ -172.5000079010712, 34.998794257134854 ], [ -172.513456468984657, 48.000896942891032 ] ] ] } },
{ "type": "Feature", "properties": { "name": "-11", "zone": -11.0, "utc_format": "UTC-11:00", "time_zone": "UTC-11:00" }, "geometry": { "type": "Polygon", "coordinates": [ [ [ -167.997656350640312, -5.842296971958035 ], [ -167.999981535668553, -13.000681429726114 ], [ -167.012142794862825, -13.000681429726114 ], [ -167.000012927740016, -22.000602353495481 ], [ -163.000138496025897, -22.000032686740212 ], [ -163.000016424578376, -25.000630248728555 ], [ -157.506347979051384, -25.000630248728555 ], [ -157.506347979051469, -76.888801473705826 ], [ -159.098710796567644, -77.028928253130573 ], [ -159.317684295480234, -77.997041619559752 ], [ -164.208065524194751, -78.629418502583235 ], [ -172.53872849364808, -78.367264772775229 ], [ -172.499982688035374, -15.000130359793047 ], [ -171.003287191258806, -13.967921285392379 ], [ -170.992787894732487, -9.428362422975283 ], [ -169.396078486595314, -5.842296972130782 ], [ -167.997656350640312, -5.842296971958035 ] ] ] } },
{ "type": "Feature", "properties": { "name": "-10", "zone": -10.0, "utc_format": "UTC-10:00", "time_zone": "UTC-10:00" }, "geometry": { "type": "Polygon", "coordinates": [ [ [ -169.347834613794646, 53.044324454596676 ], [ -159.492306800134173, 54.554114466974738 ], [ -142.537629524893248, 59.866418606533443 ], [ -142.529, -13.0 ], [ -137.000391812061991, -13.000653171442593 ], [ -133.000022305624611, -22.000602353495481 ], [ -133.000022305624611, -27.000648845550643 ], [ -140.000006013536961, -27.000648845550643 ], [ -140.000372227879666, -29.000016394652562 ], [ -142.529296965103015, -29.000222210760512 ], [ -142.529281965102768, -75.236235605554384 ], [ -146.58732560367315, -75.385494558346068 ], [ -151.663533635667193, -77.059182036774473 ], [ -157.506347979051469, -76.888801473705826 ], [ -157.506347979051384, -25.000630248728555 ], [ -163.000016424578291, -25.000630248728555 ], [ -163.000138496025897, -22.000032686740212 ], [ -167.000012927740016, -22.000602353495481 ], [ -167.008226369189742, -13.000681429726114 ], [ -167.999981535668468, -13.000681429726114 ], [ -167.997656350640312, -5.842296971958035 ], [ -156.080438255174926, -5.842296970487041 ], [ -154.566158655566056, -11.645359271235463 ], [ -150.000233161201891, -11.645359271235463 ], [ -150.000136763059174, -10.000334686102406 ], [ -155.528633931166723, 4.937315428082854 ], [ -157.524925225329042, 4.937315428082854 ], [ -157.517589878063802, 14.999084784398519 ], [ -172.483, 15.0 ], [ -172.483413992999942, 24.998991197198961 ], [ -179.999989387103966, 24.998991197198961 ], [ -179.999989387103966, 29.998892727167117 ], [ -178.04672509514478, 30.002538663559164 ], [ -178.04672509514478, 27.591534791822255 ], [ -176.346742558408721, 27.591497912861428 ], [ -176.346742558408721, 30.002431390725917 ], [ -157.506362979050948, 29.998892727167117 ], [ -157.506362979050948, 48.001448345442839 ], [ -179.999999664724413, 48.000000296200881 ], [ -179.998142971784489, 59.502966415050139 ], [ -174.006771177734151, 62.928614873211984 ], [ -174.010240541907336, 59.998663642000508 ], [ -169.331177074619433, 53.998719794320436 ], [ -169.347834613794646, 53.044324454596676 ] ] ] } },
{ "type": "Feature", "properties": { "name": "-12", "zone": -12.0, "utc_format": "UTC-12:00", "time_zone": "UTC-12:00" }, "geometry": { "type": "Polygon", "coordinates": [ [ [ -172.539918481708185, -45.035180487714626 ], [ -172.53872849364808, -78.367264772775229 ], [ -180.0, -77.96600329114716 ], [ -180.0, -50.990153350214371 ], [ -172.539918481708185, -45.035180487714626 ] ] ] } },
{ "type": "Feature", "properties": { "name": "-12", "zone": -12.0, "utc_format": "UTC-12:00", "time_zone": "UTC-12:00" }, "geometry": { "type": "Polygon", "coordinates": [ [ [ -172.508501666416237, 70.500242024839224 ], [ -179.999999664723788, 74.999999940310602 ], [ -180.0, 89.999999999998522 ], [ -172.509032993023482, 89.999999999998522 ], [ -172.508501666416237, 70.500242024839224 ] ] ] } },
{ "type": "Feature", "properties": { "name": "-7", "zone": -7.0, "utc_format": "UTC-07:00", "time_zone": "UTC-07:00" }, "geometry": { "type": "Polygon", "coordinates": [ [ [ -97.910738128740775, 80.36843040538696 ], [ -101.071399574717077, 80.210004289163919 ], [ -101.282484382857774, 79.276077520702415 ], [ -102.000284714798624, 79.360707607542054 ], [ -102.000472927357293, 73.37229915215238 ], [ -93.276235994323883, 72.152499867750294 ], [ -90.791223037409793, 69.828839026806577 ], [ -89.014358811309933, 69.480339143548804 ], [ -88.980903915231465, 66.895019146120035 ], [ -102.000693927357304, 66.92099014614405 ], [ -102.001597866609302, 60.000058905672404 ], [ -109.999972703880985, 60.000058905672404 ], [ -109.999972703880985, 53.608599533116262 ], [ -108.85090586069299, 53.065137977652114 ], [ -109.999972703880985, 52.707394921773073 ], [ -109.999352586693533, 48.992617899921697 ], [ -104.047574447558645, 48.992617899921697 ], [ -103.590136718749989, 47.538397528119106 ], [ -101.087097034548094, 47.296580997207627 ], [ -100.590012375267065, 46.429638705290188 ], [ -101.474406708719982, 46.058999671451716 ], [ -100.273910013754062, 45.381149996032661 ], [ -101.229495581131687, 43.785393420260277 ], [ -101.324297358085289, 40.000101744122617 ], [ -102.051263470559206, 40.000101744122617 ], [ -101.389057007907809, 39.568271000530444 ], [ -101.527228991785364, 37.73621699275111 ], [ -103.000799603371718, 36.999808775372799 ], [ -103.065594525246581, 32.001688658184946 ], [ -104.91835639774763, 32.000955690492219 ], [ -104.680479085847992, 29.942307841251591 ], [ -103.312732306718488, 29.024998684194202 ], [ -103.963467780354222, 27.918890489202852 ], [ -103.627260911863289, 26.643929551697738 ], [ -106.027527838956019, 26.838594672141198 ], [ -107.09611894410375, 25.420309149674608 ], [ -103.944683397216124, 21.375181382731625 ], [ -105.879845038027895, 20.301745366963871 ], [ -103.580260644799409, 18.155946006564193 ], [ -97.516877451932316, 15.741670374524404 ], [ -97.524, -25.0 ], [ -111.000015021593413, -25.000592543235427 ], [ -111.000015021593413, -29.000555108355627 ], [ -97.526, -29.0 ], [ -97.537090837026994, -71.680116041630868 ], [ -102.377697043598005, -71.787645561237639 ], [ -102.700620466058524, -72.510514920654941 ], [ -105.863361544827228, -72.987843623969582 ], [ -103.591666451966262, -73.361456228916211 ], [ -103.598894650671866, -73.970945271180767 ], [ -101.377914293041272, -74.862846772094372 ], [ -107.533541960028401, -75.107512842344363 ], [ -109.630492874572383, -74.924909883171495 ], [ -110.132935269245536, -74.071844048995729 ], [ -112.503004520163302, -74.110697416178709 ], [ -112.501224728080274, 8.5 ], [ -107.0, 8.5 ], [ -107.0, 11.500000000000114 ], [ -112.501160642852312, 11.500000000000114 ], [ -112.500892937136484, 24.049255106216719 ], [ -116.904700941237934, 24.052591106219893 ], [ -116.898102249566591, 28.557721551723716 ], [ -112.167586936826126, 28.000191109896491 ], [ -115.03974260136215, 32.277177435835029 ], [ -114.119061322121468, 34.293216978497583 ], [ -114.741278118996604, 36.013627134747594 ], [ -114.042840618996706, 36.210306822247503 ], [ -114.042547650246547, 42.00007733005998 ], [ -118.215416991606901, 42.521971037831008 ], [ -118.232139998640037, 44.256082994346968 ], [ -117.201702923684252, 44.316263853497617 ], [ -116.627570285806996, 46.069614054839235 ], [ -114.735898786172072, 45.445005540808779 ], [ -114.325335736184115, 46.664945494122549 ], [ -115.723992962746706, 47.441727720684923 ], [ -116.048163124726727, 48.992514547056942 ], [ -117.00233539422544, 49.08558087972915 ], [ -116.609724328263439, 50.673871101120881 ], [ -118.614420225675474, 52.101547704619065 ], [ -118.420647345841758, 52.840340888065725 ], [ -122.945039256286577, 55.444690417810648 ], [ -123.789747913356337, 56.777188581075791 ], [ -119.999956631329837, 57.264978087270833 ], [ -119.999956631329837, 60.000058905672404 ], [ -126.859047004078548, 60.765128485753451 ], [ -129.287606777851408, 62.153364162842536 ], [ -130.114403856305046, 63.803961086677077 ], [ -132.615310635286448, 64.815527248790602 ], [ -132.334733446157543, 65.96744660100893 ], [ -133.611787279170699, 65.961865546321178 ], [ -133.831076219601186, 67.003404039163911 ], [ -136.167393561732808, 67.005987860778703 ], [ -136.512577593777678, 69.294616730630594 ], [ -128.842266119115379, 70.252468677016225 ], [ -128.422094682742909, 70.857896496052263 ], [ -125.966550783843161, 69.780180850731711 ], [ -124.020818849848695, 70.31721299573212 ], [ -124.213992727942355, 71.361773767448881 ], [ -126.671602427600476, 71.981419498643845 ], [ -124.776757483608776, 73.723335057623387 ], [ -125.46469506938854, 74.434225890963035 ], [ -121.565117847001204, 74.764551193538978 ], [ -121.393048188511784, 75.532951392320513 ], [ -123.784047588998249, 76.232834339050271 ], [ -112.504607937139951, 78.745506131052196 ], [ -112.504607937139951, 89.999999999995509 ], [ -97.515471923180257, 89.999999999995509 ], [ -97.910738128740775, 80.36843040538696 ] ] ] } },
{ "type": "Feature", "properties": { "name": "-9.5", "zone": -9.5, "utc_format": "UTC-09:30", "time_zone": "UTC-09:30" }, "geometry": { "type": "Polygon", "coordinates": [ [ [ -137.000391769598536, -13.00000004652594 ], [ -142.529, -13.0 ], [ -142.529296965103015, -6.000697721813879 ], [ -136.997682199414669, -6.000697721813879 ], [ -137.000391769598536, -13.00000004652594 ] ] ] } },
{ "type": "Feature", "properties": { "name": "-6", "zone": -6.0, "utc_format": "UTC-06:00", "time_zone": "UTC-06:00" }, "geometry": { "type": "Polygon", "coordinates": [ [ [ -82.51016990915258, 89.999999999995509 ], [ -82.509450240205581, 82.991155706039649 ], [ -84.999218792512806, 82.686398010454582 ], [ -84.999099911523501, 66.256660145525473 ], [ -88.99466021344756, 62.523247943417914 ], [ -88.946735806010281, 56.853377590555624 ], [ -90.017302654154264, 56.191717172070582 ], [ -90.000349299576328, 54.018444672000044 ], [ -88.501288865903405, 53.364092895396709 ], [ -90.024143909634518, 52.769227643939132 ], [ -90.785571431500387, 51.508113310849069 ], [ -90.000349299576328, 49.545057981039065 ], [ -91.011620227054209, 49.247625355310277 ], [ -90.999722922025114, 48.509992443503108 ], [ -89.498962444080007, 47.995094552712828 ], [ -89.864481000514616, 46.592764993003527 ], [ -86.264471478371604, 45.225882994122458 ], [ -87.141668743996718, 43.656766783184992 ], [ -87.221209759621729, 41.759696470685014 ], [ -86.500285995101478, 41.521009993254324 ], [ -87.525885169691946, 40.736949576933682 ], [ -87.755737494260075, 38.416834616256153 ], [ -84.578139010450741, 36.867075982832716 ], [ -85.605682415871684, 34.985209165997674 ], [ -84.897943158059036, 32.26899822849748 ], [ -85.22032651974871, 29.436892207264748 ], [ -84.078268753802604, 29.873119683289246 ], [ -82.961279750731251, 28.897909755522505 ], [ -82.503668955631213, 26.687318217296763 ], [ -82.503324786745566, 23.33546297574776 ], [ -85.172165403611189, 21.847130125527713 ], [ -82.503121764371997, 21.358231344302624 ], [ -82.24691298843419, 15.098540187269805 ], [ -83.053246216295634, 8.315100809915009 ], [ -82.501744814494316, 7.948138628715924 ], [ -82.493377802187638, -73.538059652932645 ], [ -97.537090837026994, -71.680116041630868 ], [ -97.526, -29.0 ], [ -111.000015021593413, -29.000555108355627 ], [ -111.000015021593413, -25.000592543235427 ], [ -97.524, -25.0 ], [ -97.516877451932316, 15.741670374524404 ], [ -105.113427190515381, 19.173455097836836 ], [ -105.796538268106474, 20.656715939238609 ], [ -103.944683397216124, 21.375181382731625 ], [ -107.126272142346124, 25.189909776301306 ], [ -106.027527838956019, 26.838594672141198 ], [ -103.627260911863289, 26.643929551697738 ], [ -103.963467780354222, 27.918890489202852 ], [ -103.312732306718544, 29.024998684194202 ], [ -104.680479085847992, 29.942307841251591 ], [ -104.91835639774763, 32.000955690492219 ], [ -103.065594525246581, 32.001688658184946 ], [ -103.000799603371718, 36.999808775372799 ], [ -101.527228991785364, 37.73621699275111 ], [ -101.389057007907809, 39.568271000530444 ], [ -102.051263470559206, 40.000101744122617 ], [ -101.324297358085289, 40.000101744122617 ], [ -101.229495581131687, 43.785393420260277 ], [ -100.36254799261792, 44.354960347633039 ], [ -100.309169986312327, 45.707920008746953 ], [ -101.474406708719982, 46.058999671451716 ], [ -100.568106303384582, 46.634443320305422 ], [ -101.436234021675602, 47.564083986273715 ], [ -103.698447810887785, 47.60761396862182 ], [ -104.047574447558645, 48.992617899921697 ], [ -109.999352586693533, 48.992617899921697 ], [ -109.999972703880985, 52.707394921773073 ], [ -108.85090586069299, 53.065137977652114 ], [ -109.999972703880985, 53.608599533116262 ], [ -109.999972703880985, 60.000058905672404 ], [ -102.001597866609302, 60.000058905672404 ], [ -102.000693927357304, 66.92099014614405 ], [ -88.980903915231465, 66.895019146120035 ], [ -89.014358811309933, 69.480339143548804 ], [ -90.791223037409793, 69.828839026806577 ], [ -93.276235994323883, 72.152499867750294 ], [ -102.000472927357293, 73.37229915215238 ], [ -102.000284714798624, 79.360707607542054 ], [ -101.282484382857774, 79.276077520702415 ], [ -101.071399574717077, 80.210004289163919 ], [ -97.517200055978719, 80.509400064057331 ], [ -97.515471923180257, 89.999999999995509 ], [ -82.51016990915258, 89.999999999995509 ] ] ] } },
{ "type": "Feature", "properties": { "name": "-5", "zone": -5.0, "utc_format": "UTC-05:00", "time_zone": "UTC-05:00" }, "geometry": { "type": "Polygon", "coordinates": [ [ [ -67.503020895229042, 90.0 ], [ -67.503020895229042, 83.187083835608121 ], [ -59.537916515944289, 82.30293369749927 ], [ -68.333333333333258, 80.416666666666629 ], [ -74.064869055774636, 78.142785527020862 ], [ -72.264649885192171, 77.683952953988012 ], [ -73.35696969962305, 77.287613430846591 ], [ -67.502211609210406, 75.793691915940656 ], [ -67.501907110518289, 70.448483754945585 ], [ -66.05911773632954, 69.259349983496065 ], [ -67.068671960303561, 68.698733971328295 ], [ -60.737020579965645, 66.606002080569965 ], [ -64.711004464954954, 64.286826866590673 ], [ -63.592083599925502, 63.285559707153766 ], [ -64.697659568725157, 62.166046365278874 ], [ -64.166842395716799, 60.666003692303093 ], [ -64.904224005783874, 60.0477562526778 ], [ -64.292064988854406, 59.007251288480859 ], [ -64.875982835536377, 58.925292466865926 ], [ -63.483742234944941, 58.758635972724619 ], [ -64.428568284753396, 58.097022610091756 ], [ -63.583942837158872, 57.708054104230769 ], [ -64.169669358971134, 56.42565176047566 ], [ -63.444933234293728, 56.022833970760587 ], [ -63.74008871278869, 54.623465109953429 ], [ -66.804366421173256, 55.33920644841902 ], [ -66.607117479188275, 54.803941962651493 ], [ -67.408076341050275, 55.080617580736941 ], [ -67.749598505482538, 54.42611502857801 ], [ -66.373851506997539, 52.142375011093122 ], [ -64.530350529027828, 51.592076211699066 ], [ -64.165777574429285, 52.675476973005914 ], [ -63.612039407539157, 52.861202817801484 ], [ -63.77442216658676, 52.013621324260214 ], [ -62.131407996203563, 51.999837453347823 ], [ -60.91360253696746, 48.000033945047619 ], [ -61.419540011363324, 46.966161714760574 ], [ -62.277433989686642, 46.922167151769656 ], [ -63.044189891076371, 48.504673128992636 ], [ -68.116096895799899, 48.00193812852433 ], [ -69.064352655368111, 47.293595057500227 ], [ -67.813556274767052, 47.081907654151621 ], [ -67.807045044619031, 45.712869771364012 ], [ -66.875241962947712, 44.806698447118038 ], [ -67.503654895229545, 43.55823258112332 ], [ -67.503654895229545, 20.241337102670343 ], [ -71.755866899189755, 20.241100102670146 ], [ -71.771883312671889, 12.656830430080504 ], [ -70.903149921798388, 12.014044685577744 ], [ -72.499316773112696, 11.120795186497219 ], [ -73.390838583153595, 9.194504496792831 ], [ -71.993817912165412, 7.012854716306094 ], [ -67.449960897199276, 6.197943217252202 ], [ -67.855930949197045, 2.789753316431643 ], [ -67.189718384375624, 2.394376932599528 ], [ -66.864118397120421, 1.212679905428729 ], [ -67.424639445399748, 2.138113505202739 ], [ -69.856170614029168, 1.707674662427564 ], [ -69.137454793713857, 0.650142313790639 ], [ -70.054246379004042, 0.588130595040241 ], [ -69.399454305433665, -1.182717386737579 ], [ -69.971822469498477, -4.290951436229193 ], [ -72.917947550890517, -5.132088724644007 ], [ -74.018474691194285, -7.543517761112014 ], [ -73.21498368370419, -9.409036966848646 ], [ -72.195666056746973, -10.005589701226029 ], [ -70.524992838966853, -9.43094777414035 ], [ -70.641342326272024, -11.010799662167415 ], [ -69.577634643976069, -10.952301940813129 ], [ -68.684252482514182, -12.50249155670474 ], [ -69.430020915134321, -15.626280212316146 ], [ -68.833494018973056, -16.328976338621146 ], [ -70.622605128090981, -18.451364067487475 ], [ -70.806315489696374, -24.705518939189801 ], [ -81.493000737330817, -24.705518939189801 ], [ -81.493000737330817, -37.419345951030436 ], [ -73.931403972000794, -37.419345951030436 ], [ -73.727423674517183, -38.076335820214751 ], [ -74.221825365068355, -38.377167086236113 ], [ -73.518557983444396, -39.414336143164689 ], [ -75.991882128497025, -46.615919969666095 ], [ -75.629566528585258, -51.640494892805577 ], [ -73.646929605302944, -54.237905073848026 ], [ -67.492766895219404, -56.081982901940989 ], [ -67.492766895219404, -66.099408280632133 ], [ -69.732610459786315, -67.554212226101811 ], [ -67.837697710348323, -67.979722919551534 ], [ -67.673358772260258, -69.123007529512279 ], [ -70.501237469600994, -68.572415200143837 ], [ -73.965898594199757, -69.77841574298634 ], [ -75.895091677045627, -69.630109193829071 ], [ -76.369759336779794, -70.151383077526475 ], [ -75.16586431143935, -70.385168526182781 ], [ -77.186270135132759, -70.947995606581458 ], [ -75.99466616032754, -71.340317971709737 ], [ -75.819015626245346, -72.648820571444162 ], [ -77.31557465357406, -73.262336482405374 ], [ -80.895228501647637, -72.777543671919716 ], [ -82.07218562797749, -73.611771049127185 ], [ -82.501744814494316, 7.948138628715924 ], [ -83.053246216295634, 8.315100809915009 ], [ -82.24691298843419, 15.098540187269805 ], [ -82.503121764371997, 21.358231344302624 ], [ -85.172165403611189, 21.847130125527713 ], [ -82.503324786745566, 23.33546297574776 ], [ -82.503668955631213, 26.687318217296763 ], [ -82.961279750731251, 28.897909755522505 ], [ -84.078268753802604, 29.873119683289246 ], [ -85.22032651974871, 29.436892207264748 ], [ -84.897943158059036, 32.26899822849748 ], [ -85.605682415871684, 34.985209165997674 ], [ -84.578139010450741, 36.867075982832716 ], [ -87.755737494260075, 38.416834616256153 ], [ -87.525885169691946, 40.736949576933682 ], [ -86.500285995101478, 41.521009993254324 ], [ -87.221209759621729, 41.759696470685014 ], [ -87.141668743996718, 43.656766783184992 ], [ -86.264471478371604, 45.225882994122458 ], [ -89.864481000514616, 46.592764993003527 ], [ -89.498962444080007, 47.995094552712828 ], [ -90.999722922025114, 48.509992443503108 ], [ -91.011620227054209, 49.247625355310277 ], [ -90.000349299576328, 49.545057981039065 ], [ -90.785571431500387, 51.508113310849069 ], [ -90.024143909634518, 52.769227643939132 ], [ -88.501288865903405, 53.364092895396709 ], [ -90.000349299576328, 54.018444672000044 ], [ -90.017302654154264, 56.191717172070582 ], [ -88.946735806010281, 56.853377590555624 ], [ -88.99466021344756, 62.523247943417914 ], [ -84.999099911523501, 66.256660145525473 ], [ -84.999218792512806, 82.686398010454582 ], [ -82.509450240205581, 82.991155706039649 ], [ -82.510169909152694, 89.99999999999892 ], [ -67.503020895229042, 90.0 ] ] ] } },
{ "type": "Feature", "properties": { "name": "-3.5", "zone": -3.5, "utc_format": "UTC-03:30", "time_zone": "UTC-03:30" }, "geometry": { "type": "Polygon", "coordinates": [ [ [ -55.298611543907214, 50.603349003594587 ], [ -56.015946912030927, 50.34461212462179 ], [ -53.90028059404608, 49.888561639315412 ], [ -52.75459130645811, 48.731845121721221 ], [ -52.861906486489886, 46.543605583179044 ], [ -59.579619850448637, 47.558479987665237 ], [ -59.523251721725501, 48.563438646870281 ], [ -57.102543769111207, 51.25032379130613 ], [ -57.504453211767782, 53.389335409926218 ], [ -56.748437298771989, 53.965653038314883 ], [ -55.423273007386342, 53.307860399170693 ], [ -55.298611543907214, 50.603349003594587 ] ] ] } },
{ "type": "Feature", "properties": { "name": "-4", "zone": -4.0, "utc_format": "UTC-04:00", "time_zone": "UTC-04:00" }, "geometry": { "type": "Polygon", "coordinates": [ [ [ -52.542938248579219, 90.0 ], [ -52.558190418709898, 82.588062184883654 ], [ -59.4244880124117, 82.287371193109777 ], [ -67.503020895229042, 83.187083835608121 ], [ -67.503020895229042, 90.0 ], [ -52.542938248579219, 90.0 ] ] ] } },
{ "type": "Feature", "properties": { "name": "-1", "zone": -1.0, "utc_format": "UTC-01:00", "time_zone": "UTC-01:00" }, "geometry": { "type": "Polygon", "coordinates": [ [ [ -7.511745839357786, 89.99999999999892 ], [ -7.512952517168969, 66.761413242063611 ], [ -20.92480853316539, 66.139970619224641 ], [ -22.527410819945544, 66.673764576641702 ], [ -22.513890853329599, 69.639349147131327 ], [ -21.465497022254965, 70.132465851060829 ], [ -24.567656410609629, 70.576919456019482 ], [ -24.392416448980441, 72.514867266976864 ], [ -21.779537371177298, 72.11361216816556 ], [ -19.471899794819137, 74.03797297429702 ], [ -16.569704917647869, 74.995136750418908 ], [ -18.603635841562266, 75.620525758334395 ], [ -17.717711576087197, 75.931204320838674 ], [ -17.79909167448011, 77.41232622157321 ], [ -16.665334782594869, 77.787655412937738 ], [ -17.895667059707591, 78.352954482076711 ], [ -16.332198852539534, 79.112040052779605 ], [ -18.209407716537726, 79.459317081030804 ], [ -10.011670443000014, 81.481209105026323 ], [ -20.846329436259737, 82.271364801998743 ], [ -19.748715034755776, 82.606978740147497 ], [ -22.528824160171553, 83.026619555807713 ], [ -22.529426853652524, 89.999999999998522 ], [ -7.511745839357786, 89.99999999999892 ] ] ] } },
{ "type": "Feature", "properties": { "name": "-4", "zone": -4.0, "utc_format": "UTC-04:00", "time_zone": "UTC-04:00" }, "geometry": { "type": "MultiPolygon", "coordinates": [ [ [ [ -55.910203231147079, 46.662117104132449 ], [ -54.404725091019202, 47.201584540761075 ], [ -53.087149062149024, 46.441518680377783 ], [ -52.536500888824435, 47.175195587160829 ], [ -52.537545296994381, 5.364534004367044 ], [ -56.962430875114364, 6.216732524556335 ], [ -57.923988100291012, 4.829757995773434 ], [ -56.487305767928376, 1.941613871412869 ], [ -58.977514717964368, 1.312374986316684 ], [ -58.866436227084932, -0.321788832288746 ], [ -56.317632975267713, -2.237496075636443 ], [ -58.477932808386868, -6.743205661412048 ], [ -56.788449369577393, -9.393224785595294 ], [ -50.261791246345638, -9.844163925348937 ], [ -51.105747139824643, -14.887876478741873 ], [ -53.248820463400875, -17.563268731356686 ], [ -50.999448718600149, -20.101666761965816 ], [ -53.973634102726635, -23.443788344010386 ], [ -54.798545798846078, -26.644987487750939 ], [ -56.401633978680252, -27.586151848663462 ], [ -58.603853509174087, -27.312262636797414 ], [ -57.754066935595461, -25.180890808057541 ], [ -61.006349040100531, -23.805470886177091 ], [ -62.804352987047878, -22.004082132914675 ], [ -63.953077455783784, -22.007596130310503 ], [ -64.331885781886911, -22.863439277746238 ], [ -66.222464762777633, -21.786937764424124 ], [ -67.038212140041026, -22.524567158958405 ], [ -67.345273500719202, -24.000601094511126 ], [ -68.577859763745039, -24.769856465607972 ], [ -68.335962384186701, -27.044963073689985 ], [ -69.658517315832626, -28.397852071091279 ], [ -70.546886863362317, -31.188172709123194 ], [ -69.834372214921814, -34.233309834786496 ], [ -71.200645408286846, -36.839145609536502 ], [ -70.84307033504308, -38.584465433762261 ], [ -71.719838523523094, -39.601354268401735 ], [ -72.153920554774913, -42.592644551616729 ], [ -71.866082826909121, -44.377135111519806 ], [ -71.127884991619794, -44.549424336780874 ], [ -72.094234275477618, -44.782795105010962 ], [ -71.322653464927839, -45.267209981315034 ], [ -71.692656720137791, -46.690068868039418 ], [ -73.593522605561986, -49.540540873259147 ], [ -71.970727602300201, -51.970625101784549 ], [ -68.459985821687269, -52.299907328348354 ], [ -68.669482078198541, -54.913494567942109 ], [ -63.590769977435627, -54.895182026729458 ], [ -67.678501254842786, -53.495397945815228 ], [ -68.841252729201415, -50.974756821049255 ], [ -65.487756031429797, -47.999325670304813 ], [ -65.547660884832112, -47.066214776659535 ], [ -67.277187800034767, -46.04176001347912 ], [ -65.384041284301361, -45.14619424173884 ], [ -64.993037411086164, -43.671036150741088 ], [ -63.337991788471072, -42.78337556229485 ], [ -63.581031941517779, -41.929219795552171 ], [ -64.774205593277827, -41.97445023232774 ], [ -64.852337587865179, -41.060651807059742 ], [ -62.628441878704052, -41.232667100967205 ], [ -61.55401948595221, -39.240800538917313 ], [ -57.413196408453416, -38.304227948007394 ], [ -56.409598656853404, -36.623608272387173 ], [ -57.582837797655259, -34.675055657835571 ], [ -54.89280946772908, -35.177947000075619 ], [ -52.561813724463946, -33.37660861042292 ], [ -52.532694725829515, -77.018598482700611 ], [ -61.351160613171885, -75.028553993294679 ], [ -59.252871676942391, -73.271606205362161 ], [ -60.425388482140249, -71.484258436468167 ], [ -59.824488350914692, -70.51032043414051 ], [ -61.273207275484765, -70.284285889951889 ], [ -60.512435082207276, -69.869021405035141 ], [ -62.602088485980346, -68.883947497285874 ], [ -62.414725062467255, -68.293757394915474 ], [ -64.435637337435651, -68.330565489251228 ], [ -64.163697682209431, -67.19968013566654 ], [ -60.229761996109119, -66.214663862784903 ], [ -61.081559938173029, -65.225688404172899 ], [ -56.899957037444494, -64.721369664503754 ], [ -56.107997167099541, -64.26755087278849 ], [ -56.609105217169372, -63.837178058065774 ], [ -54.594505527309764, -63.196809795901629 ], [ -56.492027924614263, -62.766877350962488 ], [ -61.531878943659876, -63.517239264433272 ], [ -61.903538146405424, -62.990715695851009 ], [ -60.408518495888302, -63.21172078474882 ], [ -57.153275413035033, -61.98722623940688 ], [ -60.976397734463092, -62.275717019202546 ], [ -62.945211575757128, -62.83690686211088 ], [ -62.27019522029957, -63.682324129844631 ], [ -64.623729669360841, -64.487004585795376 ], [ -64.616220340558584, -65.417504579378942 ], [ -67.492766895219404, -66.099408280632133 ], [ -67.492766895219404, -56.081982901940989 ], [ -73.646929605302887, -54.237905073848026 ], [ -75.629566528585258, -51.640494892805577 ], [ -75.991882128496968, -46.615919969666095 ], [ -73.518557983444396, -39.414336143164689 ], [ -73.93140397200068, -37.419345951030436 ], [ -81.49300073733076, -37.419345951030436 ], [ -81.49300073733076, -24.705518939189801 ], [ -70.80631548969626, -24.705518939189801 ], [ -70.622605128090981, -18.451364067487475 ], [ -68.833494018973056, -16.328976338621146 ], [ -69.430020915134264, -15.626280212316146 ], [ -68.684252482514069, -12.50249155670474 ], [ -69.577634643975955, -10.952301940813129 ], [ -70.641342326272024, -11.010799662167415 ], [ -70.524992838966853, -9.43094777414035 ], [ -72.195666056746973, -10.005589701226029 ], [ -74.018474691194228, -7.543517761112014 ], [ -72.917947550890517, -5.132088724644007 ], [ -69.971822469498477, -4.290951436229193 ], [ -69.399454305433721, -1.182717386737579 ], [ -70.054246379004042, 0.588130595040241 ], [ -69.137454793713857, 0.650142313790639 ], [ -69.856170614029168, 1.707674662427564 ], [ -67.424639445399748, 2.138113505202909 ], [ -67.086107137455713, 1.176001688792724 ], [ -65.542661296008305, 0.649315490443769 ], [ -64.352940633638923, 1.36583506298831 ], [ -63.361114868307027, 2.400009664359459 ], [ -64.047972168009778, 2.471323140364404 ], [ -64.805057739918311, 4.271885070641019 ], [ -62.889412394322676, 3.560817362706587 ], [ -60.977281047033898, 4.534969787316129 ], [ -61.20478654007087, 6.59582590725887 ], [ -59.816654215836763, 8.26719675754282 ], [ -60.8274285390454, 9.700167003307399 ], [ -62.08329309582723, 10.046322099359202 ], [ -61.730140094123328, 11.174930322042712 ], [ -62.315481036465656, 11.615354386206434 ], [ -67.734198207358077, 12.275040956927569 ], [ -68.600674433305983, 11.665732978115784 ], [ -71.771883312671889, 12.656830430080504 ], [ -71.755866899189755, 20.241100102670146 ], [ -67.503654895229545, 20.241337102670343 ], [ -67.503654895229545, 43.55823258112332 ], [ -66.875241962947541, 44.806698447118038 ], [ -67.807045044619031, 45.712869771364012 ], [ -67.813556274767052, 47.081907654151621 ], [ -69.064352655367998, 47.293595057500227 ], [ -68.116096895799899, 48.00193812852433 ], [ -63.044189891076257, 48.504673128992636 ], [ -62.277433989686642, 46.922167151769656 ], [ -61.41954001136321, 46.966161714760574 ], [ -60.91360253696746, 48.000033945047619 ], [ -62.131407996203563, 51.999837453347823 ], [ -63.774422166586646, 52.013621324260214 ], [ -63.6120394075391, 52.861202817801484 ], [ -64.530350529027885, 51.592076211699066 ], [ -66.373851506997539, 52.142375011093122 ], [ -67.749598505482368, 54.42611502857801 ], [ -67.408076341050275, 55.080617580736941 ], [ -66.607117479188275, 54.803941962651493 ], [ -66.804366421173142, 55.33920644841902 ], [ -63.74008871278869, 54.623465109953429 ], [ -63.444933234293728, 56.022833970760757 ], [ -64.169669358971134, 56.42565176047566 ], [ -63.583942837158872, 57.708054104230769 ], [ -64.428568284753283, 58.097022610091756 ], [ -63.483742234944941, 58.758635972724619 ], [ -64.875982835536377, 58.925292466866097 ], [ -64.292064988854406, 59.007251288480859 ], [ -64.904224005783874, 60.0477562526778 ], [ -64.166842395716799, 60.666003692303264 ], [ -64.697659568724987, 62.166046365279044 ], [ -63.592083599925331, 63.285559707153766 ], [ -64.711004464954954, 64.286826866590673 ], [ -60.737020579965588, 66.606002080569965 ], [ -67.068671960303561, 68.698733971328465 ], [ -66.05911773632954, 69.259349983496065 ], [ -67.501907110518289, 70.448483754945585 ], [ -67.502211609210292, 75.793691915940656 ], [ -73.35696969962305, 77.287613430846591 ], [ -72.264649885192171, 77.683952953988012 ], [ -73.765645213356208, 78.416651318643744 ], [ -68.710090741747251, 80.180166190252066 ], [ -66.290061669348063, 79.816096960075356 ], [ -66.648885192438001, 79.353558476700925 ], [ -63.605681501777383, 75.952916226546506 ], [ -57.993314906877004, 74.801083996504531 ], [ -58.048282519122438, 74.044606740675874 ], [ -56.265929973530376, 73.242750500470549 ], [ -56.932236133770573, 72.718680869748482 ], [ -56.548072895788835, 71.625268539220883 ], [ -54.544836580913454, 71.010265820155894 ], [ -55.638461556462801, 70.539502132532789 ], [ -55.593198290356838, 69.671381111874041 ], [ -53.513756114770558, 69.02536875111872 ], [ -54.505284723707575, 67.05710388981629 ], [ -52.535284801924035, 64.2609265792168 ], [ -52.536448978987664, 47.906320049066892 ], [ -53.825398329240727, 49.84217451765727 ], [ -56.015946912030927, 50.34461212462179 ], [ -54.976678668199838, 51.952702403833314 ], [ -56.523369831823231, 53.995712660923743 ], [ -57.504453211767782, 53.389335409926218 ], [ -57.102543769111207, 51.25032379130613 ], [ -59.693199546470851, 47.899855347701362 ], [ -56.441774348775425, 47.413626293783921 ], [ -56.899048120261682, 46.609200667006633 ], [ -55.910203231147079, 46.662117104132449 ] ] ], [ [ [ -55.910203231147079, 46.662117104132449 ], [ -55.983402186878322, 46.802429207742989 ], [ -55.925390372605818, 46.699029771772416 ], [ -55.910203231147079, 46.662117104132449 ] ] ] ] } },
{ "type": "Feature", "properties": { "name": "-2", "zone": -2.0, "utc_format": "UTC-02:00", "time_zone": "UTC-02:00" }, "geometry": { "type": "Polygon", "coordinates": [ [ [ -22.529426853652524, 89.999999999998522 ], [ -22.528824160171553, 83.026619555807713 ], [ -37.538291774506547, 83.719719594315222 ], [ -37.548082349087395, 89.999999999998522 ], [ -22.529426853652524, 89.999999999998522 ] ] ] } },
{ "type": "Feature", "properties": { "name": "-2", "zone": -2.0, "utc_format": "UTC-02:00", "time_zone": "UTC-02:00" }, "geometry": { "type": "Polygon", "coordinates": [ [ [ -22.513890853329599, 69.639349147131327 ], [ -22.527410819945544, 66.673764576641702 ], [ -25.044443803278909, 65.494729247276894 ], [ -22.581506106174743, 64.294503436146499 ], [ -23.213171151343033, 63.999779847416733 ], [ -22.52714618444719, 63.611836634391068 ], [ -22.540244853354068, 40.190754121249597 ], [ -31.746972861928555, 40.190754121249597 ], [ -31.746972861928555, 36.499374117811726 ], [ -22.53949885335345, 36.499374117811726 ], [ -22.535827853349986, 18.395327100950965 ], [ -27.512735857985035, 18.395327100950965 ], [ -27.512735857985035, 13.401100096299899 ], [ -22.534818853349122, 13.401100096299899 ], [ -22.516822046691289, -75.432179214934422 ], [ -37.549163443143357, -78.176655318477003 ], [ -37.543623477363269, -54.9338719673421 ], [ -45.038813484343677, -54.9338719673421 ], [ -45.038813484343677, -52.088134964691847 ], [ -37.543611477363186, -52.088134964691847 ], [ -37.543520658746559, -12.256335922906885 ], [ -34.606937228868333, -7.893401303826749 ], [ -35.244734795128352, -5.102577568609661 ], [ -37.543703477363351, -4.374556302282485 ], [ -37.530975672877787, 65.367587752471138 ], [ -31.499007726759032, 67.866398034780218 ], [ -22.513890853329599, 69.639349147131327 ] ] ] } },
{ "type": "Feature", "properties": { "name": "-1", "zone": -1.0, "utc_format": "UTC-01:00", "time_zone": "UTC-01:00" }, "geometry": { "type": "Polygon", "coordinates": [ [ [ -22.52714618444719, 63.611836634391068 ], [ -7.515288260067621, 63.219816462163521 ], [ -8.089522215344573, 62.082939267375309 ], [ -7.515466993992163, 61.868614078212488 ], [ -7.515952436092789, 58.198742649059852 ], [ -9.003594336414267, 57.804231941739147 ], [ -7.822400425734145, 57.44400724730076 ], [ -7.516298449496162, 55.582931822354396 ], [ -10.423958305239978, 54.346149823750977 ], [ -9.823530985424156, 52.902905491278773 ], [ -10.81695310128498, 52.142138331434865 ], [ -9.907964204986001, 51.241077988321592 ], [ -7.860098059754421, 51.640851081593837 ], [ -7.860098059754421, 43.996756292780788 ], [ -9.520594605277097, 43.188640370261794 ], [ -9.135560104189267, 41.637431636475867 ], [ -18.559307351760935, 32.978711840736651 ], [ -18.533853643275734, 27.053092663483824 ], [ -13.682954932250766, 27.050901046972797 ], [ -17.17956253249929, 21.856266555331672 ], [ -16.252975667643, 18.062040835049856 ], [ -17.736463498624914, 14.837730758704652 ], [ -17.013572500136718, 12.410060198441215 ], [ -16.356826094023347, 10.903077770192226 ], [ -13.944815922945963, 9.685732558068537 ], [ -13.079544290165813, 7.40574230397732 ], [ -7.506172839352644, 4.138069572483005 ], [ -7.506172839352644, -5.82760892160826 ], [ -16.187690847437864, -5.82760892160826 ], [ -16.14349984739664, -9.363181924901085 ], [ -7.506172839352644, -9.363181924901085 ], [ -7.515036839360846, -35.658973949390997 ], [ -14.640872845997308, -35.658973949390997 ], [ -14.640872845997308, -41.713626955029781 ], [ -7.517317839362988, -41.713626955029781 ], [ -7.528220972802558, -70.574295430455436 ], [ -12.725892021359357, -71.169655874040643 ], [ -13.527117817709552, -72.581942113117805 ], [ -16.938143255628347, -72.314924926689855 ], [ -16.159746870920571, -72.937867447991778 ], [ -17.286211567790133, -73.445937157460207 ], [ -16.813607493102779, -74.085752771966781 ], [ -21.519934964367394, -75.464646201759194 ], [ -22.516822046691289, -75.432179214934422 ], [ -22.534818853349122, 13.401100096299899 ], [ -27.512735857985035, 13.401100096299899 ], [ -27.512735857985035, 18.395327100950965 ], [ -22.535827853349986, 18.395327100950965 ], [ -22.53949885335345, 36.499374117811726 ], [ -31.746972861928555, 36.499374117811726 ], [ -31.746972861928555, 40.190754121249597 ], [ -22.540244853354068, 40.190754121249597 ], [ -22.52714618444719, 63.611836634391068 ] ] ] } },
{ "type": "Feature", "properties": { "name": "-8", "zone": -8.0, "utc_format": "UTC-08:00", "time_zone": "UTC-08:00" }, "geometry": { "type": "Polygon", "coordinates": [ [ [ -140.84761797119512, 69.854653432849375 ], [ -136.512575855787475, 69.294607071625592 ], [ -136.167393561732808, 67.005987860778703 ], [ -133.831076219601186, 67.003404039163911 ], [ -133.611787279170699, 65.961865546321178 ], [ -132.334733446157543, 65.96744660100893 ], [ -132.615310635286448, 64.815527248790602 ], [ -130.114403856305046, 63.803961086677077 ], [ -129.287606777851408, 62.153364162842536 ], [ -126.851967332854429, 60.761252753331519 ], [ -119.999956631329837, 60.000058905672404 ], [ -119.999956631329837, 57.264978087270833 ], [ -123.789747913356337, 56.777188581075791 ], [ -122.945039256286577, 55.444690417810648 ], [ -118.420647345841758, 52.840340888065725 ], [ -118.614420225675474, 52.101547704619065 ], [ -116.609724328263439, 50.673871101120881 ], [ -117.00233539422544, 49.08558087972915 ], [ -116.048163124726727, 48.992514547056942 ], [ -115.723992962746706, 47.441727720684923 ], [ -114.325335736184115, 46.664945494122549 ], [ -114.735898786172072, 45.445005540808779 ], [ -116.627570285806996, 46.069614054839235 ], [ -117.201702923684252, 44.316263853497617 ], [ -118.232139998640037, 44.256082994346968 ], [ -118.215416991606901, 42.521971037831008 ], [ -114.042547650246547, 42.00007733005998 ], [ -114.042840618996706, 36.210306822247503 ], [ -114.741278118996604, 36.013627134747594 ], [ -114.119061322121468, 34.293216978497583 ], [ -115.03974260136215, 32.277177435835029 ], [ -112.167586936826126, 28.000191109896491 ], [ -116.898102249566591, 28.557721551723716 ], [ -116.904700941237934, 24.052591106219893 ], [ -112.500892937136484, 24.049255106216719 ], [ -112.501160642852312, 11.500000000000114 ], [ -107.0, 11.500000000000114 ], [ -107.0, 8.5 ], [ -112.501224728080274, 8.5 ], [ -112.503004520163302, -74.110697416178709 ], [ -112.702120014882723, -74.247425385698307 ], [ -127.507321357976082, -73.1028587079864 ], [ -127.507491951112684, -25.999999940395355 ], [ -133.000022305624611, -26.000558166174642 ], [ -133.000022305624611, -22.000602353495481 ], [ -127.510218835980083, -22.000602353495481 ], [ -127.507766951112785, 49.810581130208845 ], [ -128.695916689293597, 50.616052957836018 ], [ -128.122922915184574, 51.139268817836069 ], [ -128.594470140925182, 51.994693644734639 ], [ -131.154695021751593, 54.154591475692825 ], [ -130.893479837979385, 51.754717514519598 ], [ -133.447343924604468, 53.733735900400006 ], [ -133.265317759062441, 54.424508345171262 ], [ -130.636713656243387, 54.660218658318172 ], [ -130.0715390631633, 56.084123026902944 ], [ -131.825592204446536, 56.593342590706982 ], [ -135.465137492546774, 59.789684957256327 ], [ -137.486874553101984, 58.900075175351787 ], [ -139.079464681688819, 60.34102081337852 ], [ -140.994929159235824, 60.304382222883476 ], [ -140.84761797119512, 69.854653432849375 ] ] ] } },
{ "type": "Feature", "properties": { "name": "-8", "zone": -8.0, "utc_format": "UTC-08:00", "time_zone": "UTC-08:00" }, "geometry": { "type": "Polygon", "coordinates": [ [ [ -112.504607937139951, 78.75165334186687 ], [ -123.404056563714164, 76.437390106545536 ], [ -123.897177915329848, 76.06209691655414 ], [ -121.393048188511784, 75.532951392320513 ], [ -121.565117847001204, 74.764551193538978 ], [ -125.464695069388597, 74.434225890963035 ], [ -124.776757483608776, 73.723335057623387 ], [ -126.671602427600476, 71.981419498643845 ], [ -124.213992727942355, 71.361773767448881 ], [ -124.020818849848695, 70.31721299573212 ], [ -125.966550783843161, 69.780180850731711 ], [ -127.515098951119739, 70.734077231746312 ], [ -127.515098951119739, 89.999999999998522 ], [ -112.504607937139951, 89.999999999997101 ], [ -112.504607937139951, 78.75165334186687 ] ] ] } },
{ "type": "Feature", "properties": { "name": "+13", "zone": 13.0, "utc_format": "UTC+13:00", "time_zone": "UTC+13:00" }, "geometry": { "type": "Polygon", "coordinates": [ [ [ -158.486571354637448, -2.509433512836324 ], [ -158.478788568024044, -5.842296970782968 ], [ -169.396078486595314, -5.842296972130782 ], [ -170.992787894732487, -9.428362422975283 ], [ -171.003287191258806, -13.967921285392379 ], [ -172.499982688035374, -15.000130359793047 ], [ -172.499982688035715, -26.000151261349458 ], [ -179.999971045153529, -26.000558166174642 ], [ -177.011484510131368, -20.022857641933967 ], [ -177.011484510131368, -14.999999930150807 ], [ -174.416880901809606, -14.999999930150807 ], [ -174.410680110332521, -12.474780749151989 ], [ -178.051412359994004, -7.666655781446252 ], [ -178.051506174904603, -2.509360965634301 ], [ -158.486571354637448, -2.509433512836324 ] ] ] } },
{ "type": "Feature", "properties": { "name": "+14", "zone": 14.0, "utc_format": "UTC+14:00", "time_zone": "UTC+14:00" }, "geometry": { "type": "Polygon", "coordinates": [ [ [ -156.080438255174926, -5.842296970487041 ], [ -158.478788568024044, -5.842296970782968 ], [ -158.486571354637277, -0.22807340463487 ], [ -160.639768712541979, 1.498160527335472 ], [ -160.639768713039189, 4.937315428082854 ], [ -155.528633931166723, 4.937315428082854 ], [ -150.134604356869232, -9.548378216913875 ], [ -150.000233161201891, -11.645359271235463 ], [ -154.566158655566056, -11.645359271235463 ], [ -156.080438255174926, -5.842296970487041 ] ] ] } },
{ "type": "Feature", "properties": { "name": "+10", "zone": 10.0, "utc_format": "UTC+10:00", "time_zone": "UTC+10:00" }, "geometry": { "type": "Polygon", "coordinates": [ [ [ 157.508239314328989, 49.982363967763035 ], [ 157.508239314328989, 12.000000094994959 ], [ 153.996827599344783, 11.999713792479952 ], [ 153.996884800430394, -0.017904446311775 ], [ 157.517593314337887, -0.022754916202132 ], [ 157.517593314337887, -3.590151608559268 ], [ 160.048169727920481, -3.590151608559268 ], [ 160.059027906834672, -4.774047462812234 ], [ 158.234656368331912, -4.871310513955223 ], [ 154.585555555555629, -8.135 ], [ 157.517593314337887, -12.235256183482932 ], [ 157.471975131265253, -69.036374550911603 ], [ 153.851095734055662, -68.110699695556548 ], [ 153.086914974192041, -68.638454269730573 ], [ 147.480958238687435, -68.202290352883551 ], [ 144.604748105243971, -67.564333854816539 ], [ 144.811499153327645, -66.909534730785026 ], [ 142.502258300353674, -66.772630533907488 ], [ 142.502258300353674, -38.601732167673106 ], [ 140.957218807899949, -38.056024696457996 ], [ 141.000107049727262, -31.974640780584252 ], [ 141.643000000000143, -31.975 ], [ 141.000107049727262, -31.440907763052451 ], [ 141.000107049727262, -25.999911390895647 ], [ 138.000186802319377, -25.999911390895647 ], [ 137.997034539949709, -16.407387772958486 ], [ 139.852440683310647, -16.28034908405175 ], [ 139.658753619458821, -17.280428220336375 ], [ 140.444716987590596, -17.437927503446247 ], [ 141.419856013373874, -15.082593916443614 ], [ 142.095548297643404, -10.408116096641777 ], [ 142.058497182197129, -9.457194202073708 ], [ 140.977253417290058, -9.366474408280283 ], [ 140.974156981851934, -2.268939649143817 ], [ 142.510856654381882, 0.239886915374143 ], [ 142.511214888390782, 3.999556752061551 ], [ 135.997067132771122, 4.000005619534363 ], [ 135.997053257389439, 17.059856520865765 ], [ 142.51245939713715, 17.060689644734509 ], [ 142.514841464020378, 42.060507608279465 ], [ 143.349468145027458, 41.779753716609946 ], [ 144.184343479854874, 42.797727307962759 ], [ 148.595757173041079, 44.283796876401311 ], [ 157.508239314328989, 49.982363967763035 ] ] ] } },
{ "type": "Feature", "properties": { "name": "+10", "zone": 10.0, "utc_format": "UTC+10:00", "time_zone": "UTC+10:00" }, "geometry": { "type": "Polygon", "coordinates": [ [ [ 157.507845794184163, 76.655934524583927 ], [ 151.470904931720384, 73.288508306965866 ], [ 131.862137290444252, 72.998541978641015 ], [ 131.989791870117188, 70.47599029541027 ], [ 133.65716552734375, 69.738716125488338 ], [ 132.357696533203352, 69.123893737793139 ], [ 132.951016610282409, 68.209748966089819 ], [ 130.619144824568707, 67.438803600200799 ], [ 130.129379272460938, 66.272392272949162 ], [ 133.377020982169824, 64.251684434225467 ], [ 134.035344302138128, 65.074588584185847 ], [ 140.01918029785179, 65.928543090820313 ], [ 139.40228271484375, 64.917564392089957 ], [ 140.682479858398438, 64.035949707031477 ], [ 139.647689819336051, 63.011314392089901 ], [ 140.279634230713896, 62.053370266357661 ], [ 138.291641880445695, 61.109965318437105 ], [ 138.26694054581003, 59.720618598054045 ], [ 133.113973423393531, 59.203570054757733 ], [ 131.46373823458498, 58.159912828190954 ], [ 132.047475213753955, 57.66108022727758 ], [ 131.101693149948119, 57.230925604879985 ], [ 131.799531691617631, 56.722377834695635 ], [ 130.922996047082734, 55.678565578832035 ], [ 132.945508254122046, 55.374656480523527 ], [ 130.393622674684821, 53.915314032601032 ], [ 131.894202915576329, 53.12797191020212 ], [ 134.956444940328083, 53.253855699265102 ], [ 134.634707472879086, 52.427032782595177 ], [ 133.321299269748579, 52.681823432010276 ], [ 131.409581333543201, 51.681290188191042 ], [ 130.64487348848786, 50.662747707718211 ], [ 131.465598586147394, 50.145466620476611 ], [ 130.982734002812208, 48.972153225289617 ], [ 127.722953778647934, 49.648598531693096 ], [ 126.088996665683453, 52.775410258466536 ], [ 123.615245852366002, 53.563346659813249 ], [ 120.032962280737479, 52.760656636921965 ], [ 120.705789429213723, 51.979954936006322 ], [ 119.3162101650164, 50.092654114394122 ], [ 117.873765910247698, 49.513206278543294 ], [ 114.286284627371288, 50.276880595506668 ], [ 110.688449278477322, 49.134550109441022 ], [ 107.744806430318476, 49.967577729381787 ], [ 108.675775181108406, 50.494747626337414 ], [ 108.067026808710182, 50.753491522822799 ], [ 108.591542596472607, 51.506158759154005 ], [ 113.580592075659183, 52.454472968142113 ], [ 114.312847121235109, 52.971805731816119 ], [ 113.814479608212423, 53.649025377001124 ], [ 116.723345981921966, 54.565196845103742 ], [ 115.434122349104086, 56.689795844135688 ], [ 117.570839471508521, 56.851207180399342 ], [ 117.475548130362313, 58.309051011785357 ], [ 119.125679966306507, 58.280422268295695 ], [ 118.748752069169427, 59.413428046295053 ], [ 115.708937616032472, 60.524781399163999 ], [ 112.502621698050916, 58.87036041933959 ], [ 112.270594517060204, 59.500399481842067 ], [ 109.641917759237288, 59.061924953845676 ], [ 109.268193800902509, 59.461435451894147 ], [ 110.516696405074129, 61.091206773515239 ], [ 109.792399530071179, 61.32519765893278 ], [ 109.377747837361142, 63.339441636805475 ], [ 108.124904412877072, 63.579995429124153 ], [ 108.460181105586798, 64.285378729908246 ], [ 105.723625565759335, 64.582053127695815 ], [ 106.959105708993491, 65.50220368108495 ], [ 105.541104406904594, 67.023402818460852 ], [ 106.803352942065771, 67.348240871847509 ], [ 106.890996171232814, 68.859931545681718 ], [ 106.140551021490296, 69.416280015736049 ], [ 112.695809810578908, 71.217332872188422 ], [ 110.159220455099955, 73.399137681767627 ], [ 111.638845056011348, 73.935448152676827 ], [ 111.385595055775525, 74.427040153134612 ], [ 114.500951784402673, 75.000000000000114 ], [ 114.500951784402673, 78.0 ], [ 120.500951784402673, 78.0 ], [ 127.527595044488748, 79.998476467601279 ], [ 142.519409300369603, 79.998476467601279 ], [ 142.519409300369603, 89.999999999998522 ], [ 157.507065314327974, 89.999999999998522 ], [ 157.507845794184163, 76.655934524583927 ] ] ] } },
{ "type": "Feature", "properties": { "name": "+11", "zone": 11.0, "utc_format": "UTC+11:00", "time_zone": "UTC+11:00" }, "geometry": { "type": "Polygon", "coordinates": [ [ [ 172.52131954570973, 51.776161592465087 ], [ 172.500152328291392, 20.860054103246512 ], [ 160.573349317183784, 20.859728103246141 ], [ 160.558569998188091, 8.050357464756644 ], [ 163.988468974673765, 8.050357464756644 ], [ 163.997169005808928, -2.353969663679322 ], [ 172.501480328292587, -2.35570891837483 ], [ 172.501205328292372, -32.249019946215185 ], [ 165.065643321367702, -43.913318957078445 ], [ 165.048034321351224, -54.520427966957072 ], [ 172.518814328308736, -54.520427966957072 ], [ 172.507285246980814, -77.586134054617844 ], [ 166.810925431589339, -76.746322383033373 ], [ 165.481000124967977, -77.836443372222675 ], [ 163.679444719342996, -76.894996219446 ], [ 163.337675269959277, -75.121383461095888 ], [ 168.537463969545797, -73.420387721866007 ], [ 170.352598903016997, -73.715864945451472 ], [ 171.508545701343223, -71.783951772673731 ], [ 157.517593314337887, -69.033713986102157 ], [ 157.517593314337887, -12.235256183482932 ], [ 154.585555555555629, -8.135 ], [ 158.234656368331912, -4.871310513955223 ], [ 160.059027906834672, -4.774047462812234 ], [ 160.048169727920481, -3.590151608559268 ], [ 157.517593314337887, -3.590151608559268 ], [ 157.517593314337887, -0.022754916202132 ], [ 153.996884800430394, -0.017904446311775 ], [ 153.996827599344783, 11.999713792479952 ], [ 157.508239314328989, 12.000000094994959 ], [ 157.508239314328989, 49.982363967763035 ], [ 165.585683249668932, 50.029953187879812 ], [ 169.999661945767798, 52.99993226540289 ], [ 172.52131954570973, 51.776161592465087 ] ], [ [ 167.000000000000114, -28.0 ], [ 167.000000000000114, -30.0 ], [ 169.500000000000114, -30.0 ], [ 169.500000000000114, -28.0 ], [ 167.000000000000114, -28.0 ] ], [ [ 158.5, -31.001 ], [ 158.5, -32.0 ], [ 159.5, -32.0 ], [ 159.5, -31.0 ], [ 158.5, -31.001 ] ] ] } },
{ "type": "Feature", "properties": { "name": "+11", "zone": 11.0, "utc_format": "UTC+11:00", "time_zone": "UTC+11:00" }, "geometry": { "type": "Polygon", "coordinates": [ [ [ 141.124980055642709, 65.403750244169885 ], [ 146.270289921672884, 64.055005204514373 ], [ 144.718639764585873, 62.081688951253511 ], [ 146.76761030495868, 61.403280748125781 ], [ 145.510012648703537, 60.463699856194978 ], [ 147.140920851835176, 59.848595282624728 ], [ 146.996950311469959, 54.449181292160574 ], [ 154.018742693330523, 47.688068320014054 ], [ 145.913956087902307, 43.219627804367576 ], [ 145.454641104837378, 44.487239251766027 ], [ 144.556455935633608, 44.091657419776539 ], [ 141.108357737624715, 45.844747686664448 ], [ 141.934556233433682, 48.061721385747546 ], [ 141.473820466993175, 51.6339848635929 ], [ 140.387956831962015, 48.398753251498306 ], [ 135.616494251818494, 43.665849384563899 ], [ 130.70047652218966, 42.294835510571829 ], [ 130.934385663146941, 44.841708476116366 ], [ 133.099731529293194, 45.107790426223744 ], [ 134.773531171360332, 47.710732320282773 ], [ 134.387301515898685, 48.38133738247069 ], [ 132.5246545821567, 47.707528382022986 ], [ 130.675693443020918, 48.063940735187771 ], [ 131.499911737189336, 49.428714504588356 ], [ 130.782332798384459, 50.993063462927864 ], [ 133.305279575738155, 52.67600983337735 ], [ 134.634707472879086, 52.427032782595177 ], [ 134.956444940328083, 53.253855699265102 ], [ 131.894202915576329, 53.12797191020212 ], [ 130.393622674684821, 53.915314032601032 ], [ 132.945508254122046, 55.374656480523527 ], [ 130.922996047082734, 55.678565578832035 ], [ 131.799531691617631, 56.722377834695635 ], [ 131.101693149948119, 57.230925604879985 ], [ 132.047475213753955, 57.66108022727758 ], [ 131.46373823458498, 58.159912828190954 ], [ 133.113973423393531, 59.203570054757733 ], [ 138.26694054581003, 59.720618598054045 ], [ 138.291641880445695, 61.109965318437105 ], [ 140.279634230713896, 62.053370266357661 ], [ 139.647689819336051, 63.011314392089901 ], [ 140.64228820800804, 63.587127685547102 ], [ 139.40228271484375, 64.917564392089957 ], [ 141.124980055642709, 65.403750244169885 ] ] ] } },
{ "type": "Feature", "properties": { "name": "+11", "zone": 11.0, "utc_format": "UTC+11:00", "time_zone": "UTC+11:00" }, "geometry": { "type": "Polygon", "coordinates": [ [ [ 172.534622328323508, 89.999999999998522 ], [ 172.570787561690963, 70.184198514046102 ], [ 161.216176461601322, 69.826140496626977 ], [ 160.463132047465365, 69.941965682661817 ], [ 160.607130661340193, 70.557455406026065 ], [ 163.110785312751318, 70.680447839868521 ], [ 152.815331779929124, 71.041434910073519 ], [ 150.136310341940316, 72.289651399043748 ], [ 146.87441477019081, 72.57971977442611 ], [ 143.208190917968864, 72.000419616699219 ], [ 140.862579345703352, 70.187721252441463 ], [ 142.723678588867529, 69.278739929199332 ], [ 141.504989624023665, 69.148086547851676 ], [ 141.176756335318828, 67.757974961553657 ], [ 138.762283325195426, 67.515426635742188 ], [ 140.490371704101676, 66.548683166504134 ], [ 139.83365354339719, 65.808872287227246 ], [ 134.035344302138128, 65.074588584185847 ], [ 133.386538826193146, 64.251684434225467 ], [ 129.982998068632696, 66.457290649414119 ], [ 130.628662668592028, 67.438803600200799 ], [ 132.96053445430573, 68.209748966089819 ], [ 132.367214377226674, 69.123893737793139 ], [ 133.666683371367071, 69.738716125488338 ], [ 131.999309714140509, 70.47599029541027 ], [ 131.871655134467574, 72.998541978641015 ], [ 151.480422775743705, 73.288508306965866 ], [ 157.507845794184163, 76.655934524583927 ], [ 157.516583158351295, 89.999999999998522 ], [ 172.534622328323508, 89.999999999998522 ] ] ] } },
{ "type": "Feature", "properties": { "name": "+12", "zone": 12.0, "utc_format": "UTC+12:00", "time_zone": "UTC+12:00" }, "geometry": { "type": "MultiPolygon", "coordinates": [ [ [ [ 138.982287045923499, 65.770892095690783 ], [ 139.162670159583399, 65.745571967999524 ], [ 138.979161783707013, 65.770039751449872 ], [ 138.982287045923499, 65.770892095690783 ] ] ], [ [ [ 139.387409088980917, 65.770892095690783 ], [ 139.529812011104241, 65.758232031845182 ], [ 139.383462665849493, 65.770427810616582 ], [ 139.387409088980917, 65.770892095690783 ] ] ], [ [ [ 157.507845794184163, 76.655934524583927 ], [ 151.480422775743705, 73.288508306965866 ], [ 146.874300508295846, 72.998541978641015 ], [ 151.470904931720384, 73.288508306965866 ], [ 157.507845794184163, 76.655934524583927 ] ] ], [ [ [ 157.507845794184163, 76.655934524583927 ], [ 157.507065314327974, 86.117726586683318 ], [ 157.516583158351295, 86.121790775554643 ], [ 157.516583158351295, 79.90000115823176 ], [ 157.507845794184163, 76.655934524583927 ] ] ], [ [ [ 180.000000335276013, 89.999995508423581 ], [ 179.999673548913393, 59.501864467270536 ], [ 165.585683249668932, 50.029953187879812 ], [ 157.508239314328989, 49.982363967763035 ], [ 154.018742693330523, 47.688068320014054 ], [ 146.996950311469959, 54.449181292160574 ], [ 147.140920851835176, 59.848595282624728 ], [ 145.510012648703537, 60.463699856194978 ], [ 146.76761030495868, 61.403280748125781 ], [ 144.718639764585873, 62.081688951253511 ], [ 146.270289921672884, 64.055005204514373 ], [ 144.289996017028784, 65.087248648031277 ], [ 140.129379272460938, 65.634536743164176 ], [ 139.612091064453125, 66.24078369140625 ], [ 140.490371704101676, 66.548683166504134 ], [ 138.762283325195426, 67.515426635742188 ], [ 141.176756335318828, 67.757974961553657 ], [ 141.504989624023665, 69.148086547851676 ], [ 142.669479370117301, 69.215591430664347 ], [ 140.814086914062614, 69.993675231933594 ], [ 143.208190917968864, 72.000419616699219 ], [ 146.87441477019081, 72.57971977442611 ], [ 150.136310341940316, 72.289651399043748 ], [ 152.815331779929124, 71.041434910073519 ], [ 163.110785312751318, 70.680447839868521 ], [ 160.607130661340193, 70.557455406026065 ], [ 160.463132047465365, 69.941965682661817 ], [ 161.216176461601322, 69.826140496626977 ], [ 172.570787561690963, 70.184198514046102 ], [ 172.534622328323508, 89.999999999998522 ], [ 180.000000335276013, 89.999995508423581 ] ] ] ] } },
{ "type": "Feature", "properties": { "name": "+4", "zone": 4.0, "utc_format": "UTC+04:00", "time_zone": "UTC+04:00" }, "geometry": { "type": "Polygon", "coordinates": [ [ [ 52.510950024534338, 27.166376518494417 ], [ 54.606858627158545, 25.698162454712929 ], [ 56.658808781561277, 26.892449704461285 ], [ 58.105587576486869, 25.344883644647609 ], [ 66.297899682983086, 25.254091910113573 ], [ 67.513143292827408, 23.624154153563836 ], [ 67.511697248169526, -67.614386138705015 ], [ 59.584698506475092, -67.198853735588898 ], [ 55.412335270901394, -65.756642532955652 ], [ 52.521174414997688, -65.768056005894493 ], [ 52.520810476786551, -11.087114004126931 ], [ 50.199573632415934, -11.083440496929938 ], [ 49.432714756701046, -10.283601931833687 ], [ 45.515917089608593, -10.916541642634115 ], [ 44.848754192941783, -10.449797940290182 ], [ 44.851430089666621, -7.942091854588682 ], [ 52.520791025164385, -7.949755581142142 ], [ 52.520672216551873, 10.625828093715029 ], [ 55.861736219663442, 10.628564093717785 ], [ 55.861736219663442, 13.612655096496781 ], [ 52.52132821655249, 13.612655096496781 ], [ 52.52132821655249, 16.174683035138059 ], [ 53.174904619898825, 16.454560651177019 ], [ 51.978614949689756, 18.995637512245196 ], [ 54.978380167488353, 19.995421448181617 ], [ 55.637564738295794, 21.978969625179218 ], [ 55.186842895804261, 22.703576558753639 ], [ 52.55847619616344, 22.938575134647465 ], [ 51.578536010989751, 24.101837463313814 ], [ 52.52132821655249, 24.62851282703059 ], [ 52.510950024534338, 27.166376518494417 ] ] ] } },
{ "type": "Feature", "properties": { "name": "+6", "zone": 6.0, "utc_format": "UTC+06:00", "time_zone": "UTC+06:00" }, "geometry": { "type": "Polygon", "coordinates": [ [ [ 73.0, -8.0 ], [ 70.906073399622414, -8.0 ], [ 70.902831629916591, -2.779845775644731 ], [ 73.000116178968824, -3.060875883956783 ], [ 73.0, -8.0 ] ] ] } },
{ "type": "Feature", "properties": { "name": "+6", "zone": 6.0, "utc_format": "UTC+06:00", "time_zone": "UTC+06:00" }, "geometry": { "type": "Polygon", "coordinates": [ [ [ 90.051004571743476, 28.310566279957868 ], [ 91.637951294190259, 27.939742737169752 ], [ 92.072756795728708, 26.887765604847345 ], [ 88.851713094282786, 26.945436503270855 ], [ 90.051004571743476, 28.310566279957868 ] ] ] } },
{ "type": "Feature", "properties": { "name": "+5", "zone": 5.0, "utc_format": "UTC+05:00", "time_zone": "UTC+05:00" }, "geometry": { "type": "Polygon", "coordinates": [ [ [ 52.521052248944272, -46.963262454574703 ], [ 48.941809723804852, -46.963262454574703 ], [ 48.941809723804852, -44.972370265294956 ], [ 52.521039004334739, -44.972370265294956 ], [ 52.521052248944272, -46.963262454574703 ] ] ] } },
{ "type": "Feature", "properties": { "name": "+4", "zone": 4.0, "utc_format": "UTC+04:00", "time_zone": "UTC+04:00" }, "geometry": { "type": "Polygon", "coordinates": [ [ [ 67.536751230536481, 89.999999999998522 ], [ 67.537, 81.998 ], [ 70.050400651884559, 81.998406073729143 ], [ 70.029468673141707, 75.090853088568394 ], [ 65.039738943915552, 71.012456924575247 ], [ 64.527565545515074, 68.899438178168907 ], [ 66.10307661322986, 67.4798090684626 ], [ 59.654581333256033, 64.783074449311243 ], [ 59.348656854088176, 61.682178453205097 ], [ 51.889783969943721, 60.87581940372263 ], [ 53.702903273336403, 60.011065985750406 ], [ 53.205775994688679, 59.363999538807832 ], [ 53.876536085837131, 59.09280162214003 ], [ 54.371389601463989, 56.29925120708981 ], [ 53.631693149638238, 55.906691189184642 ], [ 54.229589471255167, 55.68605866151438 ], [ 53.146761509011242, 55.146556708387266 ], [ 53.384473097553894, 53.973760077523195 ], [ 52.203666619684611, 54.298649807342258 ], [ 51.41518761577521, 52.102711493531388 ], [ 48.568280477016515, 50.636548563762403 ], [ 48.862009318351966, 49.992918599939458 ], [ 47.305670206702189, 50.294863993718877 ], [ 46.478278849173989, 48.41056040485114 ], [ 50.016666666666595, 45.985 ], [ 49.000000000000114, 43.32 ], [ 50.943333333333328, 41.54 ], [ 51.555227607127108, 39.101244665819024 ], [ 48.607864624362776, 38.39597788524793 ], [ 47.957258341239083, 39.707344869012502 ], [ 45.459839722003096, 38.993124898681856 ], [ 42.819949178106754, 41.572347310828775 ], [ 41.534667419579137, 41.509785669283985 ], [ 41.243305399973224, 42.5819370709699 ], [ 36.619725313531433, 44.90817343823511 ], [ 38.31903527836954, 47.591308085269134 ], [ 39.759050740545661, 47.832947083110867 ], [ 40.130707641642005, 49.579817200353318 ], [ 35.611396931736238, 50.351708069010158 ], [ 33.804065389008372, 52.354609070499635 ], [ 31.764344930042228, 52.100567729077454 ], [ 31.247063842845876, 53.014387919668536 ], [ 32.71953210475948, 53.43947825148598 ], [ 30.770607137108186, 54.786011047634361 ], [ 30.91282067884606, 55.571596171468514 ], [ 28.289828328376473, 56.046605937233039 ], [ 27.628369995239495, 56.844154154882801 ], [ 27.410605509597644, 58.754864400673682 ], [ 28.186475463708689, 59.374929911390325 ], [ 26.335783333333325, 59.994633333333468 ], [ 31.569524780261304, 62.905928854035153 ], [ 29.980784545590154, 63.741536764007321 ], [ 30.558475382439383, 64.219698792025554 ], [ 29.051538940663363, 66.907803446962021 ], [ 30.009413289478005, 67.685843811322229 ], [ 28.410234415408127, 68.898534648302871 ], [ 31.941322336657663, 70.181367542574947 ], [ 37.539799120871578, 69.019429363938741 ], [ 37.536446692600919, 79.004890828273233 ], [ 35.567463436144692, 79.008002764904461 ], [ 35.568483975982929, 81.050843639720085 ], [ 37.537022362246034, 81.047732406196815 ], [ 37.536899202597169, 82.998500067873692 ], [ 52.499979282446247, 82.998500067873692 ], [ 52.502844481574357, 89.999999999998522 ], [ 67.536751230536481, 89.999999999998522 ] ], [ [ 39.962541215756289, 43.392644603879774 ], [ 39.967975461193191, 43.391614261399639 ], [ 39.968018619906616, 43.391785117590132 ], [ 39.962541215756289, 43.392644603879774 ] ] ] } },
{ "type": "Feature", "properties": { "name": "+6", "zone": 6.0, "utc_format": "UTC+06:00", "time_zone": "UTC+06:00" }, "geometry": { "type": "Polygon", "coordinates": [ [ [ 78.500000000000114, 81.3 ], [ 78.500000000000114, 80.5 ], [ 88.939611386398042, 80.5 ], [ 88.958197234831289, 77.879395370905797 ], [ 78.479422998145878, 74.033736845619842 ], [ 78.447439406247895, 72.347573961060164 ], [ 80.339106886724153, 71.889798285602694 ], [ 79.143210890625596, 71.415227769650357 ], [ 80.796443312507279, 70.434047349724437 ], [ 78.880177850259997, 69.876148586701447 ], [ 83.036306593766199, 68.671881008571575 ], [ 81.726412388031861, 67.91631989203205 ], [ 84.505984328147122, 65.495175686293294 ], [ 84.283362257833744, 64.908906561941876 ], [ 85.855669386746229, 64.763437405040406 ], [ 85.031843703149264, 63.586351630296122 ], [ 85.518325636744919, 62.932567247155475 ], [ 84.43570438023022, 62.177962144613275 ], [ 85.968220656277992, 61.47464590112088 ], [ 82.165352003919111, 60.526280015700479 ], [ 77.117598097648795, 60.855303860102822 ], [ 76.64548221223032, 59.585097154368611 ], [ 74.206251255189215, 58.133557847722216 ], [ 70.864646437467457, 58.534618638739289 ], [ 70.432011346319996, 57.383784491599329 ], [ 71.67327924997079, 56.837771308003312 ], [ 70.441157267381755, 55.283345032146997 ], [ 71.161268351378567, 54.101970113483503 ], [ 73.740645792795249, 54.057941793170926 ], [ 73.410950154773047, 53.430021464392325 ], [ 76.895905395672344, 54.463860168823544 ], [ 76.495206339681317, 53.992312724160115 ], [ 80.021296020684872, 50.766876526230703 ], [ 83.433955932807976, 50.992650858913805 ], [ 87.323685494542985, 49.085476130347672 ], [ 85.718674357444286, 48.358832295810316 ], [ 85.498646911536298, 47.05185024888749 ], [ 83.021474650263485, 47.205905253642925 ], [ 82.539746948135871, 45.123655090890679 ], [ 79.858205200652776, 44.90372019503036 ], [ 80.793445272267775, 43.149460347848844 ], [ 80.231205688908005, 42.033688659840891 ], [ 76.314228948729749, 40.343531563260399 ], [ 74.835359334571137, 40.511636861382101 ], [ 73.820744262620281, 39.468186340538409 ], [ 69.300348348115904, 39.515625305482445 ], [ 69.518009480929436, 40.125097147932934 ], [ 73.143369588365829, 40.83383941681592 ], [ 70.16654870619243, 41.520205790516684 ], [ 71.045771525206305, 42.290959778149897 ], [ 68.46174320463723, 40.584655660473857 ], [ 66.732959839081389, 41.158057352930769 ], [ 66.101267130729639, 42.990322774321669 ], [ 64.922941121395809, 43.719115498925646 ], [ 62.026115356387152, 43.480628764034634 ], [ 59.055134718670331, 45.323977972996317 ], [ 61.327140740652851, 47.73346914328647 ], [ 62.842087029883317, 47.183864447613189 ], [ 64.203554315044983, 47.878524888696745 ], [ 62.27757368352701, 49.186067816761806 ], [ 62.913090447852312, 49.897161363314069 ], [ 62.293903436131188, 51.039649766639116 ], [ 54.499442993239029, 50.523273824406715 ], [ 53.407313273182581, 51.484171244658 ], [ 50.744168334835479, 51.742372538644986 ], [ 52.157881300674035, 53.102572943730593 ], [ 52.207697381403307, 54.302887274790123 ], [ 53.470462680887579, 54.045745347705804 ], [ 53.146761509011242, 55.146556708387266 ], [ 54.371389601463989, 56.29925120708981 ], [ 53.876536085837131, 59.09280162214003 ], [ 53.205775994688679, 59.363999538807832 ], [ 53.702903273336403, 60.011065985750406 ], [ 51.774235467339054, 60.605603339268384 ], [ 59.348656854088176, 61.682178453205097 ], [ 59.674115024662285, 64.802143052826807 ], [ 66.10307661322986, 67.4798090684626 ], [ 64.527565545515074, 68.899438178168907 ], [ 65.039738943915552, 71.012456924575247 ], [ 70.029468673141707, 75.090853088568394 ], [ 70.050400651884559, 81.998406073729143 ], [ 82.551002778514544, 81.998406073729143 ], [ 82.527160244497566, 89.999999999998522 ], [ 97.523964258464616, 89.999999999998522 ], [ 97.501237314493608, 81.544385374869762 ], [ 78.500000000000114, 81.3 ] ], [ [ 71.244002319477943, 40.046755676578357 ], [ 71.009287964008195, 39.88573191355681 ], [ 71.208448934061096, 39.88878082306212 ], [ 71.244002319477943, 40.046755676578357 ] ], [ [ 71.665526977682703, 39.940198873192514 ], [ 71.757304321433082, 39.903095194806951 ], [ 71.785519653464405, 39.989704895328259 ], [ 71.665526977682703, 39.940198873192514 ] ], [ [ 70.698919311663303, 39.858446757306695 ], [ 70.581613810360636, 39.766566060691957 ], [ 70.704810424944583, 39.822066548973396 ], [ 70.698919311663303, 39.858446757306695 ] ] ] } },
{ "type": "Feature", "properties": { "name": "+9", "zone": 9.0, "utc_format": "UTC+09:00", "time_zone": "UTC+09:00" }, "geometry": { "type": "Polygon", "coordinates": [ [ [ 108.508136834753543, 64.24915355087154 ], [ 108.124904412877072, 63.579995429124153 ], [ 109.364725376423621, 63.354169420008589 ], [ 109.792399530071179, 61.32519765893278 ], [ 110.516696405074129, 61.091206773515239 ], [ 109.268193800902509, 59.461435451894147 ], [ 109.641917759237288, 59.061924953845676 ], [ 112.270594517060204, 59.500399481842067 ], [ 112.502621698050916, 58.87036041933959 ], [ 115.686303338688504, 60.526228339268243 ], [ 118.754643182450877, 59.407795315175122 ], [ 119.108109979327196, 58.222699693425568 ], [ 117.086114536610808, 57.810270087304161 ], [ 117.570839471508521, 56.851207180399342 ], [ 115.434122349104086, 56.689795844135688 ], [ 116.723345981921966, 54.565196845103742 ], [ 113.814479608212423, 53.649025377001124 ], [ 114.312847121235109, 52.971805731816119 ], [ 113.580592075659183, 52.454472968142113 ], [ 108.591542596472607, 51.506158759154005 ], [ 108.067026808710182, 50.753491522822799 ], [ 108.675775181108406, 50.494747626337414 ], [ 107.744806430318476, 49.967577729381787 ], [ 102.618749676922448, 50.399302063338553 ], [ 102.18482267496762, 51.323896789904836 ], [ 98.647054927710201, 52.262753404339207 ], [ 99.056642330055581, 53.103787339889493 ], [ 95.666668371708795, 54.24402781840962 ], [ 97.879039790988372, 56.4112340358663 ], [ 97.34945971286129, 57.04801687278291 ], [ 97.93495369072815, 57.811303615949953 ], [ 100.04343387248008, 58.078574123763644 ], [ 100.749768957666618, 57.403240668357228 ], [ 103.011038241025233, 59.317969897707712 ], [ 104.866003495443522, 58.71031850853177 ], [ 105.484363684248024, 60.22500641543877 ], [ 104.566486893879812, 60.548423366937527 ], [ 104.789935787109812, 61.348400377031794 ], [ 106.4082349407621, 62.034766750732558 ], [ 106.710852128263355, 63.986611436612804 ], [ 108.508136834753543, 64.24915355087154 ] ] ] } },
{ "type": "Feature", "properties": { "name": "+3.5", "zone": 3.5, "utc_format": "UTC+03:30", "time_zone": "UTC+03:30" }, "geometry": { "type": "Polygon", "coordinates": [ [ [ 44.014863321843734, 39.374083557636027 ], [ 46.532074015052672, 38.883002421534059 ], [ 47.971417684264964, 39.704554341891821 ], [ 48.659127644850685, 38.392644755115327 ], [ 51.555227607127108, 39.101244665819024 ], [ 53.662667486397709, 37.349117578551272 ], [ 57.185894002473731, 38.276476135772782 ], [ 61.165806111777897, 36.636317851096123 ], [ 60.562948852938007, 33.058267517296883 ], [ 60.821744425261784, 31.494667867462965 ], [ 61.826437622453341, 31.014955546066972 ], [ 60.844378703026905, 29.858178609658864 ], [ 62.761522664565121, 28.246442362686366 ], [ 63.163772013574885, 26.645093079004084 ], [ 61.832948852590448, 26.225377095763974 ], [ 61.43466332997275, 24.871962290812917 ], [ 57.25851255537799, 25.580849267057943 ], [ 56.658808781561277, 26.892449704461285 ], [ 54.439373545441583, 25.704585932035968 ], [ 51.40953637808957, 27.712832708451799 ], [ 49.972787344338997, 29.785898098762232 ], [ 48.679241928846238, 29.754086696969125 ], [ 47.410831746480312, 32.395284729101547 ], [ 45.380361368874958, 33.973560486020858 ], [ 46.327073608607463, 35.803500468244692 ], [ 45.320210001766384, 35.99408315053347 ], [ 44.202087036246724, 37.897171122408849 ], [ 44.014863321843734, 39.374083557636027 ] ] ] } },
{ "type": "Feature", "properties": { "name": "+4.5", "zone": 4.5, "utc_format": "UTC+04:30", "time_zone": "UTC+04:30" }, "geometry": { "type": "Polygon", "coordinates": [ [ [ 71.024584187996481, 38.441918233967272 ], [ 71.653021281231531, 36.687012431368998 ], [ 73.296331828160817, 37.464949442946192 ], [ 73.709226522181211, 37.217005920692714 ], [ 74.315597778469851, 37.426915588445127 ], [ 74.66038293464436, 37.393971862912338 ], [ 74.892306762851831, 37.231113586723495 ], [ 71.610439900440326, 36.45793080653101 ], [ 71.062618041871531, 34.054253235134183 ], [ 69.872613159555897, 34.017227071594561 ], [ 70.294447876281595, 33.318949279656124 ], [ 69.298849731141786, 31.937689921495974 ], [ 66.696993041873327, 31.195823059185841 ], [ 66.195628295942754, 29.83533762622676 ], [ 60.844378703026905, 29.858178609658864 ], [ 61.826437622453341, 31.014955546066972 ], [ 60.821744425261784, 31.494667867462965 ], [ 60.562948852938007, 33.058267517296883 ], [ 61.269675740661967, 35.618498840623147 ], [ 62.693619832351942, 35.248392232488868 ], [ 65.761442911899792, 37.578379211894401 ], [ 69.31207889837475, 37.11747711190111 ], [ 71.024584187996481, 38.441918233967272 ] ] ] } },
{ "type": "Feature", "properties": { "name": "+5.75", "zone": 5.75, "utc_format": "UTC+05:45", "time_zone": "UTC+05:45" }, "geometry": { "type": "Polygon", "coordinates": [ [ [ 81.757365763150517, 30.362902323527351 ], [ 85.962690470470534, 27.891373596614358 ], [ 88.156406697525199, 27.851272685208642 ], [ 88.044320516351377, 26.40567616817782 ], [ 80.036385538917443, 28.837026469275258 ], [ 81.757365763150517, 30.362902323527351 ] ] ] } },
{ "type": "Feature", "properties": { "name": "+8", "zone": 8.0, "utc_format": "UTC+08:00", "time_zone": "UTC+08:00" }, "geometry": { "type": "Polygon", "coordinates": [ [ [ 127.504461070956836, 90.0 ], [ 127.532951784402599, 80.0 ], [ 120.500951784402673, 78.0 ], [ 114.500951784402673, 78.0 ], [ 114.500951784402673, 75.000000000000114 ], [ 111.385595055775525, 74.427040153134612 ], [ 111.638845056011348, 73.935448152676827 ], [ 110.159220455099955, 73.399137681767627 ], [ 112.695809810578908, 71.217332872188422 ], [ 106.140551021490296, 69.416280015736049 ], [ 106.890996171232814, 68.859931545681718 ], [ 106.803352942065771, 67.348240871847509 ], [ 105.541104406904594, 67.023402818460852 ], [ 106.959105708993491, 65.50220368108495 ], [ 105.723625565759335, 64.582053127695815 ], [ 108.321089758478195, 64.039037177172929 ], [ 106.710852128263355, 63.986611436612804 ], [ 106.4082349407621, 62.034766750732558 ], [ 104.464064205077364, 60.844451809321583 ], [ 105.479506099612536, 60.249035956454577 ], [ 104.799754309245259, 59.690878811270068 ], [ 105.347937902997558, 59.091690578845657 ], [ 104.459103267577291, 58.602263088609448 ], [ 102.522787349600833, 59.186051744210658 ], [ 100.749768957666618, 57.403240668357228 ], [ 100.044385656882469, 58.078574123763644 ], [ 97.93495369072815, 57.811303615949953 ], [ 97.34945971286129, 57.04801687278291 ], [ 97.879039790988372, 56.4112340358663 ], [ 95.654059322229557, 54.281854966847391 ], [ 99.056642330055581, 53.103787339889493 ], [ 98.647054927710201, 52.262753404339207 ], [ 102.18482267496762, 51.323896789904836 ], [ 102.618749676922448, 50.399302063338553 ], [ 106.657469566261568, 50.327006734562246 ], [ 110.689006431810355, 49.134521383313768 ], [ 114.28723641177362, 50.276880595506668 ], [ 117.87471769465003, 49.513206278543294 ], [ 119.317161949418846, 50.092654114394122 ], [ 120.706741213616283, 51.979954936006322 ], [ 120.033914065140038, 52.760656636921965 ], [ 123.615245852366002, 53.563346659813249 ], [ 126.088996665683453, 52.775410258466536 ], [ 127.539605796789829, 49.789933573626172 ], [ 130.67528003182565, 48.870816549076267 ], [ 130.966631757338405, 47.703936869456186 ], [ 134.719684328742119, 48.263411764162981 ], [ 133.099731529293194, 45.107790426223744 ], [ 130.934385663146941, 44.841708476116366 ], [ 131.103987713800507, 42.910431010619845 ], [ 129.879751424768983, 42.996033020327332 ], [ 128.034592733047475, 41.993742777961472 ], [ 128.14619160367306, 41.376396220056847 ], [ 126.679481649308968, 41.735980733756605 ], [ 124.37024987070879, 40.098273016400412 ], [ 125.136224290594896, 39.310621732399738 ], [ 124.389856895336834, 37.885122153037457 ], [ 126.106443930361593, 37.498763779236469 ], [ 125.763601016125563, 36.06769415990891 ], [ 126.319764221139053, 36.014354899865964 ], [ 124.902334786862298, 33.96836540811023 ], [ 125.800047767455112, 34.419063505635449 ], [ 126.282288922145995, 33.003860918502539 ], [ 127.505550374927111, 33.91803225404567 ], [ 127.505688509972742, 26.80625685261964 ], [ 123.307924693372229, 26.32441576104469 ], [ 122.392113688345717, 24.413247965067796 ], [ 122.708636435287076, 23.566427105766991 ], [ 127.507942286389039, 23.548908105750797 ], [ 127.507942286389039, 3.439736087022538 ], [ 124.302398283403818, -1.202190917300584 ], [ 125.337794665817, -8.225669314433048 ], [ 123.891424264900365, -9.091034678011567 ], [ 124.310065552112064, -9.488722025442712 ], [ 124.834829955005148, -8.760631385738975 ], [ 127.506422849064506, -11.000620212450201 ], [ 127.506476532271677, -13.764458377971948 ], [ 129.001440966681116, -14.65785595842118 ], [ 129.001675186379089, -31.262212783529435 ], [ 127.508606310828213, -31.751855304634546 ], [ 127.508909070791674, -66.786918753734142 ], [ 125.925505071885027, -66.145346026252355 ], [ 116.106878061317502, -66.940752044445389 ], [ 112.500412272412404, -65.685467041334789 ], [ 112.501348056814891, -9.636481925155636 ], [ 114.700548783030513, -9.636481925155636 ], [ 114.496511939452148, -7.954338577392377 ], [ 116.321890060372994, -7.548672923211143 ], [ 116.321890060372994, -5.205226921028725 ], [ 113.686091000418401, -5.205226921028725 ], [ 115.806059240929812, -1.085256442879427 ], [ 114.977427649129709, 0.735200913898836 ], [ 113.77734586201575, 0.558570868325148 ], [ 114.200200069967082, 1.434501808393918 ], [ 110.554854413282385, 0.851370341135237 ], [ 109.776503990102128, 1.457948303377179 ], [ 109.906551487525746, 5.0110581721774 ], [ 104.814646242647939, 5.0110581721774 ], [ 105.015228085931255, 1.891685290874989 ], [ 103.527512256149862, 1.134975728283393 ], [ 101.125579619110908, 2.718117433729276 ], [ 99.448143634831354, 6.30415937252036 ], [ 100.274913414162654, 6.696259053745507 ], [ 101.123130373782942, 5.629890035020253 ], [ 102.074080080566091, 6.257603658214123 ], [ 112.504402164087082, 6.256084643286044 ], [ 112.500519923968, 21.391216227265886 ], [ 110.855509221236559, 21.14956359153507 ], [ 111.224116856090234, 19.679863833002742 ], [ 109.446560598423048, 17.979569452179248 ], [ 108.391247700904842, 19.125295287777988 ], [ 109.686438257472332, 20.23529120904891 ], [ 109.455982040377307, 21.240280665368061 ], [ 109.023359796849491, 20.82300509964972 ], [ 106.659898358796113, 21.962794902000383 ], [ 106.668424969675868, 22.867520040160628 ], [ 105.294607017388785, 23.36627512629417 ], [ 103.960476564588419, 22.507102763245541 ], [ 102.443669924233916, 22.765174865829522 ], [ 101.516698081765469, 22.245361633682762 ], [ 101.718856285006723, 21.13447336856683 ], [ 99.167332440853897, 22.132086894243969 ], [ 98.866678957523163, 24.145684916161599 ], [ 97.517407310355509, 23.942829081612786 ], [ 98.691185793567115, 25.865554097943232 ], [ 98.680230389509234, 27.577335917246444 ], [ 97.6714030786423, 28.511284078412757 ], [ 96.238932375319052, 28.405502421163703 ], [ 96.06271574108024, 29.45949493421773 ], [ 92.304805585073439, 27.786160380130639 ], [ 89.874566327153616, 28.300599263715128 ], [ 88.893282554471682, 27.315543111423267 ], [ 88.611439292779721, 28.105830790445452 ], [ 85.981212241890773, 27.885172424302539 ], [ 82.074163902155306, 30.337219136926763 ], [ 81.098719566322586, 30.016928609740319 ], [ 78.746046632946445, 31.308115946607529 ], [ 78.385758547219211, 32.547549336642874 ], [ 79.500935956107924, 32.746839498449901 ], [ 78.045210858718349, 35.491633199125999 ], [ 74.38352221916324, 37.126572164103322 ], [ 75.165076580875962, 37.400638122567045 ], [ 74.83383065032848, 38.46364817351315 ], [ 73.603208091804277, 39.235771586143414 ], [ 74.836311118973526, 40.511636861382101 ], [ 76.314463787924581, 40.343326721772428 ], [ 80.232157473310394, 42.033688659840891 ], [ 80.794397056670164, 43.149460347848844 ], [ 79.859156985055165, 44.90372019503036 ], [ 82.54069873253826, 45.123655090890679 ], [ 83.022426434665874, 47.205905253642925 ], [ 85.499587893174862, 47.051831970297485 ], [ 85.719626141846675, 48.358832295810316 ], [ 86.860435061271801, 49.105324198596918 ], [ 90.345752036899455, 47.658642476739146 ], [ 90.874195233516218, 45.18618357373424 ], [ 93.0533903832644, 45.00345570915033 ], [ 94.266960526651019, 46.864891669291637 ], [ 93.191780676386259, 48.088537909530771 ], [ 95.686925533167084, 49.307843329457683 ], [ 94.259621665821442, 50.557535299016308 ], [ 92.361856366334564, 50.868369039251888 ], [ 89.633651607281536, 49.908116766863941 ], [ 88.962891516135755, 51.433605048634149 ], [ 87.86249356742934, 51.549360256970317 ], [ 89.235639725597991, 52.804322414947535 ], [ 88.393727290886943, 55.267789618296433 ], [ 89.449993566954788, 55.861965237006132 ], [ 88.503694738626393, 56.589982815354688 ], [ 89.378370032156454, 57.916878567392075 ], [ 88.019073156506067, 58.242646796412714 ], [ 88.622447180498227, 59.293021959096222 ], [ 84.53225756464002, 59.974995835989148 ], [ 84.260542883381845, 60.855510565831935 ], [ 85.969172440680381, 61.47464590112088 ], [ 84.436656164632609, 62.177962144613275 ], [ 86.030874100836854, 64.274991767017582 ], [ 84.284314042236133, 64.908906561941876 ], [ 84.499288000570289, 65.503805650485958 ], [ 82.11824470629, 67.243802802185598 ], [ 81.726537349517628, 67.923812974714338 ], [ 83.037258378168588, 68.671881008571575 ], [ 78.881129634662386, 69.876148586701447 ], [ 80.797395096909725, 70.434047349724437 ], [ 79.144162675027985, 71.415227769650357 ], [ 80.340058671126542, 71.889798285602694 ], [ 78.448391190650341, 72.347573961060164 ], [ 78.480374782548267, 74.033736845619842 ], [ 88.959149019233678, 77.879395370905797 ], [ 88.940563170800431, 80.5 ], [ 78.500951784402503, 80.5 ], [ 78.500951784402503, 81.3 ], [ 112.506951784402418, 81.5 ], [ 112.500951784402673, 89.999999999999773 ], [ 127.504461070956836, 90.0 ] ] ] } },
{ "type": "Feature", "properties": { "name": "+9.5", "zone": 9.5, "utc_format": "UTC+09:30", "time_zone": "UTC+09:30" }, "geometry": { "type": "Polygon", "coordinates": [ [ [ 132.897275656941815, -10.768273402640602 ], [ 135.335430099079531, -11.892490860397686 ], [ 136.973585655147645, -10.949594186877391 ], [ 137.188623830962001, -12.381346220039688 ], [ 136.426640485557073, -13.5031888862448 ], [ 137.117999160620229, -13.480595771434423 ], [ 137.166527084242148, -14.296675903647213 ], [ 135.743416205724316, -14.634398061039803 ], [ 137.997034539949709, -16.267075696101756 ], [ 138.000186802319377, -25.999911390895647 ], [ 141.000107049727262, -25.999911390895647 ], [ 141.000107049727262, -31.440907763052451 ], [ 141.643000000000143, -31.975 ], [ 141.000107049727262, -31.974640780584252 ], [ 140.979431593119102, -38.241554713751214 ], [ 138.838485616285766, -35.735672546701267 ], [ 136.575794733938324, -36.182804875992645 ], [ 133.658455291048995, -32.473139183249771 ], [ 128.997118768429345, -31.871818607414298 ], [ 129.001440966681116, -14.65785595842118 ], [ 130.795171915887295, -12.144598030539612 ], [ 129.825138735791597, -11.854739992236489 ], [ 130.234123114994873, -11.027297768421249 ], [ 132.897275656941815, -10.768273402640602 ] ] ] } },
{ "type": "Feature", "properties": { "name": "+10.5", "zone": 10.5, "utc_format": "UTC+10:30", "time_zone": "UTC+10:30" }, "geometry": { "type": "Polygon", "coordinates": [ [ [ 159.5, -32.0 ], [ 158.5, -32.0 ], [ 158.5, -31.001 ], [ 159.5, -31.0 ], [ 159.5, -32.0 ] ] ] } },
{ "type": "Feature", "properties": { "name": "+11.5", "zone": 11.5, "utc_format": "UTC+11:30", "time_zone": "UTC+11:30" }, "geometry": { "type": "Polygon", "coordinates": [ [ [ 169.500000000000114, -30.0 ], [ 167.000000000000114, -30.0 ], [ 167.000000000000114, -28.0 ], [ 169.500000000000114, -28.0 ], [ 169.500000000000114, -30.0 ] ] ] } },
{ "type": "Feature", "properties": { "name": "-4.5", "zone": -4.5, "utc_format": "UTC-04:30", "time_zone": "UTC-04:30" }, "geometry": { "type": "Polygon", "coordinates": [ [ [ -70.961509230293188, 12.254584883450661 ], [ -62.315481036465656, 11.615354386206434 ], [ -61.730140094123328, 11.174930322042712 ], [ -62.083293095827287, 10.046322099359031 ], [ -59.815594848660396, 8.287763977160182 ], [ -61.204786540071041, 6.59582590725887 ], [ -60.977281047033898, 4.534969787316129 ], [ -62.88941239432279, 3.560817362706587 ], [ -64.805057739918368, 4.271885070641019 ], [ -63.37263871334153, 2.266839498075285 ], [ -65.519691122102643, 0.650865784025996 ], [ -67.855930949197045, 2.789753316431643 ], [ -67.449960897199276, 6.197943217252202 ], [ -71.993817912165412, 7.012854716306094 ], [ -73.391148641510256, 9.172774556314153 ], [ -72.499316773112696, 11.120795186497219 ], [ -70.961509230293188, 12.254584883450661 ] ] ] } },
{ "type": "Feature", "properties": { "name": "+9", "zone": 9.0, "utc_format": "UTC+09:00", "time_zone": "UTC+09:00" }, "geometry": { "type": "Polygon", "coordinates": [ [ [ 131.431758806093853, -31.753667097945993 ], [ 133.658455291048995, -32.473139183249771 ], [ 136.575794733938324, -36.182804875992645 ], [ 138.838485616285766, -35.735672546701267 ], [ 140.269437206523548, -38.045042994022083 ], [ 142.502258300353674, -38.601732167673106 ], [ 142.502258300353674, -66.772630533907488 ], [ 133.406431561169256, -65.924872620001963 ], [ 127.508909070791674, -66.786918753734142 ], [ 127.508908928556934, -32.386644813270379 ], [ 131.431758806093853, -31.753667097945993 ] ] ] } },
{ "type": "Feature", "properties": { "name": "+9", "zone": 9.0, "utc_format": "UTC+09:00", "time_zone": "UTC+09:00" }, "geometry": { "type": "Polygon", "coordinates": [ [ [ 141.108357737624715, 45.844747686664448 ], [ 144.556455935633608, 44.091657419776539 ], [ 145.454641104837378, 44.487239251766027 ], [ 145.913956087902307, 43.219627804367576 ], [ 143.349468145027458, 41.779753716609946 ], [ 142.514841464020378, 42.060507608279465 ], [ 142.51245939713715, 17.060689644734509 ], [ 135.997053257389439, 17.059856520865765 ], [ 135.997067132771122, 4.000005619534363 ], [ 142.511214888390782, 3.999556752061551 ], [ 142.510856654381882, 0.239886915374143 ], [ 140.974156981851934, -2.268939649143817 ], [ 140.977253417290058, -9.366474408280283 ], [ 142.058497182197129, -9.457194202073708 ], [ 142.095548297643404, -10.408116096641777 ], [ 141.182419162674705, -16.084270021069869 ], [ 140.118488056700244, -17.515313426579723 ], [ 139.852440683310647, -16.28034908405175 ], [ 138.311180934558479, -16.528815315695567 ], [ 135.743416205724316, -14.634398061039803 ], [ 137.166527084242148, -14.296675903647213 ], [ 137.117999160620229, -13.480595771434423 ], [ 136.426640485557073, -13.5031888862448 ], [ 137.188623830962001, -12.381346220039688 ], [ 136.887737217502377, -10.846989637900663 ], [ 135.335430099079531, -11.892490860397686 ], [ 132.897275656941815, -10.768273402640602 ], [ 130.295079952435117, -10.978352559556185 ], [ 129.825138735791597, -11.854739992236489 ], [ 130.795171915887295, -12.144598030539612 ], [ 129.059517051464695, -14.674026553554484 ], [ 127.506476532271677, -13.764458377971948 ], [ 127.506422849064506, -11.000620212450201 ], [ 124.834829955005148, -8.760631385738975 ], [ 124.310065552112064, -9.488722025442712 ], [ 123.891424264900365, -9.091034678011567 ], [ 125.337794665817, -8.225669314433048 ], [ 124.302398283403818, -1.202190917300584 ], [ 127.507942286389039, 3.439736087022538 ], [ 127.507942286389039, 23.548908105750797 ], [ 122.708636435287076, 23.566427105766991 ], [ 122.380760024788174, 24.150437686243095 ], [ 123.307924693372229, 26.32441576104469 ], [ 127.505688509972742, 26.80625685261964 ], [ 127.505550374927111, 33.91803225404567 ], [ 126.282288922145995, 33.003860918502539 ], [ 125.800047767455112, 34.419063505635449 ], [ 124.902334786862298, 33.96836540811023 ], [ 126.319764221139053, 36.014354899865964 ], [ 125.763601016125563, 36.06769415990891 ], [ 126.106443930361593, 37.498763779236469 ], [ 124.389856895336834, 37.885122153037457 ], [ 125.136224290594896, 39.310621732399738 ], [ 124.442322236477594, 39.307478761328071 ], [ 124.37024987070879, 40.098273016400412 ], [ 126.679481649308968, 41.735980733756605 ], [ 128.14611047405549, 41.376338603200679 ], [ 128.034592733047475, 41.993742777961472 ], [ 129.909206991151905, 43.008435364351612 ], [ 130.980455050183537, 42.296987273977663 ], [ 135.269637209174675, 43.367051973894206 ], [ 140.387956831962015, 48.398753251498306 ], [ 141.473820466993175, 51.6339848635929 ], [ 141.934556233433682, 48.061721385747546 ], [ 141.108357737624715, 45.844747686664448 ] ] ] } },
{ "type": "Feature", "properties": { "name": "+2", "zone": 2.0, "utc_format": "UTC+02:00", "time_zone": "UTC+02:00" }, "geometry": { "type": "Polygon", "coordinates": [ [ [ 37.536899202597169, 89.999999999998522 ], [ 37.537022362246034, 81.047732406196815 ], [ 35.568483975982929, 81.050843639720085 ], [ 35.567463436144692, 79.008002764904461 ], [ 37.536446692600919, 79.004890828273233 ], [ 37.539799120871578, 69.019429363938741 ], [ 28.403193856510825, 71.285771221451739 ], [ 22.544394781585027, 70.953956810870181 ], [ 22.546435157395933, 75.446833688253662 ], [ 34.755019296276885, 75.438536918503814 ], [ 34.75823603535855, 81.063122860299245 ], [ 22.546610188636237, 81.07142443740446 ], [ 22.546610188636237, 89.999999999998522 ], [ 37.536899202597169, 89.999999999998522 ] ] ] } },
{ "type": "Feature", "properties": { "name": "+2", "zone": 2.0, "utc_format": "UTC+02:00", "time_zone": "UTC+02:00" }, "geometry": { "type": "Polygon", "coordinates": [ [ [ 25.543742716659324, 5.375280252984908 ], [ 28.381502319308311, 4.275295715302093 ], [ 29.618532755853039, 4.641578267866237 ], [ 30.909306681467797, 3.496144307849647 ], [ 31.271455119084465, 2.102999369505653 ], [ 29.947298217742457, 0.824601948847203 ], [ 29.548459513339992, -1.002573343979293 ], [ 30.737534220504813, -1.406683044150441 ], [ 30.832205444178214, -3.172776794591016 ], [ 29.321031534715587, -4.836344502856491 ], [ 30.891891723333401, -8.479171244345537 ], [ 34.079810831474958, -9.511046244259262 ], [ 34.96461470540055, -11.573556009826007 ], [ 37.469681437211023, -11.719490254505615 ], [ 40.647614994080016, -10.331310272015742 ], [ 41.036582129666783, -14.72803412848458 ], [ 39.900129414243452, -16.607535036513582 ], [ 37.529491202590123, -17.769980830637508 ], [ 37.529491202590123, -69.480630293695071 ], [ 33.071994031094164, -68.470988752442793 ], [ 31.941417559095953, -68.875032601712746 ], [ 32.209849943310076, -69.851267225737956 ], [ 27.584681982940651, -70.535432574662821 ], [ 26.616519440306263, -69.860161324013859 ], [ 22.503818334935431, -70.186041122652171 ], [ 22.503828188596401, -34.173203959423404 ], [ 20.008885579265666, -34.943689124163029 ], [ 18.293366988020068, -34.383588774753889 ], [ 18.075937838924631, -31.795485412282687 ], [ 16.382974430808815, -28.765004827251914 ], [ 17.076404256385217, -28.026815287048009 ], [ 18.166466918782248, -28.901903991554434 ], [ 19.981653279559396, -28.422346699997604 ], [ 19.978345987681678, -22.000671488228249 ], [ 20.984796183275478, -21.963981221414087 ], [ 20.975081014159173, -18.319345804817544 ], [ 25.259780721011623, -17.794106546879959 ], [ 23.381652465692241, -17.64114430728182 ], [ 22.104004353619644, -16.536715596677254 ], [ 21.979877563563036, -13.001479186945517 ], [ 24.000632772052484, -13.001479186945517 ], [ 24.00373335760878, -10.982480977457669 ], [ 22.237639607767733, -11.249544779530652 ], [ 21.842418253575545, -7.369884948740776 ], [ 19.962792189217055, -7.001948750682459 ], [ 19.689837273851424, -6.190009453967434 ], [ 21.007121209403522, -2.488788343926615 ], [ 24.421538120224454, -1.78676401124153 ], [ 22.289936964616913, 1.505903225099644 ], [ 23.646908400169309, 2.194930935063439 ], [ 22.627590773212091, 3.365014553232299 ], [ 23.510017531028211, 3.821446641450279 ], [ 22.451532020414163, 4.146672019940866 ], [ 25.543742716659324, 5.375280252984908 ] ] ] } },
{ "type": "Feature", "properties": { "name": "+5", "zone": 5.0, "utc_format": "UTC+05:00", "time_zone": "UTC+05:00" }, "geometry": { "type": "Polygon", "coordinates": [ [ [ 74.692215616896988, 37.035880025864742 ], [ 76.166027466000344, 35.806239319294775 ], [ 76.537897840049766, 35.902326858739229 ], [ 76.91502567577038, 35.583152161086616 ], [ 77.383730916466504, 35.471996155221802 ], [ 77.77389455973838, 35.498929075276294 ], [ 77.800346313644752, 35.495405578903956 ], [ 77.815332479023425, 35.473339742424855 ], [ 75.777110636215014, 34.503812357497225 ], [ 73.919342895506645, 34.642537740277874 ], [ 74.0023352461738, 33.177691752271073 ], [ 75.348609659875365, 32.242012431094224 ], [ 71.874403117132715, 27.959689840120291 ], [ 70.341938517678443, 28.011469625262748 ], [ 69.534442586160537, 27.125580546082631 ], [ 71.082771850341089, 24.411508483771911 ], [ 68.747307169588282, 24.331177469806335 ], [ 67.961953870714126, 23.499873779011523 ], [ 70.70093836308024, 20.503644667639264 ], [ 72.371845458503344, 21.251095731415774 ], [ 73.101534087668028, 16.431129171311682 ], [ 76.360143201300389, 8.813009269806855 ], [ 77.528783205867967, 7.857689105381326 ], [ 78.511664366982984, 8.901230562025603 ], [ 79.695001289792458, 8.857359312315566 ], [ 80.370312315385831, 5.735910114970466 ], [ 82.104920508201872, 7.048244102884667 ], [ 80.031814067924415, 10.193330212693525 ], [ 80.313841326420686, 15.237986067058785 ], [ 82.505574396580641, 16.528535840289294 ], [ 82.507894474653426, -67.42845004574167 ], [ 74.883663156700152, -69.660564229117369 ], [ 71.073101041304142, -68.693857303370976 ], [ 69.887198593342703, -67.59378349187989 ], [ 67.511697248169526, -67.614386138705015 ], [ 67.513143292827408, 23.624154153563836 ], [ 66.297899682983086, 25.254091910113573 ], [ 61.567384031644792, 24.888376415208938 ], [ 61.832948852590448, 26.225377095763974 ], [ 63.319628132999298, 27.117312316974846 ], [ 60.844378703026905, 29.858178609658864 ], [ 66.195628295940992, 29.835337626222838 ], [ 66.696993041867984, 31.195823059182089 ], [ 69.29884973113235, 31.937689921499157 ], [ 70.294447876285119, 33.3189492796472 ], [ 69.872613159560899, 34.017227071598484 ], [ 71.062618041865846, 34.054253235133842 ], [ 71.610439900431288, 36.457930806525894 ], [ 74.692215616896988, 37.035880025864742 ] ], [ [ 71.502149773983433, 7.903436524472966 ], [ 74.002909445380567, 7.741782164244455 ], [ 74.000000000000114, 12.500000000000114 ], [ 71.500000000000114, 12.500000000000114 ], [ 71.502149773983433, 7.903436524472966 ] ], [ [ 70.902831629916591, -2.779845775644731 ], [ 70.906073399622414, -8.0 ], [ 73.0, -8.0 ], [ 73.000116178968824, -3.060875883956783 ], [ 70.902831629916591, -2.779845775644731 ] ] ] } },
{ "type": "Feature", "properties": { "name": "+12.75", "zone": 12.75, "utc_format": "UTC+12:45", "time_zone": "UTC+12:45" }, "geometry": { "type": "Polygon", "coordinates": [ [ [ -175.000036180703631, -45.000353692404119 ], [ -177.5, -45.0 ], [ -177.5, -43.0 ], [ -175.000036180703631, -43.000320733411677 ], [ -175.000036180703631, -45.000353692404119 ] ] ] } },
{ "type": "Feature", "properties": { "name": "+6", "zone": 6.0, "utc_format": "UTC+06:00", "time_zone": "UTC+06:00" }, "geometry": { "type": "Polygon", "coordinates": [ [ [ 88.506824585321112, 26.487634989249386 ], [ 89.653007853313852, 26.222689921461324 ], [ 89.819044230483541, 25.284969381161318 ], [ 92.483791137937317, 24.92822113053802 ], [ 91.136276489771262, 23.629514872527864 ], [ 91.586068156231192, 22.944466247898049 ], [ 92.259308715955058, 23.706486918618225 ], [ 92.155691949763025, 20.616966255114846 ], [ 94.225681295650531, 18.052718433560187 ], [ 94.066316115103405, 15.855224175122146 ], [ 95.440363860477987, 15.517970015186677 ], [ 97.068530561403804, 16.631770135323563 ], [ 97.485174497814853, 15.781917834078683 ], [ 97.519208602027959, 5.455028438167403 ], [ 94.805696249153243, 5.73644665672407 ], [ 97.456121296092931, 2.515215504000366 ], [ 95.483807322458858, 2.820526260378301 ], [ 97.518928205245231, 0.470198619643099 ], [ 97.513839258454993, -11.259500926667158 ], [ 96.214365809371657, -11.259500926667158 ], [ 96.214365809371657, -12.818996737536622 ], [ 97.513839258454993, -12.822424737539848 ], [ 97.513839258454993, -66.201265134291077 ], [ 85.011827163662019, -66.344732421281151 ], [ 82.507894474653426, -67.42845004574167 ], [ 82.505574396580641, 16.528535840289294 ], [ 86.942717790310326, 20.202091752447075 ], [ 87.223188963455129, 21.322521489070823 ], [ 89.274203855816779, 21.439418509555082 ], [ 88.737508178966095, 24.28709747315321 ], [ 88.021789591963625, 24.645602722178694 ], [ 88.982351115086999, 25.274892476903972 ], [ 88.087573690019155, 25.830982564672581 ], [ 88.506824585321112, 26.487634989249386 ] ], [ [ 92.003766915053404, 14.587816388602903 ], [ 92.398611111111165, 4.027777777777715 ], [ 94.632946940810314, 6.64157465871142 ], [ 94.647000125224338, 13.047778240577031 ], [ 94.636363546534881, 13.8 ], [ 92.003766915053404, 14.587816388602903 ] ] ] } },
{ "type": "Feature", "properties": { "name": "+9", "zone": 9.0, "utc_format": "UTC+09:00", "time_zone": "UTC+09:00" }, "geometry": { "type": "Polygon", "coordinates": [ [ [ 127.504461070956836, 90.0 ], [ 142.519409300369603, 89.999999999998522 ], [ 142.519409300369603, 79.998476467601279 ], [ 127.527595044488748, 79.998476467601279 ], [ 127.504461070956836, 90.0 ] ] ] } },
{ "type": "Feature", "properties": { "name": "+5.5", "zone": 5.5, "utc_format": "UTC+05:30", "time_zone": "UTC+05:30" }, "geometry": { "type": "Polygon", "coordinates": [ [ [ 74.000000000000114, 12.500000000000114 ], [ 74.002909445380567, 7.741782164244455 ], [ 71.502149773983433, 7.903436524472966 ], [ 71.500000000000114, 12.500000000000114 ], [ 74.000000000000114, 12.500000000000114 ] ] ] } },
{ "type": "Feature", "properties": { "name": "+7", "zone": 7.0, "utc_format": "UTC+07:00", "time_zone": "UTC+07:00" }, "geometry": { "type": "Polygon", "coordinates": [ [ [ 105.389515014880885, 23.275427958483988 ], [ 106.789842976928014, 22.79718841598276 ], [ 107.348155151651611, 21.599354553358296 ], [ 109.455982040377307, 21.240280665368061 ], [ 109.686438257472332, 20.23529120904891 ], [ 108.391247700904842, 19.125295287777988 ], [ 109.446560598423048, 17.979569452179248 ], [ 111.224116856090234, 19.679863833002742 ], [ 110.855509221236559, 21.14956359153507 ], [ 112.500519923968, 21.391216227265886 ], [ 112.503450379851984, 6.256084781898721 ], [ 102.073128296163702, 6.257603658214123 ], [ 101.122744952255175, 5.6300684709135 ], [ 100.274913414162654, 6.696259053745507 ], [ 99.447350164526938, 6.303956702996686 ], [ 101.124627834708519, 2.718117433729276 ], [ 103.527512256149862, 1.134975728283393 ], [ 105.015228085931255, 1.891685290874989 ], [ 104.814646242647939, 5.0110581721774 ], [ 109.906551487525746, 5.0110581721774 ], [ 109.775552205699739, 1.457948303377179 ], [ 110.553902628879996, 0.851370341135237 ], [ 114.199555388638601, 1.434056854893413 ], [ 113.776394077613304, 0.558570868325148 ], [ 114.976475864727377, 0.735200913898836 ], [ 115.805135436182468, -1.08555338011962 ], [ 113.685139216015955, -5.205226921028725 ], [ 116.320938275970434, -5.205226921028725 ], [ 116.320938275970434, -7.548672923211143 ], [ 114.495560155049702, -7.954338577392377 ], [ 114.699596998627953, -9.636481925155636 ], [ 112.500396272412331, -9.636481925155636 ], [ 112.500412272412404, -65.685467041334789 ], [ 109.368165687171881, -66.734918159455788 ], [ 103.409096606263802, -65.768273613814017 ], [ 103.806899046664228, -65.400518668221139 ], [ 102.99008487157846, -64.969866910863402 ], [ 102.360949937059615, -65.204577327579443 ], [ 102.90274491115872, -65.707972700317782 ], [ 100.723304627296443, -65.213016681823888 ], [ 99.720877944476968, -66.349666949303355 ], [ 97.513839258454993, -66.201265134291077 ], [ 97.518928205245231, 0.470198619643099 ], [ 95.483807322458858, 2.820526260378301 ], [ 97.456121296092931, 2.515215504000366 ], [ 94.805696249153243, 5.73644665672407 ], [ 97.519208602027959, 5.455028438167403 ], [ 97.519443100007436, 9.623879843706106 ], [ 98.203457869397766, 9.533082441493605 ], [ 99.630021606901948, 11.815765686485179 ], [ 98.160447224917505, 15.106365865120267 ], [ 98.902520792746827, 16.381636861188781 ], [ 97.351401001395857, 18.551168518265456 ], [ 97.839846639295217, 19.55531911244509 ], [ 100.099295288343399, 20.317804870835516 ], [ 101.159023885253362, 21.552690735098508 ], [ 101.767690513513742, 21.150648091687174 ], [ 101.714102053266856, 22.491548156917418 ], [ 105.389515014880885, 23.275427958483988 ] ] ] } },
{ "type": "Feature", "properties": { "name": "+5.5", "zone": 5.5, "utc_format": "UTC+05:30", "time_zone": "UTC+05:30" }, "geometry": { "type": "Polygon", "coordinates": [ [ [ 94.43182490064811, 6.316211100191083 ], [ 91.987855452856877, 4.017322933217145 ], [ 92.003766915053404, 14.587816388602903 ], [ 94.636363546534881, 13.8 ], [ 94.43182490064811, 6.316211100191083 ] ] ] } },
{ "type": "Feature", "properties": { "name": "+5.5", "zone": 5.5, "utc_format": "UTC+05:30", "time_zone": "UTC+05:30" }, "geometry": { "type": "Polygon", "coordinates": [ [ [ 77.85708703587801, 35.436597798879461 ], [ 79.499984171705535, 32.746839498449901 ], [ 78.384806762816822, 32.547549336642874 ], [ 78.745094848544056, 31.308115946607529 ], [ 81.003303263185614, 30.212730611826487 ], [ 80.036385538917443, 28.837026469275258 ], [ 82.752137085129277, 27.494963684185791 ], [ 87.975487508245919, 26.366557108785116 ], [ 88.610487508377332, 28.105830790445452 ], [ 89.096504354297792, 26.821413066026253 ], [ 91.878660116036258, 26.803016255913633 ], [ 91.632887003880853, 27.759443664792286 ], [ 96.04272389924455, 29.461081606053995 ], [ 96.237980590916663, 28.405502421163703 ], [ 97.362253052042377, 27.994881490202715 ], [ 97.119167114323375, 27.087288309863084 ], [ 95.122803182035398, 26.611606750529859 ], [ 94.131855916622101, 23.856968689501457 ], [ 93.309683878793521, 24.063984476678172 ], [ 92.877462199351442, 21.957007141535541 ], [ 92.259308715955058, 23.706486918618225 ], [ 91.586068156231192, 22.944466247898049 ], [ 91.136276489771262, 23.629514872527864 ], [ 92.483791137937317, 24.92822113053802 ], [ 89.819044230483541, 25.284969381161318 ], [ 89.653007853313852, 26.222689921461324 ], [ 88.372517537545946, 26.611606750529859 ], [ 88.087573690019155, 25.830982564672581 ], [ 88.984934936583841, 25.284969381161318 ], [ 88.021789591963625, 24.645602722178694 ], [ 88.737508178966095, 24.28709747315321 ], [ 89.274203855816779, 21.439418509555082 ], [ 87.223188963455129, 21.322521489070823 ], [ 86.534432369432807, 19.822199559771548 ], [ 80.313841326420686, 15.237986067058785 ], [ 80.031814067924415, 10.193330212693525 ], [ 82.104920508201872, 7.048244102884667 ], [ 80.571204353117082, 5.717800875967555 ], [ 79.654296700394355, 6.794202090385227 ], [ 79.695001289792458, 8.857359312315566 ], [ 78.511664366982984, 8.901230562025603 ], [ 77.528783205867967, 7.857689105381326 ], [ 76.360143201300389, 8.813009269806855 ], [ 73.101534087668028, 16.431129171311682 ], [ 72.371845458503344, 21.251095731415774 ], [ 70.70093836308024, 20.503644667639264 ], [ 67.961953870714126, 23.499873779011523 ], [ 68.747307169588282, 24.331177469806335 ], [ 71.082771850341089, 24.411508483771911 ], [ 69.534442586160537, 27.125580546082631 ], [ 70.341938517678443, 28.011469625262748 ], [ 71.874403117132715, 27.959689840120291 ], [ 75.348609659875365, 32.242012431094224 ], [ 74.0023352461738, 33.177691752271073 ], [ 73.919342895506645, 34.642537740277874 ], [ 75.777110636215014, 34.503812357497225 ], [ 77.85708703587801, 35.436597798879461 ] ] ] } },
{ "type": "Feature", "properties": { "name": "+5", "zone": 5.0, "utc_format": "UTC+05:00", "time_zone": "UTC+05:00" }, "geometry": { "type": "Polygon", "coordinates": [ [ [ 70.498724812964497, 39.881907857567285 ], [ 70.581613810360636, 39.766566060691957 ], [ 70.483738647599864, 39.882217916161039 ], [ 70.498724812964497, 39.881907857567285 ] ] ] } },
{ "type": "Feature", "properties": { "name": "+5", "zone": 5.0, "utc_format": "UTC+05:00", "time_zone": "UTC+05:00" }, "geometry": { "type": "Polygon", "coordinates": [ [ [ 71.785519653464405, 39.989704895328259 ], [ 71.696842895651514, 39.913843892723776 ], [ 71.665526977682703, 39.940198873192514 ], [ 71.785519653464405, 39.989704895328259 ] ] ] } },
{ "type": "Feature", "properties": { "name": "+5", "zone": 5.0, "utc_format": "UTC+05:00", "time_zone": "UTC+05:00" }, "geometry": { "type": "Polygon", "coordinates": [ [ [ 70.977145223122761, 40.144579162907007 ], [ 71.208448934061096, 39.88878082306212 ], [ 71.009287964008195, 39.88573191355681 ], [ 70.977145223122761, 40.144579162907007 ] ] ] } },
{ "type": "Feature", "properties": { "name": "+5", "zone": 5.0, "utc_format": "UTC+05:00", "time_zone": "UTC+05:00" }, "geometry": { "type": "Polygon", "coordinates": [ [ [ 52.352132202214932, 51.730202738799619 ], [ 54.499442993239029, 50.523273824406715 ], [ 62.293903436131188, 51.039649766639116 ], [ 62.913090447852312, 49.897161363314069 ], [ 62.27757368352701, 49.186067816761806 ], [ 64.203554315044983, 47.878524888696745 ], [ 62.842087029883317, 47.183864447613189 ], [ 61.327140740652851, 47.73346914328647 ], [ 59.055134718670331, 45.323977972996317 ], [ 62.026115356387152, 43.480628764034634 ], [ 64.922941121395809, 43.719115498925646 ], [ 66.101267130729639, 42.990322774321669 ], [ 66.732959839081389, 41.158057352930769 ], [ 68.46174320463723, 40.584655660473857 ], [ 69.044446655562126, 41.379180807027126 ], [ 71.253200724425881, 42.197554626782278 ], [ 70.16654870619243, 41.520205790516684 ], [ 73.148640584459486, 40.813685608222045 ], [ 69.518009480929436, 40.125097147932934 ], [ 69.300348348115904, 39.515625305482445 ], [ 73.604323364409197, 39.459608052878082 ], [ 75.164124796473516, 37.400638122567045 ], [ 71.653021281231531, 36.687012431368998 ], [ 70.974044637182601, 38.473673401048359 ], [ 69.265776814721164, 37.105410665214492 ], [ 65.761442911899792, 37.578379211894401 ], [ 62.286202840358783, 35.14064687121396 ], [ 61.24538781771804, 35.649297994333949 ], [ 61.165806111777897, 36.636317851096123 ], [ 57.185894002473731, 38.276476135772782 ], [ 53.662667486397709, 37.349117578551272 ], [ 51.555227607127108, 39.101244665819024 ], [ 50.943333333333328, 41.54 ], [ 49.000000000000114, 43.32 ], [ 50.016666666666595, 45.985 ], [ 46.478278849173989, 48.41056040485114 ], [ 47.511497436841751, 50.436922505934717 ], [ 48.429890991122193, 49.809673970893357 ], [ 49.436547892339433, 51.112333475907633 ], [ 52.352132202214932, 51.730202738799619 ] ] ] } },
{ "type": "Feature", "properties": { "name": "+5", "zone": 5.0, "utc_format": "UTC+05:00", "time_zone": "UTC+05:00" }, "geometry": { "type": "Polygon", "coordinates": [ [ [ 82.551002778514544, 81.998406073729143 ], [ 67.537, 81.998 ], [ 67.536751230536481, 89.999999999998522 ], [ 82.527160244497566, 89.999999999998522 ], [ 82.551002778514544, 81.998406073729143 ] ] ] } },
{ "type": "Feature", "properties": { "name": "+3", "zone": 3.0, "utc_format": "UTC+03:00", "time_zone": "UTC+03:00" }, "geometry": { "type": "Polygon", "coordinates": [ [ [ 24.045384562127765, 53.930869446165218 ], [ 25.763057495077305, 54.156437073119207 ], [ 26.615615275028517, 55.687971496953367 ], [ 28.110976196258548, 56.156805928921585 ], [ 30.886155639574667, 55.600483297084338 ], [ 30.770607137103241, 54.786011047640045 ], [ 32.717465047305552, 53.334936829179753 ], [ 31.378528686724678, 53.182026265717866 ], [ 31.764344929997094, 52.100567729035504 ], [ 30.550672241190114, 51.236796163276836 ], [ 25.767915079712623, 51.928511047719667 ], [ 23.615436645459283, 51.513110046741531 ], [ 23.165644978897262, 52.289393412574668 ], [ 24.045384562127765, 53.930869446165218 ] ] ] } },
{ "type": "Feature", "properties": { "name": "+3", "zone": 3.0, "utc_format": "UTC+03:00", "time_zone": "UTC+03:00" }, "geometry": { "type": "Polygon", "coordinates": [ [ [ 19.385261901871957, 54.624208184772385 ], [ 22.541083618111315, 55.075760803591663 ], [ 22.767219685820351, 54.35626983679191 ], [ 19.385261901871957, 54.624208184772385 ] ] ] } },
{ "type": "Feature", "properties": { "name": "+2", "zone": 2.0, "utc_format": "UTC+02:00", "time_zone": "UTC+02:00" }, "geometry": { "type": "Polygon", "coordinates": [ [ [ 27.897294148377341, 70.070685323762405 ], [ 29.344544311824905, 69.464391582017754 ], [ 28.447441446881328, 68.514888814440496 ], [ 30.009413289478005, 67.685843811322229 ], [ 29.051538940663363, 66.907803446962021 ], [ 30.558475382439383, 64.219698792025554 ], [ 29.980784545590154, 63.741536764007321 ], [ 31.569524780261304, 62.905928854035153 ], [ 26.335783333333325, 59.994633333333468 ], [ 28.186475463708689, 59.374929911390325 ], [ 27.328026570313511, 57.583152974899349 ], [ 28.169112182246465, 56.161741028506412 ], [ 24.37787072749353, 53.886841125852584 ], [ 20.650773021240354, 55.427035751030758 ], [ 19.385261901871957, 54.624208184772385 ], [ 18.944663628838498, 55.890999708544257 ], [ 20.4817, 58.844616666666639 ], [ 19.082209464818789, 60.19077740492105 ], [ 19.525, 62.700000000000159 ], [ 24.197623331659486, 65.616151021732833 ], [ 23.662152140440128, 67.950427144670925 ], [ 20.623164509596222, 69.036355692763152 ], [ 24.905177042213552, 68.556953430408043 ], [ 26.005109903992491, 69.689339091138891 ], [ 27.897294148377341, 70.070685323762405 ] ], [ [ 24.238757771821099, 65.822391662844325 ], [ 24.239520868180705, 65.821359925464662 ], [ 24.240806461385432, 65.821700296990116 ], [ 24.238757771821099, 65.822391662844325 ] ] ] } },
{ "type": "Feature", "properties": { "name": "+2", "zone": 2.0, "utc_format": "UTC+02:00", "time_zone": "UTC+02:00" }, "geometry": { "type": "Polygon", "coordinates": [ [ [ 33.196505574522291, 52.368949280130948 ], [ 35.611396931736238, 50.351708069010158 ], [ 40.130707641642005, 49.579817200353318 ], [ 39.759050740545661, 47.832947083110867 ], [ 38.31903527836954, 47.591308085269134 ], [ 36.596444413517588, 44.905524072943365 ], [ 41.243305399973224, 42.5819370709699 ], [ 41.534667419579137, 41.509785669283985 ], [ 42.819949178106754, 41.572347310828775 ], [ 43.665427286709985, 40.110162658777199 ], [ 44.32564538553811, 40.034663391605591 ], [ 44.522170857809328, 39.933532613290708 ], [ 44.69203129081825, 39.793024393852988 ], [ 44.809646850726722, 39.636961568728339 ], [ 44.014863321843734, 39.374083557636027 ], [ 44.766135294659421, 37.141920064636736 ], [ 42.771580037570573, 37.374903259949235 ], [ 41.385411417943374, 36.516376851420716 ], [ 40.988019653501965, 34.42851979607417 ], [ 38.774511352551258, 33.371685079220981 ], [ 39.266470987777552, 32.212866923150273 ], [ 36.959531697419038, 31.490998840541749 ], [ 37.981381469781127, 30.498811340786006 ], [ 34.778481462122386, 29.097405009919896 ], [ 34.454274746111139, 27.871634369409207 ], [ 35.189495223159383, 27.888457679661144 ], [ 37.162474587815552, 25.13305442931761 ], [ 37.514065202575864, 21.958817373529371 ], [ 24.981244750851317, 21.996409022673106 ], [ 24.980521280453104, 20.003119838234568 ], [ 23.980114865156509, 19.496712492558061 ], [ 15.985101359046098, 23.4447199507037 ], [ 14.216217081439936, 22.616295064432563 ], [ 10.260334513239854, 24.576640523504636 ], [ 9.377804402708193, 26.168946431678364 ], [ 9.935909871145213, 27.866723938042298 ], [ 9.286543822963495, 30.117129211512406 ], [ 11.54635420710008, 32.434274597285935 ], [ 11.598476000379719, 33.3785076801733 ], [ 15.275244199879921, 32.583775362483664 ], [ 15.866299682775718, 31.580152549817285 ], [ 19.129616959334101, 30.475710459614277 ], [ 20.172513572266041, 32.57067538204933 ], [ 22.435484477602813, 33.066777866663813 ], [ 22.441187855030364, 36.192228696921745 ], [ 20.398557849305291, 37.718807608181237 ], [ 20.447193509580075, 38.958146567887411 ], [ 19.368171498823131, 39.77539063262418 ], [ 22.940852498533729, 41.349828593455925 ], [ 22.345055452313204, 42.313406672399026 ], [ 22.765421507465533, 44.582845885285963 ], [ 21.395933878352764, 44.790238749426237 ], [ 20.242825968362411, 46.108091125821375 ], [ 22.877600545195776, 47.94673858676623 ], [ 22.138730916407837, 48.569594624966953 ], [ 24.107706339750052, 50.540843811370223 ], [ 23.594352661084201, 51.604964905140264 ], [ 30.539613484679592, 51.235168355659596 ], [ 30.93442142738968, 52.069716898957211 ], [ 33.196505574522291, 52.368949280130948 ] ] ] } },
{ "type": "Feature", "properties": { "name": "0", "zone": 0.0, "utc_format": "UTC±00:00", "time_zone": "UTC±00:00" }, "geometry": { "type": "Polygon", "coordinates": [ [ [ -8.20401647947989, 42.06955210425474 ], [ -6.205947224958834, 41.570280253375756 ], [ -7.557285929563648, 39.679801331148667 ], [ -6.97329056819018, 39.013950500773944 ], [ -7.357319341415803, 36.95766609642925 ], [ -4.555563343441804, 35.396755583515016 ], [ -2.216911723348289, 35.319206409410015 ], [ -1.031999471116194, 32.494400126684923 ], [ -3.832319498990671, 31.687007548153815 ], [ -3.646336018930072, 30.959920145845842 ], [ -8.648847208633015, 28.725947977867861 ], [ -8.6823852133939, 27.285415751397124 ], [ 3.198801717103379, 19.820522562704468 ], [ 3.284894653191486, 18.995740865026107 ], [ 4.228609659535039, 19.142243550447745 ], [ 3.8461007078335, 15.685296936340535 ], [ 0.213195840997344, 14.985417175756311 ], [ 2.390168904197537, 11.896535950081898 ], [ 0.78127486164351, 10.693043518137642 ], [ 1.56603316237539, 6.678146464315205 ], [ 1.861794645115936, 6.06418739971906 ], [ 4.394730177282725, 6.123128297459687 ], [ 5.843001976749122, 4.163028877006639 ], [ 7.538673174659152, 4.248555064195727 ], [ 7.538673174659152, -0.68549991681931 ], [ 2.656309170112024, -0.670708916805552 ], [ 2.656309170112024, -3.957506224884696 ], [ 7.538673174696612, -3.957506224884696 ], [ 7.538682174659016, -53.698862006163722 ], [ 2.5, -53.698862006163722 ], [ 2.5, -55.198862006163779 ], [ 7.538682174659016, -55.198862006163779 ], [ 7.538682174659016, -69.966954790009595 ], [ 2.074092243703262, -70.388102363281462 ], [ 0.741502831208265, -69.861951072528313 ], [ 0.327717210738058, -70.202388866753267 ], [ 1.449924568244512, -70.836283236800568 ], [ -0.255426611003088, -71.208631253802821 ], [ -1.889774561861202, -71.202708002334589 ], [ -1.464237500547483, -70.771432337299416 ], [ -2.694719587771488, -70.079488851091014 ], [ -4.306177981588633, -71.113248929620795 ], [ -5.691341560174749, -70.222174069190544 ], [ -7.528220972802558, -70.574295430455436 ], [ -7.517317839362988, -41.713626955029781 ], [ -14.640872845997308, -41.713626955029781 ], [ -14.640872845997308, -35.658973949390997 ], [ -7.515036839360846, -35.658973949390997 ], [ -7.506172839352644, -9.363181924901085 ], [ -16.14349984739664, -9.363181924901085 ], [ -16.187690847437864, -5.82760892160826 ], [ -7.506172839352644, -5.82760892160826 ], [ -7.506172839352644, 4.138069572483005 ], [ -13.079544290165813, 7.40574230397732 ], [ -13.944815922945963, 9.685732558068537 ], [ -16.356826094023347, 10.903077770192226 ], [ -17.013572500136718, 12.410060198441215 ], [ -17.736463498624914, 14.837730758704652 ], [ -16.252975667643, 18.062040835049856 ], [ -17.17956253249929, 21.856266555331672 ], [ -13.682954932250766, 27.050901046972797 ], [ -18.533853643275734, 27.053092663483824 ], [ -18.559307351760935, 32.978711840736651 ], [ -8.20401647947989, 42.06955210425474 ] ] ] } },
{ "type": "Feature", "properties": { "name": "0", "zone": 0.0, "utc_format": "UTC±00:00", "time_zone": "UTC±00:00" }, "geometry": { "type": "Polygon", "coordinates": [ [ [ -22.730351130677207, 79.639452528544041 ], [ -17.384281197144048, 79.549818340153536 ], [ -18.209407716537726, 79.459317081030804 ], [ -16.332198852539534, 79.112040052779605 ], [ -17.926863187838194, 78.292913175146168 ], [ -16.665334782594869, 77.787655412937738 ], [ -17.79909167448011, 77.41232622157321 ], [ -17.84682516842372, 75.813558870981353 ], [ -22.920703174599396, 75.95138167755141 ], [ -22.730351130677207, 79.639452528544041 ] ] ] } },
{ "type": "Feature", "properties": { "name": "0", "zone": 0.0, "utc_format": "UTC±00:00", "time_zone": "UTC±00:00" }, "geometry": { "type": "Polygon", "coordinates": [ [ [ 7.516743446006558, 90.000205823663862 ], [ 7.516627174638757, 63.584681130945853 ], [ 4.730441902123175, 62.321717979276173 ], [ 4.207381690835405, 61.023778989517211 ], [ 5.250747113441093, 58.478506455058266 ], [ 7.499045174622154, 57.80392623877168 ], [ 7.499045174622154, 53.977295567714464 ], [ 4.729044289291323, 53.436437455124803 ], [ 4.063577679822856, 52.27367686169066 ], [ 0.77613870000016, 50.388555199999928 ], [ -5.416123300928234, 49.212718819735358 ], [ -4.968460656630043, 47.908441446721554 ], [ -1.549540364197071, 45.77877909144172 ], [ -2.090269351333063, 43.550232994952239 ], [ -7.860098059754421, 43.996756292780788 ], [ -7.860098059754421, 51.640851081593837 ], [ -9.819543355259611, 51.233762768976305 ], [ -10.742783067374774, 51.813281220274291 ], [ -9.823530985424156, 52.902905491278773 ], [ -10.423958305239978, 54.346149823750977 ], [ -7.516298449496162, 55.582931822354396 ], [ -7.822400425734145, 57.44400724730076 ], [ -9.003594336414267, 57.804231941739147 ], [ -7.515952436092789, 58.198742649059852 ], [ -7.515466993992163, 61.868614078212488 ], [ -8.089522215344573, 62.082939267375309 ], [ -7.515288260067621, 63.219816462163521 ], [ -20.460195365508639, 63.209046820926574 ], [ -22.995546065834787, 63.652516139587419 ], [ -22.593074152923066, 64.331429609661711 ], [ -25.044443803278909, 65.494729247276894 ], [ -23.012267820209047, 66.672277525277309 ], [ -20.92480853316539, 66.139970619224641 ], [ -7.512952517168969, 66.761413242063611 ], [ -7.511745839357786, 89.99999999999892 ], [ 7.516743446006558, 90.000205823663862 ] ] ] } },
{ "type": "Feature", "properties": { "name": "+8.75", "zone": 8.75, "utc_format": "UTC+08:45", "time_zone": "UTC+08:45" }, "geometry": { "type": "Polygon", "coordinates": [ [ [ 127.747264142758922, -32.311999116919651 ], [ 127.50887343115653, -31.751855304634546 ], [ 129.001675186379089, -31.262212783529435 ], [ 128.997385888757663, -31.871818607414298 ], [ 127.747264142758922, -32.311999116919651 ] ] ] } },
{ "type": "Feature", "properties": { "name": "+3", "zone": 3.0, "utc_format": "UTC+03:00", "time_zone": "UTC+03:00" }, "geometry": { "type": "Polygon", "coordinates": [ [ [ 52.499979282446247, 82.998500067873692 ], [ 37.536899202597169, 82.998500067873692 ], [ 37.536899202597169, 89.999999999998522 ], [ 52.502844481574357, 89.999999999998522 ], [ 52.499979282446247, 82.998500067873692 ] ] ] } },
{ "type": "Feature", "properties": { "name": "+7", "zone": 7.0, "utc_format": "UTC+07:00", "time_zone": "UTC+07:00" }, "geometry": { "type": "Polygon", "coordinates": [ [ [ 112.500000000000114, 90.0 ], [ 112.505999998012612, 81.500002815465791 ], [ 97.501237314493608, 81.544385374869762 ], [ 97.523964258464616, 89.999999999998522 ], [ 112.500000000000114, 90.0 ] ] ] } },
{ "type": "Feature", "properties": { "name": "+1", "zone": 1.0, "utc_format": "UTC+01:00", "time_zone": "UTC+01:00" }, "geometry": { "type": "Polygon", "coordinates": [ [ [ 7.516743446006558, 90.000205823663862 ], [ 22.546610188636237, 89.999999999998522 ], [ 22.546610188636237, 81.07142443740446 ], [ 34.75823603535855, 81.063122860299245 ], [ 34.755019296276885, 75.438536918503814 ], [ 22.546435157395933, 75.446833688253662 ], [ 22.544394781585027, 70.953956810870181 ], [ 28.403193856510825, 71.285771221451739 ], [ 31.745508439965704, 70.165866466243983 ], [ 28.954077189235761, 69.027260640648706 ], [ 29.131223998725034, 69.674197896810711 ], [ 26.500686889430654, 69.918317362494292 ], [ 24.905177042213552, 68.556953430408043 ], [ 20.623164509596222, 69.036355692763152 ], [ 23.662152140440128, 67.950427144670925 ], [ 24.198036743117768, 65.646691793217201 ], [ 19.525, 62.700000000000159 ], [ 19.082209464818789, 60.19077740492105 ], [ 20.4817, 58.844616666666639 ], [ 18.944663628838498, 55.890999708544257 ], [ 19.315, 54.67 ], [ 22.962659952607737, 54.381694641125591 ], [ 23.893662557092284, 53.151950582393226 ], [ 23.165644978903629, 52.289393412571428 ], [ 24.107706339750052, 50.540843811370223 ], [ 22.138730916407837, 48.569594624966953 ], [ 22.877600545195776, 47.94673858676623 ], [ 20.242825968362411, 46.108091125821375 ], [ 21.395933878352764, 44.790238749426237 ], [ 22.765421507465533, 44.582845885285963 ], [ 22.345055452313204, 42.313406672399026 ], [ 22.940852498533729, 41.349828593455925 ], [ 19.368171498823131, 39.77539063262418 ], [ 20.447193509580075, 38.958146567887411 ], [ 20.398557849305291, 37.718807608181237 ], [ 22.441187855030364, 36.192228696921745 ], [ 22.435484477602813, 33.066777866663813 ], [ 20.172513572266041, 32.57067538204933 ], [ 19.129616959334101, 30.475710459614277 ], [ 15.866299682775718, 31.580152549817285 ], [ 15.275244199879921, 32.583775362483664 ], [ 11.598476000379719, 33.3785076801733 ], [ 11.54635420710008, 32.434274597285935 ], [ 9.286543822963495, 30.117129211512406 ], [ 9.935909871145213, 27.866723938042298 ], [ 9.377804402708193, 26.168946431678364 ], [ 10.391799357175842, 24.479979756840748 ], [ 14.216217081439936, 22.616295064432563 ], [ 15.985101359046098, 23.4447199507037 ], [ 23.980313368350267, 19.496614362112552 ], [ 23.984406372188914, 15.721160380031222 ], [ 22.906746053216523, 15.541403910635324 ], [ 21.809448689788724, 12.793664652649909 ], [ 23.64478885898302, 9.863068339112601 ], [ 23.505262491558312, 8.7107355754639 ], [ 25.216889281943281, 7.864068908622016 ], [ 25.190430948904293, 7.50119700134502 ], [ 26.378007039425938, 6.653238424161259 ], [ 26.424825887263296, 6.072395324974423 ], [ 27.123801310257477, 5.768744608867792 ], [ 27.264464558613099, 5.260145161854041 ], [ 27.385800822148724, 5.143847351346665 ], [ 27.402130574296052, 5.104495747996225 ], [ 27.43117272931039, 5.083670145907888 ], [ 27.441301310390372, 5.070776876239961 ], [ 27.443058308712864, 5.0577802529927 ], [ 25.543742716659324, 5.375280252984908 ], [ 22.592449991519004, 4.473707377179267 ], [ 23.512187941184322, 3.816873277192315 ], [ 22.627590773212091, 3.365014553232299 ], [ 23.646908400169309, 2.194930935063439 ], [ 22.289936964616913, 1.505903225099644 ], [ 24.421538120224454, -1.78676401124153 ], [ 21.007121209403522, -2.488788343926615 ], [ 19.689837273851424, -6.190009453967434 ], [ 19.962792189217055, -7.001948750682459 ], [ 21.842418253575545, -7.369884948740776 ], [ 22.237639607767733, -11.249544779530652 ], [ 24.00373335760878, -10.982480977457669 ], [ 24.000632772052484, -13.001479186945517 ], [ 21.979877563563036, -13.001479186945517 ], [ 22.104004353619644, -16.536715596677254 ], [ 23.381652465692241, -17.64114430728182 ], [ 24.684415323986912, -17.492419535242732 ], [ 25.259780721011623, -17.794106546879959 ], [ 20.975081014159173, -18.319345804817544 ], [ 20.984796183275478, -21.963981221414087 ], [ 19.978345987681678, -22.000671488228249 ], [ 19.981653279559396, -28.422346699997604 ], [ 18.166466918782248, -28.901903991554434 ], [ 17.076404256385217, -28.026815287048009 ], [ 16.382974430808815, -28.765004827251914 ], [ 18.075937838924631, -31.795485412282687 ], [ 18.293366988020068, -34.383588774753889 ], [ 20.008885579265666, -34.943689124163029 ], [ 22.503828188596401, -34.173203959423404 ], [ 22.503818334935431, -70.186041122652171 ], [ 20.385951487681211, -70.694077117785412 ], [ 19.267260571108409, -69.98702571005964 ], [ 17.325634437850226, -70.257692847214059 ], [ 16.693962326709709, -69.515649954172488 ], [ 7.538682174659016, -69.966954790009595 ], [ 7.538682174659016, -55.198862006163779 ], [ 2.5, -55.198862006163779 ], [ 2.5, -53.698862006163722 ], [ 7.538682174659016, -53.698862006163722 ], [ 7.538673174696612, -3.957506224884696 ], [ 2.656309170112024, -3.957506224884696 ], [ 2.656309170112024, -0.670708916805552 ], [ 7.538673174659152, -0.68549991681931 ], [ 7.538673174659152, 4.248555064195727 ], [ 5.843001976749122, 4.163028877006639 ], [ 4.394730177282725, 6.123128297459687 ], [ 1.861794645115936, 6.06418739971906 ], [ 1.56603316237539, 6.678146464315205 ], [ 0.78127486164351, 10.693043518137642 ], [ 2.390168904197537, 11.896535950081898 ], [ 0.213195840997344, 14.985417175756311 ], [ 3.8461007078335, 15.685296936340535 ], [ 4.228609659535039, 19.142243550447745 ], [ 3.284894653191486, 18.995740865026107 ], [ 3.198801717103379, 19.820522562704468 ], [ -8.6823852133939, 27.285415751397124 ], [ -8.648847208633015, 28.725947977867861 ], [ -3.646336018930072, 30.959920145845842 ], [ -3.832319498990671, 31.687007548153815 ], [ -1.031999471116194, 32.494400126684923 ], [ -2.216911723348289, 35.319206409410015 ], [ -4.555563343441804, 35.396755583515016 ], [ -7.357319341415803, 36.95766609642925 ], [ -6.97329056819018, 39.013950500773944 ], [ -7.557285929563648, 39.679801331148667 ], [ -6.205947224958834, 41.570280253375756 ], [ -9.16844948900382, 41.865833333333399 ], [ -9.520594605277097, 43.188640370261794 ], [ -7.697355878491919, 44.016698800254062 ], [ -1.801221012483438, 43.629093144970568 ], [ -1.862240925009928, 46.286299978041029 ], [ -4.968460656630043, 47.908441446721554 ], [ -5.416123300928234, 49.212718819735358 ], [ 0.77613870000016, 50.388555199999928 ], [ 4.063577679822856, 52.27367686169066 ], [ 4.729044289291323, 53.436437455124803 ], [ 7.499045174622154, 53.977295567714464 ], [ 7.499045174622154, 57.80392623877168 ], [ 5.250747113441093, 58.478506455058266 ], [ 4.207381690835405, 61.023778989517211 ], [ 4.730441902123175, 62.321717979276173 ], [ 7.516627174638757, 63.584681130945853 ], [ 7.516743446006558, 90.000205823663862 ] ] ] } },
{ "type": "Feature", "properties": { "name": "+6.5", "zone": 6.5, "utc_format": "UTC+06:30", "time_zone": "UTC+06:30" }, "geometry": { "type": "Polygon", "coordinates": [ [ [ 97.513839258454993, -11.259500926667158 ], [ 97.513839258454993, -12.822424737539848 ], [ 96.214365809371657, -12.818996737536622 ], [ 96.214365809371657, -11.259500926667158 ], [ 97.513839258454993, -11.259500926667158 ] ] ] } },
{ "type": "Feature", "properties": { "name": "+6.5", "zone": 6.5, "utc_format": "UTC+06:30", "time_zone": "UTC+06:30" }, "geometry": { "type": "Polygon", "coordinates": [ [ [ 97.589939412393107, 28.494695943407805 ], [ 98.755553019267154, 26.625042623272805 ], [ 97.51645552595312, 23.942829081612786 ], [ 98.865962591499567, 24.145223888555279 ], [ 99.144469848935046, 22.15353261320746 ], [ 101.173855021715553, 21.61191192630065 ], [ 100.099295288343399, 20.317804870835516 ], [ 98.024538208307717, 19.802978414039444 ], [ 97.351401001395857, 18.551168518265456 ], [ 98.902520792746827, 16.381636861188781 ], [ 98.160447224917505, 15.106365865120267 ], [ 99.630021606901948, 11.815765686485179 ], [ 98.061969595445134, 9.488208437909179 ], [ 97.519443100007607, 9.623879843706106 ], [ 97.114759225177238, 16.569543190292109 ], [ 94.266441969032485, 15.67244465841452 ], [ 94.10842348443424, 18.343257916833181 ], [ 92.155691949763025, 20.616966255114846 ], [ 93.309683878793521, 24.063984476678172 ], [ 94.131855916622101, 23.856968689501457 ], [ 95.122803182035398, 26.611606750529859 ], [ 97.119167114323375, 27.087288309863084 ], [ 97.589939412393107, 28.494695943407805 ] ] ] } },
{ "type": "Feature", "properties": { "name": "-12", "zone": -12.0, "utc_format": "UTC-12:00", "time_zone": "UTC-12:00" }, "geometry": { "type": "Polygon", "coordinates": [ [ [ -179.999999664724442, 48.000000296200781 ], [ -172.513456469191283, 48.000897142712049 ], [ -172.50000811387855, 34.998999999777368 ], [ -180.0, 34.998794257134854 ], [ -179.999999664724442, 48.000000296200781 ] ] ] } },
{ "type": "Feature", "properties": { "name": "-12", "zone": -12.0, "utc_format": "UTC-12:00", "time_zone": "UTC-12:00" }, "geometry": { "type": "Polygon", "coordinates": [ [ [ -172.484230146111514, -2.509433509246037 ], [ -179.999971045153075, -2.509433512836324 ], [ -180.0, 24.998991197198961 ], [ -172.483413993000028, 24.998991197198961 ], [ -172.484230146111514, -2.509433509246037 ] ] ] } },
{ "type": "Feature", "properties": { "name": "-9", "zone": -9.0, "utc_format": "UTC-09:00", "time_zone": "UTC-09:00" }, "geometry": { "type": "Polygon", "coordinates": [ [ [ -142.529296965103015, -6.000697721813879 ], [ -142.529254525592989, -7.000973363398884 ], [ -142.529296965103015, -7.000973365822347 ], [ -142.529296965103015, -6.667548151152857 ], [ -142.529296965103015, -6.000697721813879 ] ] ] } },
{ "type": "Feature", "properties": { "name": "-9", "zone": -9.0, "utc_format": "UTC-09:00", "time_zone": "UTC-09:00" }, "geometry": { "type": "Polygon", "coordinates": [ [ [ -127.515098951119739, 89.999999999995509 ], [ -127.515098951119739, 70.734077231746312 ], [ -135.812961029783764, 69.825835006860189 ], [ -136.598284453261158, 69.121112835191411 ], [ -141.005469852748433, 69.658271350269047 ], [ -140.994929159235824, 60.304382222883476 ], [ -139.079464681688819, 60.34102081337852 ], [ -137.486874553101984, 58.900075175351787 ], [ -135.465137492546774, 59.789684957256327 ], [ -131.825592204446536, 56.593342590706982 ], [ -130.0715390631633, 56.084123026902944 ], [ -130.636713656243387, 54.660218658318172 ], [ -133.265317759062441, 54.424508345171262 ], [ -133.447343924604468, 53.733735900400006 ], [ -130.893479837979385, 51.754717514519598 ], [ -131.154695021751593, 54.154591475692825 ], [ -128.594470140925182, 51.994693644734639 ], [ -128.122922915184574, 51.139268817836069 ], [ -128.695916689293597, 50.616052957836018 ], [ -127.507766951112785, 49.810581130208845 ], [ -127.510218835980083, -22.000602353495481 ], [ -133.000022305624611, -22.000602353495481 ], [ -137.000391812061991, -13.000653171442593 ], [ -136.997682199414555, -6.000697721813879 ], [ -142.529296965103015, -6.000697721813879 ], [ -142.537629524893248, 59.866418606533443 ], [ -146.189815891305471, 59.215443401187883 ], [ -155.480523721713553, 55.583412189049227 ], [ -169.356163383382238, 52.567126784734796 ], [ -169.331177074619433, 53.998719794320436 ], [ -174.010240541907336, 59.998663642000508 ], [ -174.006771177734151, 62.928614873211984 ], [ -168.999999989755679, 65.500000144820888 ], [ -168.999999989756134, 68.000000147149194 ], [ -164.06564106934124, 69.253770677483828 ], [ -162.219242252748927, 70.519701679959553 ], [ -156.440545465424464, 71.616239550116575 ], [ -142.440513640776146, 70.227301461335685 ], [ -142.530440964874003, 89.999999999995509 ], [ -127.515098951119739, 89.999999999995509 ] ] ] } },
{ "type": "Feature", "properties": { "name": "-9", "zone": -9.0, "utc_format": "UTC-09:00", "time_zone": "UTC-09:00" }, "geometry": { "type": "Polygon", "coordinates": [ [ [ -127.697117799319471, -73.888111017031463 ], [ -129.055211681020126, -74.619208811183455 ], [ -132.445558134790247, -73.93197535993562 ], [ -133.525143290072265, -74.643245553421707 ], [ -142.529281965102768, -75.236235605554384 ], [ -142.529296965103015, -29.000222210760512 ], [ -140.000372227879666, -29.000016394652562 ], [ -140.000006013536961, -27.000648845550643 ], [ -133.000022305624725, -27.000648845550643 ], [ -133.000022305624725, -26.000558166174642 ], [ -127.507491951112684, -25.999999940395355 ], [ -127.507321357976082, -73.1028587079864 ], [ -128.206458427507982, -73.441548284477562 ], [ -127.697117799319471, -73.888111017031463 ] ] ] } },
{ "type": "Feature", "properties": { "name": "+3", "zone": 3.0, "utc_format": "UTC+03:00", "time_zone": "UTC+03:00" }, "geometry": { "type": "Polygon", "coordinates": [ [ [ 42.896740356249325, 37.324906311556845 ], [ 44.753836303459707, 37.159154155054637 ], [ 45.320210001766384, 35.99408315053347 ], [ 46.319632201953027, 35.816884664281815 ], [ 45.380361368874958, 33.973560486020858 ], [ 46.097010131784202, 32.954320374107965 ], [ 47.410831746480312, 32.395284729101547 ], [ 48.679241928846238, 29.754086696969125 ], [ 49.972787344338997, 29.785898098762232 ], [ 52.510950024534338, 27.166376518494417 ], [ 52.52132821655249, 24.62851282703059 ], [ 51.593522175800558, 24.078324686986093 ], [ 52.55847619616344, 22.938575134647465 ], [ 55.186842895804261, 22.703576558753639 ], [ 55.626712686933729, 22.023773091537635 ], [ 54.978380167488353, 19.995421448181617 ], [ 51.978614949689756, 18.995637512245196 ], [ 53.174904619898825, 16.454560651177019 ], [ 52.52132821655249, 16.174683035138059 ], [ 52.52132821655249, 13.612655096496781 ], [ 55.861736219663442, 13.612655096496781 ], [ 55.861736219663442, 10.628564093717785 ], [ 52.520672216551873, 10.625828093715029 ], [ 52.520791025164385, -7.949755581142142 ], [ 44.851430089666621, -7.942091854588682 ], [ 44.848754192941783, -10.449797940290182 ], [ 45.515917089608593, -10.916541642634115 ], [ 49.432714756701046, -10.283601931833687 ], [ 50.199573632415934, -11.083440496929938 ], [ 52.520810476786551, -11.087114004126931 ], [ 52.521039004334739, -44.972370265294956 ], [ 48.941809723804852, -44.972370265294956 ], [ 48.941809723804852, -46.963262454574703 ], [ 52.521052248944272, -46.963262454574703 ], [ 52.521174414997688, -65.768056005894493 ], [ 48.034602654185505, -66.546045293143038 ], [ 48.119479968794394, -67.376298390492821 ], [ 46.248802866877554, -67.095056324342124 ], [ 39.540863804027026, -68.663071482927307 ], [ 38.651405807036895, -69.588060838893625 ], [ 37.529491202590123, -69.480630293695071 ], [ 37.529491202590123, -17.769980830637508 ], [ 40.742366099901631, -15.588485811623968 ], [ 40.838604736000889, -10.628208911693548 ], [ 37.450664510226773, -11.722590840661496 ], [ 34.96461470540055, -11.573556009826007 ], [ 34.079810831474958, -9.511046244259262 ], [ 30.891891723333401, -8.479171244345537 ], [ 29.321031534715587, -4.836344502856491 ], [ 30.832205444178214, -3.172776794591016 ], [ 30.737534220504813, -1.406683044150441 ], [ 29.548459513339992, -1.002573343979293 ], [ 29.947298217742457, 0.824601948847203 ], [ 31.271455119084465, 2.102999369505653 ], [ 30.909306681467797, 3.496144307849647 ], [ 29.618532755853039, 4.641578267866237 ], [ 27.77244388811647, 4.595818786433369 ], [ 25.216889281943281, 7.864068908622016 ], [ 23.505262491558312, 8.7107355754639 ], [ 23.64478885898302, 9.863068339112601 ], [ 21.809448689788724, 12.793664652649909 ], [ 22.906746053216523, 15.541403910635324 ], [ 23.984406372188914, 15.721160380031222 ], [ 23.981305786006601, 19.995421448221407 ], [ 24.980521280453104, 20.002061869416025 ], [ 24.981244750851317, 21.995351053854449 ], [ 37.514065202575864, 21.957759404710714 ], [ 37.162474587815552, 25.13305442931761 ], [ 35.189495223159383, 27.888457679661144 ], [ 34.454274746111139, 27.871634369409207 ], [ 34.778481462122386, 29.097405009919896 ], [ 37.981381469781127, 30.498811340786006 ], [ 36.959531697419038, 31.490998840541749 ], [ 39.266470987777552, 32.212866923150273 ], [ 38.774511352551258, 33.371685079220981 ], [ 40.965282022890904, 34.401854756811815 ], [ 41.365257608829154, 36.494000956550565 ], [ 42.896740356249325, 37.324906311556845 ] ] ] } },
{ "type": "Feature", "properties": { "name": "+7", "zone": 7.0, "utc_format": "UTC+07:00", "time_zone": "UTC+07:00" }, "geometry": { "type": "Polygon", "coordinates": [ [ [ 83.988806593770107, 60.82688182234233 ], [ 84.691916131624282, 59.904819241115263 ], [ 88.621495396095838, 59.293021959096222 ], [ 88.018121372103678, 58.242646796412714 ], [ 89.377418247754065, 57.916878567392075 ], [ 88.502742954224004, 56.589982815354688 ], [ 89.449041782552399, 55.861965237006132 ], [ 88.392775506484554, 55.267789618296433 ], [ 89.234687941195546, 52.804322414947535 ], [ 87.910014276337847, 51.490294094397029 ], [ 88.961939731733366, 51.433605048634149 ], [ 89.632699822879147, 49.908116766863941 ], [ 92.361488309045399, 50.868300215531121 ], [ 95.479158219281771, 49.893002930478133 ], [ 95.521746046941246, 48.858465074247533 ], [ 93.190828891983813, 48.088537909530771 ], [ 94.26600874224863, 46.864891669291637 ], [ 93.07600385943141, 45.005418606133048 ], [ 90.874195233516218, 45.18618357373424 ], [ 90.345752036899455, 47.658642476739146 ], [ 86.758920939331688, 49.778616435080892 ], [ 85.223614135940124, 49.595733541199877 ], [ 83.433955932807976, 50.992650858913805 ], [ 80.021296020684872, 50.766876526230703 ], [ 76.495206339681317, 53.992312724160115 ], [ 76.895905395672344, 54.463860168823544 ], [ 73.410950154773047, 53.430021464392325 ], [ 73.740645792795249, 54.057941793170926 ], [ 71.161268351378567, 54.101970113483503 ], [ 70.441157267384938, 55.28334503213398 ], [ 71.67327924997079, 56.837771308003312 ], [ 70.432011346319996, 57.383784491599329 ], [ 70.864646437467457, 58.534618638739289 ], [ 74.206251255189215, 58.133557847722216 ], [ 76.64548221223032, 59.585097154368611 ], [ 77.117598097648795, 60.855303860102822 ], [ 83.988806593770107, 60.82688182234233 ] ] ] } },
{ "type": "Feature", "properties": { "name": "-3", "zone": -3.0, "utc_format": "UTC-03:00", "time_zone": "UTC-03:00" }, "geometry": { "type": "Polygon", "coordinates": [ [ [ -56.255538689339687, 47.305045080422076 ], [ -56.404924203602832, 46.306412350652238 ], [ -57.097629102389476, 46.983709369211454 ], [ -56.255538689339687, 47.305045080422076 ] ] ] } },
{ "type": "Feature", "properties": { "name": "-3", "zone": -3.0, "utc_format": "UTC-03:00", "time_zone": "UTC-03:00" }, "geometry": { "type": "Polygon", "coordinates": [ [ [ -37.549198234506207, 89.999999999995509 ], [ -37.538291774506376, 83.719719594315222 ], [ -24.607237871650227, 83.459452722234403 ], [ -19.748715034755719, 82.606978740147497 ], [ -20.846329436259623, 82.271364801998914 ], [ -10.011670442999957, 81.481209105026323 ], [ -17.10020157362419, 79.588751972739658 ], [ -22.730351130677093, 79.639452528544211 ], [ -22.920703174599396, 75.951381677551581 ], [ -16.520380237740767, 75.151600167418565 ], [ -19.47189979481908, 74.03797297429719 ], [ -21.78502412832006, 72.11361216816556 ], [ -24.392416448980384, 72.514867266976864 ], [ -24.567656410609629, 70.576919456019482 ], [ -21.504072715192024, 70.057053931935002 ], [ -26.137649882348569, 68.475990722228005 ], [ -31.499007726759032, 67.866398034780218 ], [ -37.530975672877673, 65.367587752471309 ], [ -37.54919023450617, -4.367048987987687 ], [ -35.244734795128352, -5.102577568609661 ], [ -34.593546193316172, -7.641509144774147 ], [ -37.549007437620048, -12.266213570510672 ], [ -37.549098234505948, -52.088134964691847 ], [ -45.038813484343677, -52.088134964691847 ], [ -45.038813484343677, -54.9338719673421 ], [ -37.549110234506031, -54.9338719673421 ], [ -37.549163455241853, -78.176655318195174 ], [ -42.949590103670062, -78.13124671761534 ], [ -52.532694725829515, -77.018598482700611 ], [ -52.561813724463946, -33.37660861042292 ], [ -54.89280946772908, -35.177947000075619 ], [ -57.582837797655259, -34.675055657835571 ], [ -56.409598656853404, -36.623608272387173 ], [ -57.413196408453416, -38.304227948007394 ], [ -61.55401948595221, -39.240800538917313 ], [ -62.628441878704052, -41.232667100967205 ], [ -64.852337587865179, -41.060651807059742 ], [ -64.774205593277827, -41.97445023232774 ], [ -63.581031941517779, -41.929219795552171 ], [ -63.337991788471072, -42.78337556229485 ], [ -64.993037411086164, -43.671036150741088 ], [ -65.384041284301361, -45.14619424173884 ], [ -67.277187800034767, -46.04176001347912 ], [ -65.547660884832112, -47.066214776659535 ], [ -65.487756031429797, -47.999325670304813 ], [ -68.846739486344063, -50.974756821049255 ], [ -67.683988011985548, -53.495397945815228 ], [ -63.590769977435627, -54.895182026729458 ], [ -68.669482078198541, -54.913494567942109 ], [ -68.459985821687269, -52.299907328348354 ], [ -71.970727602300201, -51.970625101784549 ], [ -73.593522605561986, -49.540540873259147 ], [ -71.692656720137791, -46.690068868039418 ], [ -71.322653464927839, -45.267209981315034 ], [ -72.094234275477618, -44.782795105010962 ], [ -71.127884991619794, -44.549424336780874 ], [ -71.866082826909121, -44.377135111519806 ], [ -71.961064109461745, -40.720355733249903 ], [ -69.834372214921814, -34.233309834786496 ], [ -70.57445623999007, -31.304237976050842 ], [ -69.658517315832626, -28.397852071091279 ], [ -68.335962384186701, -27.044963073689985 ], [ -68.509181785229146, -24.612346699982368 ], [ -67.367856101630935, -24.030366719511335 ], [ -66.245495668683645, -21.792415466247121 ], [ -64.330780499405023, -22.871936136824331 ], [ -63.953077455783784, -22.007596130310503 ], [ -62.824050763070943, -22.000878194112488 ], [ -61.01183579724335, -23.805470886177091 ], [ -57.759553692738223, -25.180890808057541 ], [ -58.609682680371805, -27.316264343222372 ], [ -55.612966371766049, -27.3455132038996 ], [ -53.973634102726635, -23.443788344010386 ], [ -50.999448718600149, -20.101666761965816 ], [ -53.248820463400875, -17.563268731356686 ], [ -51.105747139824643, -14.887876478741873 ], [ -50.261791246345638, -9.844163925348937 ], [ -56.472964750557253, -9.475390313711955 ], [ -57.596617094437761, -8.744892266664635 ], [ -58.476873442090209, -6.72284514698589 ], [ -56.317418689355634, -2.235832208089903 ], [ -58.743859729377505, -0.65246632276245 ], [ -58.977514717964368, 1.312374986316684 ], [ -56.487305767928376, 1.941613871412869 ], [ -58.073177960317651, 4.151143086916534 ], [ -56.962430875114364, 6.216732524556335 ], [ -52.537545296994381, 5.364534004367044 ], [ -52.535284801924035, 64.2609265792168 ], [ -54.505284723707575, 67.05710388981629 ], [ -53.513756114770558, 69.02536875111872 ], [ -55.593198290356838, 69.671381111874041 ], [ -55.638461556462801, 70.539502132532789 ], [ -54.544836580913454, 71.010265820155894 ], [ -56.548072895788835, 71.625268539220883 ], [ -56.932236133770573, 72.718680869748482 ], [ -56.265929973530376, 73.242750500470549 ], [ -59.489806551192942, 75.522720510222939 ], [ -63.605681501777383, 75.952916226546506 ], [ -66.648885192438001, 79.353558476700925 ], [ -66.213557494838483, 79.769370334476889 ], [ -68.710657867525356, 80.180838832796553 ], [ -59.537916515944346, 82.30293369749927 ], [ -52.558190418709842, 82.588062184883654 ], [ -52.542938248579105, 89.999999999995509 ], [ -37.549198234506207, 89.999999999995509 ] ] ] } },
{ "type": "Feature", "properties": { "name": "+12", "zone": 12.0, "utc_format": "UTC+12:00", "time_zone": "UTC+12:00" }, "geometry": { "type": "Polygon", "coordinates": [ [ [ -177.011484510131368, -20.022857641933967 ], [ -179.999971045153529, -26.000558166174642 ], [ -172.499982688035715, -26.000151261349458 ], [ -172.499982688035715, -45.000002407299064 ], [ -180.0, -50.990153350214371 ], [ -179.999971045153075, -2.509433512836324 ], [ -178.053044038343046, -2.509433511906252 ], [ -178.051412359994004, -7.666655781446252 ], [ -174.410680110332521, -12.474780749151989 ], [ -174.416880901809606, -14.999999930150807 ], [ -177.011484510131368, -14.999999930150807 ], [ -177.011484510131368, -20.022857641933967 ] ], [ [ -177.499999999999829, -45.0 ], [ -175.000036180703574, -45.000353692404076 ], [ -175.000036180703574, -43.000320733411684 ], [ -177.499999999999829, -43.0 ], [ -177.499999999999829, -45.0 ] ] ] } },
{ "type": "Feature", "properties": { "name": "+12", "zone": 12.0, "utc_format": "UTC+12:00", "time_zone": "UTC+12:00" }, "geometry": { "type": "MultiPolygon", "coordinates": [ [ [ [ 179.988510995498473, -89.999998612026559 ], [ 179.988510995498473, -89.999999999998579 ], [ 179.988455668842107, -89.999999999998579 ], [ 179.988510995498473, -89.999998612026559 ] ] ], [ [ [ 179.988510995498473, -89.999998612026559 ], [ 179.988512750717518, -88.091970494862665 ], [ 179.988515822350223, -84.75292128982602 ], [ 179.988515822350223, -89.999998612026559 ], [ 179.988510995498473, -89.999998612026559 ] ] ], [ [ [ 179.988515822350223, -84.75292128982602 ], [ 179.979788791097576, -77.862893445140685 ], [ 172.507285246980814, -77.586134054617844 ], [ 172.518814328308736, -54.520427966957072 ], [ 165.048034321351224, -54.520427966957072 ], [ 165.065643321367702, -43.913318957078445 ], [ 172.501205328292372, -32.249019946215185 ], [ 172.501480328292587, -2.35570891837483 ], [ 163.997169005808928, -2.353969663679322 ], [ 163.988468974673765, 8.050357464756644 ], [ 160.558569998188091, 8.050357464756644 ], [ 160.573349317183784, 20.859728103246141 ], [ 172.500152328291392, 20.860054103246512 ], [ 172.52131954570973, 51.776161592465087 ], [ 180.0, 48.000000298063242 ], [ 179.988515822350223, -84.75292128982602 ] ], [ [ 179.988515822350223, -46.504500959491679 ], [ 179.988515487074665, -43.000964956228643 ], [ 179.988515487074665, -46.504500959491679 ], [ 179.988515822350223, -46.504500959491679 ] ] ] ] } },
{ "type": "Feature", "properties": { "name": "-11", "zone": -11.0, "utc_format": "UTC-11:00", "time_zone": "UTC-11:00" }, "geometry": { "type": "Polygon", "coordinates": [ [ [ -157.506347979051469, -76.888801473705826 ], [ -157.506347979051384, -89.999932549847244 ], [ -172.538302735538622, -89.999999999998579 ], [ -172.53872849364808, -78.367264772775229 ], [ -164.208065524194751, -78.629418502583235 ], [ -159.317684295480234, -77.997041619559752 ], [ -159.098710796567644, -77.028928253130573 ], [ -157.506347979051469, -76.888801473705826 ] ] ] } },
{ "type": "Feature", "properties": { "name": "-10", "zone": -10.0, "utc_format": "UTC-10:00", "time_zone": "UTC-10:00" }, "geometry": { "type": "Polygon", "coordinates": [ [ [ -142.529281965102768, -75.236235605554384 ], [ -142.529281965102484, -89.999999999995509 ], [ -157.506347979051384, -89.999999999995509 ], [ -157.506347979051469, -76.888801473705826 ], [ -152.079903052767008, -77.114759844037906 ], [ -146.58732560367315, -75.385494558346068 ], [ -142.529281965102768, -75.236235605554384 ] ] ] } },
{ "type": "Feature", "properties": { "name": "-12", "zone": -12.0, "utc_format": "UTC-12:00", "time_zone": "UTC-12:00" }, "geometry": { "type": "Polygon", "coordinates": [ [ [ -179.558728411353542, -89.999999999998579 ], [ -180.0, -77.96600329114716 ], [ -172.53872849364808, -78.367264772775229 ], [ -172.538302735538622, -89.999999999998579 ], [ -179.558728411353542, -89.999999999998579 ] ] ] } },
{ "type": "Feature", "properties": { "name": "-7", "zone": -7.0, "utc_format": "UTC-07:00", "time_zone": "UTC-07:00" }, "geometry": { "type": "Polygon", "coordinates": [ [ [ -97.537090837026994, -71.680116041630868 ], [ -97.548247923210567, -89.999999999995509 ], [ -112.503341937138373, -89.999999999995509 ], [ -112.503004520163302, -74.110697416178709 ], [ -110.132935269245536, -74.071844048995729 ], [ -109.630492874572383, -74.924909883171495 ], [ -107.533541960028401, -75.107512842344363 ], [ -101.461237729629147, -74.880193842880317 ], [ -103.598894650671866, -73.970945271180767 ], [ -103.591666451966262, -73.361456228916211 ], [ -105.863361544827228, -72.987843623969582 ], [ -102.700620466058524, -72.510514920654941 ], [ -102.377697043598005, -71.787645561237639 ], [ -97.537090837026994, -71.680116041630868 ] ] ] } },
{ "type": "Feature", "properties": { "name": "-6", "zone": -6.0, "utc_format": "UTC-06:00", "time_zone": "UTC-06:00" }, "geometry": { "type": "Polygon", "coordinates": [ [ [ -97.537090837026994, -71.680116041630868 ], [ -82.493377802187638, -73.538059652932645 ], [ -82.491687495166275, -89.999932549847244 ], [ -97.548247923210567, -89.999999999995509 ], [ -97.537090837026994, -71.680116041630868 ] ] ] } },
{ "type": "Feature", "properties": { "name": "-5", "zone": -5.0, "utc_format": "UTC-05:00", "time_zone": "UTC-05:00" }, "geometry": { "type": "MultiPolygon", "coordinates": [ [ [ [ -67.492766895219404, -66.503406771343577 ], [ -68.311450367201928, -66.503406771343577 ], [ -67.492766895219404, -66.099408280632133 ], [ -67.492766895219404, -66.503406771343577 ] ] ], [ [ [ -69.14846455363778, -69.211266095681424 ], [ -67.492766895219404, -68.626144435656386 ], [ -67.492766895219404, -90.0 ], [ -82.491687495166275, -89.999932549847244 ], [ -82.493377802187581, -73.538059652932645 ], [ -80.745910139567002, -72.757056527108034 ], [ -77.832736755659937, -73.274690302017746 ], [ -75.819015626245346, -72.648820571444162 ], [ -75.99466616032754, -71.340317971709737 ], [ -77.186270135132759, -70.947995606581458 ], [ -75.16586431143935, -70.385168526182781 ], [ -76.369759336779794, -70.151383077526475 ], [ -75.895091677045627, -69.630109193829071 ], [ -73.965898594199757, -69.77841574298634 ], [ -70.501237469600994, -68.572415200143837 ], [ -69.14846455363778, -69.211266095681424 ] ] ] ] } },
{ "type": "Feature", "properties": { "name": "-4", "zone": -4.0, "utc_format": "UTC-04:00", "time_zone": "UTC-04:00" }, "geometry": { "type": "Polygon", "coordinates": [ [ [ -58.018232049073845, -61.69567837656399 ], [ -57.152021565392431, -62.064292213398517 ], [ -60.408518495888302, -63.21172078474882 ], [ -61.918331101430169, -63.006700781411666 ], [ -61.410102860466054, -63.539940697179873 ], [ -56.492027924614263, -62.766877350962488 ], [ -54.577440000695447, -63.286709076640875 ], [ -56.408270100794937, -63.806232340965778 ], [ -56.405416012070532, -63.146516100267888 ], [ -57.362755283373531, -63.146516100267888 ], [ -57.368254603747346, -64.417671734806504 ], [ -56.150652331563208, -64.331681384751676 ], [ -59.32516779677195, -64.760408330584312 ], [ -59.253855271766554, -65.430674140476413 ], [ -61.081559938173029, -65.225688404172899 ], [ -60.229761996109119, -66.214663862784903 ], [ -64.163697682209431, -67.19968013566654 ], [ -64.435637337435651, -68.330565489251228 ], [ -62.414725062467255, -68.293757394915474 ], [ -62.602088485980346, -68.883947497285874 ], [ -60.512435082207276, -69.869021405035141 ], [ -61.273207275484765, -70.284285889951889 ], [ -59.824488350914692, -70.51032043414051 ], [ -60.425388482140249, -71.484258436468167 ], [ -59.252871676942391, -73.271606205362161 ], [ -61.351160613171885, -75.028553993294679 ], [ -52.532694725829515, -77.018598482700611 ], [ -52.532249248459948, -89.999999999995509 ], [ -67.492766895219233, -89.999999999995509 ], [ -67.492766895219404, -68.626144435656386 ], [ -66.193279093972421, -68.626144435656386 ], [ -66.193279093972421, -66.503406771343577 ], [ -67.492766895219404, -66.099408280632133 ], [ -64.616220340558584, -65.417504579378942 ], [ -64.623729669360841, -64.487004585795376 ], [ -62.27019522029957, -63.682324129844631 ], [ -62.857271013026207, -62.778921844336821 ], [ -58.018232049073845, -61.69567837656399 ] ], [ [ -58.290921059442098, -61.861071728954528 ], [ -58.714826254479817, -62.378820472273219 ], [ -58.290921059442098, -62.378820472273219 ], [ -58.290921059442098, -61.861071728954528 ] ] ] } },
{ "type": "Feature", "properties": { "name": "-2", "zone": -2.0, "utc_format": "UTC-02:00", "time_zone": "UTC-02:00" }, "geometry": { "type": "Polygon", "coordinates": [ [ [ -22.516822046691289, -75.432179214934422 ], [ -22.513869853329538, -90.0 ], [ -37.549190234360594, -89.999932549847244 ], [ -37.549166927778799, -79.760580537186513 ], [ -33.624737599451578, -79.760580556795617 ], [ -33.625450084246438, -77.042699615320316 ], [ -28.0, -76.025665091030589 ], [ -28.0, -77.154664570232683 ], [ -25.0, -77.153138456192835 ], [ -24.516788338677713, -75.56021431160633 ], [ -22.516822046691289, -75.432179214934422 ] ] ] } },
{ "type": "Feature", "properties": { "name": "-1", "zone": -1.0, "utc_format": "UTC-01:00", "time_zone": "UTC-01:00" }, "geometry": { "type": "Polygon", "coordinates": [ [ [ -9.768699455227534, -70.727352651259139 ], [ -9.768699455227534, -71.95176550925629 ], [ -7.528741656492343, -71.95176550925629 ], [ -7.535555839379981, -90.0 ], [ -22.513869853329538, -90.0 ], [ -22.516822046691289, -75.432179214934422 ], [ -19.674458611957562, -75.316813087837716 ], [ -16.813607493102779, -74.085752771966781 ], [ -17.286211567790133, -73.445937157460207 ], [ -16.159746870920571, -72.937867447991778 ], [ -17.039646037720217, -72.351131747309125 ], [ -13.527117817709552, -72.581942113117805 ], [ -13.020290214208501, -72.413163648500586 ], [ -13.595090414621779, -71.962679502791502 ], [ -12.577817856313686, -71.80229052304702 ], [ -12.867768728790622, -71.226480426483533 ], [ -9.768699455227534, -70.727352651259139 ] ] ] } },
{ "type": "Feature", "properties": { "name": "-8", "zone": -8.0, "utc_format": "UTC-08:00", "time_zone": "UTC-08:00" }, "geometry": { "type": "Polygon", "coordinates": [ [ [ -127.507321357976082, -73.1028587079864 ], [ -112.503004520163302, -74.110697416178709 ], [ -112.503341937138373, -89.999999999995509 ], [ -127.507255951111802, -89.999999999995509 ], [ -127.507321357976082, -73.1028587079864 ] ] ] } },
{ "type": "Feature", "properties": { "name": "+10", "zone": 10.0, "utc_format": "UTC+10:00", "time_zone": "UTC+10:00" }, "geometry": { "type": "Polygon", "coordinates": [ [ [ 139.663560870511901, -66.462318648542237 ], [ 144.811499153327645, -66.909534730785026 ], [ 144.604748105243971, -67.564333854816539 ], [ 147.480958238687435, -68.202290352883551 ], [ 153.086914974192041, -68.638454269730573 ], [ 153.851095734055662, -68.110699695556548 ], [ 157.517593314337887, -69.033713986102157 ], [ 157.517593314338001, -90.0 ], [ 142.502258300353674, -90.0 ], [ 142.502258300353674, -67.738057699922365 ], [ 139.663610049511817, -67.738057699922365 ], [ 139.663560870511901, -66.462318648542237 ] ] ] } },
{ "type": "Feature", "properties": { "name": "+11", "zone": 11.0, "utc_format": "UTC+11:00", "time_zone": "UTC+11:00" }, "geometry": { "type": "Polygon", "coordinates": [ [ [ 157.517593314337887, -69.033713986102157 ], [ 167.009134925947137, -70.473681845403121 ], [ 171.508545701343223, -71.783951772673731 ], [ 170.176724361756442, -73.764056317686482 ], [ 161.860087432348109, -73.28632938117471 ], [ 161.859167757141222, -79.863343508902119 ], [ 172.507730799329465, -79.841102256748798 ], [ 172.501083328292566, -89.999999999998579 ], [ 157.517593314338001, -90.0 ], [ 157.517593314337887, -69.033713986102157 ] ] ] } },
{ "type": "Feature", "properties": { "name": "+4", "zone": 4.0, "utc_format": "UTC+04:00", "time_zone": "UTC+04:00" }, "geometry": { "type": "Polygon", "coordinates": [ [ [ 55.412335270901394, -65.756642532955652 ], [ 62.026910015555643, -67.362953487387131 ], [ 62.030440983597316, -69.498848739158859 ], [ 67.511699886417205, -69.498848702852513 ], [ 67.511703230513206, -90.0 ], [ 52.52132821655249, -90.0 ], [ 52.521174414997688, -65.768056005894493 ], [ 55.412335270901394, -65.756642532955652 ] ] ] } },
{ "type": "Feature", "properties": { "name": "+8", "zone": 8.0, "utc_format": "UTC+08:00", "time_zone": "UTC+08:00" }, "geometry": { "type": "Polygon", "coordinates": [ [ [ 112.500412272412404, -65.685467041334789 ], [ 116.106878061317502, -66.940752044445389 ], [ 125.925505071885027, -66.145346026252355 ], [ 127.508909070791674, -66.786918753734142 ], [ 127.508909070791674, -90.0 ], [ 112.501364056814964, -90.0 ], [ 112.500831916980587, -67.339298898100253 ], [ 110.124796304972904, -67.336130770769444 ], [ 110.087117572747445, -66.302350853066798 ], [ 112.500412272412404, -65.685467041334789 ] ], [ [ 121.639195036132151, -73.798163528353882 ], [ 121.639195036132151, -75.92090119266669 ], [ 125.499717938587196, -75.92090119266669 ], [ 125.499717938587196, -73.798163528353882 ], [ 121.639195036132151, -73.798163528353882 ] ] ] } },
{ "type": "Feature", "properties": { "name": "+9", "zone": 9.0, "utc_format": "UTC+09:00", "time_zone": "UTC+09:00" }, "geometry": { "type": "Polygon", "coordinates": [ [ [ 134.06433565118914, -65.995521636892875 ], [ 139.663560870511901, -66.462318648542237 ], [ 139.663610049511817, -67.738057699922365 ], [ 142.502258300353674, -67.738057699922365 ], [ 142.502258300353674, -90.0 ], [ 127.508909070791674, -90.0 ], [ 127.508909070791674, -66.786918753734142 ], [ 134.06433565118914, -65.995521636892875 ] ] ] } },
{ "type": "Feature", "properties": { "name": "+2", "zone": 2.0, "utc_format": "UTC+02:00", "time_zone": "UTC+02:00" }, "geometry": { "type": "Polygon", "coordinates": [ [ [ 33.20348567027969, -68.463463821723792 ], [ 37.529491202590123, -69.480630293695071 ], [ 37.529491202590123, -89.9989420311814 ], [ 22.503818188596654, -89.9989420311814 ], [ 22.503818334935431, -70.186041122652171 ], [ 31.847056813601171, -69.926173331911457 ], [ 32.407150877565186, -69.534050614778494 ], [ 31.975769668094983, -68.829821353612317 ], [ 33.20348567027969, -68.463463821723792 ] ] ] } },
{ "type": "Feature", "properties": { "name": "+5", "zone": 5.0, "utc_format": "UTC+05:00", "time_zone": "UTC+05:00" }, "geometry": { "type": "Polygon", "coordinates": [ [ [ 62.026910015555643, -67.362953487387131 ], [ 69.887198593342703, -67.59378349187989 ], [ 71.073101041304142, -68.693857303370976 ], [ 74.945183234151614, -69.659842154212072 ], [ 78.984041269165573, -69.19375756149924 ], [ 78.972862521331706, -67.972908438500724 ], [ 82.507894474653426, -67.42845004574167 ], [ 82.508484244480144, -90.0 ], [ 67.511703230513206, -90.0 ], [ 67.511699886417034, -69.498848702852513 ], [ 62.030440983597316, -69.498848739158859 ], [ 62.026910015555643, -67.362953487387131 ] ] ] } },
{ "type": "Feature", "properties": { "name": "+6", "zone": 6.0, "utc_format": "UTC+06:00", "time_zone": "UTC+06:00" }, "geometry": { "type": "Polygon", "coordinates": [ [ [ 97.513839258454993, -66.201265134291077 ], [ 97.513839258454993, -90.0 ], [ 82.508484244480144, -90.0 ], [ 82.507894474653426, -67.42845004574167 ], [ 85.011827163662019, -66.344732421281151 ], [ 97.513839258454993, -66.201265134291077 ] ] ] } },
{ "type": "Feature", "properties": { "name": "+7", "zone": 7.0, "utc_format": "UTC+07:00", "time_zone": "UTC+07:00" }, "geometry": { "type": "Polygon", "coordinates": [ [ [ 103.40652400836484, -65.632635078927137 ], [ 112.500412272412404, -67.339298338560013 ], [ 112.500412272412404, -90.0 ], [ 97.513839258454993, -90.0 ], [ 97.513839258454993, -66.201265134291077 ], [ 99.720877944476968, -66.349666949303355 ], [ 100.723304627296443, -65.213016681823888 ], [ 102.90274491115872, -65.707972700317782 ], [ 102.802105966301212, -64.966883683683534 ], [ 103.40652400836484, -65.632635078927137 ] ], [ [ 104.869772279772576, -77.40491532864354 ], [ 104.869772279772576, -79.527652992956348 ], [ 108.730295182227451, -79.527652992956348 ], [ 108.730295182227451, -77.40491532864354 ], [ 104.869772279772576, -77.40491532864354 ] ] ] } },
{ "type": "Feature", "properties": { "name": "0", "zone": 0.0, "utc_format": "UTC±00:00", "time_zone": "UTC±00:00" }, "geometry": { "type": "Polygon", "coordinates": [ [ [ 2.074092243703262, -70.388102363281462 ], [ 12.887793721458877, -69.8384969653589 ], [ 12.889506205012935, -71.877721230461646 ], [ 7.538682174659016, -71.871487034313986 ], [ 7.538682174659016, -90.0 ], [ -7.535555839379981, -90.0 ], [ -7.528220972802558, -70.574295430455436 ], [ -5.691341560174749, -70.222174069190544 ], [ -4.306177981588633, -71.113248929620795 ], [ -2.694719587771488, -70.079488851091014 ], [ -1.464237500547483, -70.771432337299416 ], [ -1.889774561861202, -71.202708002334589 ], [ -0.255426611003088, -71.208631253802821 ], [ 1.449924568244512, -70.836283236800568 ], [ 0.327717210738058, -70.202388866753267 ], [ 0.923985172960613, -69.834473479288363 ], [ 2.074092243703262, -70.388102363281462 ] ] ] } },
{ "type": "Feature", "properties": { "name": "+1", "zone": 1.0, "utc_format": "UTC+01:00", "time_zone": "UTC+01:00" }, "geometry": { "type": "Polygon", "coordinates": [ [ [ 12.887793721458877, -69.8384969653589 ], [ 19.493964709251543, -70.028995580723915 ], [ 20.076409720236427, -70.704083339626209 ], [ 22.503818334935431, -70.186041122652171 ], [ 22.503818188596654, -89.999932549847244 ], [ 7.538682174659016, -89.999932549847244 ], [ 7.538682174659016, -71.871487034313986 ], [ 12.889506205012935, -71.877721230461646 ], [ 12.887793721458877, -69.8384969653589 ] ] ] } },
{ "type": "Feature", "properties": { "name": "-9", "zone": -9.0, "utc_format": "UTC-09:00", "time_zone": "UTC-09:00" }, "geometry": { "type": "Polygon", "coordinates": [ [ [ -127.507321357976082, -73.1028587079864 ], [ -127.507255951111972, -89.999999999998579 ], [ -142.529281965102768, -89.999999999998579 ], [ -142.529281965102768, -75.236235605554384 ], [ -133.525143290072265, -74.643245553421707 ], [ -132.445558134790247, -73.93197535993562 ], [ -129.055211681020126, -74.619208811183455 ], [ -127.692227368395947, -74.133454969803097 ], [ -128.206458427507982, -73.441548284477562 ], [ -127.507321357976082, -73.1028587079864 ] ] ] } },
{ "type": "Feature", "properties": { "name": "+3", "zone": 3.0, "utc_format": "UTC+03:00", "time_zone": "UTC+03:00" }, "geometry": { "type": "Polygon", "coordinates": [ [ [ 52.521174414997688, -65.768056005894493 ], [ 52.52132821655249, -90.0 ], [ 37.529491202590123, -90.0 ], [ 37.529491202590123, -69.480630293695071 ], [ 46.136634860293043, -67.11674032206156 ], [ 48.119479968794394, -67.376298390492821 ], [ 48.174115810210253, -66.514163195944377 ], [ 52.521174414997688, -65.768056005894493 ] ] ] } },
{ "type": "Feature", "properties": { "name": "-3", "zone": -3.0, "utc_format": "UTC-03:00", "time_zone": "UTC-03:00" }, "geometry": { "type": "Polygon", "coordinates": [ [ [ -37.848562764137625, -78.169681565094152 ], [ -33.625452967351521, -77.031701575411375 ], [ -33.624737599451578, -79.760580556795617 ], [ -37.549166951975792, -79.760580537186513 ], [ -37.549190234506113, -89.989001359247709 ], [ -52.532249248459948, -89.989001359247709 ], [ -52.532694725829515, -77.007599841952867 ], [ -37.848562764137625, -78.169681565094152 ] ] ] } },
{ "type": "Feature", "properties": { "name": "+12", "zone": 12.0, "utc_format": "UTC+12:00", "time_zone": "UTC+12:00" }, "geometry": { "type": "Polygon", "coordinates": [ [ [ 165.989243070792782, -74.734319187040569 ], [ 163.177062910606537, -75.327707219330591 ], [ 164.613072155953773, -77.591833317683609 ], [ 165.743280243624326, -77.825835012232915 ], [ 165.625944394214343, -77.1868364782149 ], [ 166.942183537791152, -76.746157588749554 ], [ 179.979788791097576, -77.862893445140685 ], [ 179.988510995498473, -89.999998612026559 ], [ 172.501083328292566, -89.999999999998579 ], [ 172.506156587365467, -79.841520537669282 ], [ 161.860087432348109, -79.863516548320035 ], [ 161.860087432348109, -73.28632938117471 ], [ 166.149557323964586, -73.28632938117471 ], [ 165.989243070792782, -74.734319187040569 ] ] ] } },
{ "type": "Feature", "properties": { "name": "+10", "zone": 10.0, "utc_format": "UTC+10:00", "time_zone": "UTC+10:00" }, "geometry": { "type": "Polygon", "coordinates": [ [ [ 125.499717938587196, -75.92090119266669 ], [ 121.639195036132151, -75.92090119266669 ], [ 121.639195036132151, -73.798163528353882 ], [ 125.499717938587196, -73.798163528353882 ], [ 125.499717938587196, -75.92090119266669 ] ] ] } },
{ "type": "Feature", "properties": { "name": "+6", "zone": 6.0, "utc_format": "UTC+06:00", "time_zone": "UTC+06:00" }, "geometry": { "type": "Polygon", "coordinates": [ [ [ 108.730295182227522, -79.527652992956405 ], [ 104.869772279772477, -79.527652992956405 ], [ 104.869772279772477, -77.404915328643597 ], [ 108.730295182227522, -77.404915328643597 ], [ 108.730295182227522, -79.527652992956405 ] ] ] } },
{ "type": "Feature", "properties": { "name": "+7", "zone": 7.0, "utc_format": "UTC+07:00", "time_zone": "UTC+07:00" }, "geometry": { "type": "Polygon", "coordinates": [ [ [ 77.383336593907529, -69.19375756149924 ], [ 78.081399083064923, -68.308829138637407 ], [ 78.984041269165573, -67.972908438500724 ], [ 78.984041269165573, -69.19375756149924 ], [ 77.383336593907529, -69.19375756149924 ] ] ] } },
{ "type": "Feature", "properties": { "name": "+1", "zone": 6.0, "utc_format": "UTC+01:00", "time_zone": "UTC+01:00" }, "geometry": { "type": "Polygon", "coordinates": [ [ [ -9.768699455227534, -71.95176550925629 ], [ -9.768699455227534, -70.727352651259139 ], [ -7.528220972802558, -70.574295430455436 ], [ -7.528741656492343, -71.95176550925629 ], [ -9.768699455227534, -71.95176550925629 ] ] ] } },
{ "type": "Feature", "properties": { "name": "0", "zone": 0.0, "utc_format": "UTC±00:00", "time_zone": "UTC±00:00" }, "geometry": { "type": "Polygon", "coordinates": [ [ [ -28.0, -76.799999999999329 ], [ -28.0, -76.02330316743388 ], [ -25.0, -75.618832534300793 ], [ -25.0, -77.153138456192835 ], [ -28.0, -76.799999999999329 ] ] ] } },
{ "type": "Feature", "properties": { "name": "-3", "zone": -3.0, "utc_format": "UTC-03:00", "time_zone": "UTC-03:00" }, "geometry": { "type": "Polygon", "coordinates": [ [ [ -68.311450367201928, -66.503406771343577 ], [ -66.193279093972421, -66.503406771343577 ], [ -66.193279093972421, -68.626144435656386 ], [ -69.717207738600791, -67.606665378901084 ], [ -68.311450367201928, -66.503406771343577 ] ] ] } },
{ "type": "Feature", "properties": { "name": "-3", "zone": -3.0, "utc_format": "UTC-03:00", "time_zone": "UTC-03:00" }, "geometry": { "type": "Polygon", "coordinates": [ [ [ -58.290921059442098, -62.378820472273219 ], [ -58.714826254479817, -61.861071728954528 ], [ -58.290921059442098, -61.861071728954528 ], [ -58.290921059442098, -62.378820472273219 ] ] ] } },
{ "type": "Feature", "properties": { "name": "-3", "zone": -3.0, "utc_format": "UTC-03:00", "time_zone": "UTC-03:00" }, "geometry": { "type": "Polygon", "coordinates": [ [ [ -56.410915332444461, -64.417671734806504 ], [ -57.368254603747346, -64.417671734806504 ], [ -57.362755283373531, -63.146516100267888 ], [ -56.405416012070532, -63.146516100267888 ], [ -56.410915332444461, -64.417671734806504 ] ] ] } },
{ "type": "Feature", "properties": { "name": "+12", "zone": 12.0, "utc_format": "UTC-12:00", "time_zone": "UTC-12:00" }, "geometry": { "type": "Polygon", "coordinates": [ [ [ -179.999999664723788, 74.999999940310602 ], [ -168.994209831433466, 68.002372306527491 ], [ -168.999999989755679, 65.500000144820888 ], [ -179.998410798232612, 59.502804971442288 ], [ -179.999999664723788, 74.999999940310602 ] ] ] } }
]
}
